﻿时间,炉号,预警/报警类型,预警/报警事件
2025-05-23 00:00:00,1,预警,焚烧炉出口氧含量偏高
2025-05-23 00:02:00,1,预警,焚烧炉出口氧含量偏高
2025-05-23 00:04:00,1,预警,焚烧炉出口氧含量偏高
2025-05-23 00:06:00,1,预警,焚烧炉出口氧含量偏高
2025-05-23 00:08:00,1,预警,焚烧炉出口氧含量偏高
2025-05-23 00:10:00,1,预警,焚烧炉出口氧含量偏高
2025-05-23 00:12:00,1,预警,焚烧炉出口氧含量偏高
2025-05-23 00:14:00,1,预警,焚烧炉出口氧含量偏高
2025-05-23 00:16:00,1,预警,焚烧炉出口氧含量偏高
2025-05-23 00:18:00,1,预警,焚烧炉出口氧含量偏高
2025-05-23 00:20:00,1,预警,焚烧炉出口氧含量偏高
2025-05-23 00:22:00,1,预警,焚烧炉出口氧含量偏高
2025-05-23 00:24:00,1,预警,焚烧炉出口氧含量偏高
2025-05-23 00:26:00,1,预警,焚烧炉出口氧含量偏高
2025-05-23 00:28:00,1,预警,焚烧炉出口氧含量偏高
2025-05-23 00:30:00,1,预警,焚烧炉出口氧含量偏高
2025-05-23 00:32:00,1,预警,焚烧炉出口氧含量偏高
2025-05-23 00:34:00,1,预警,焚烧炉出口氧含量偏高
2025-05-23 00:36:00,1,预警,焚烧炉出口氧含量偏高
2025-05-23 00:38:00,1,预警,焚烧炉出口氧含量偏高
2025-05-23 00:40:00,1,预警,焚烧炉出口氧含量偏高
2025-05-23 00:42:00,1,预警,焚烧炉出口氧含量偏高
2025-05-23 00:44:00,1,预警,焚烧炉出口氧含量偏高
2025-05-23 00:46:00,1,预警,焚烧炉出口氧含量偏高
2025-05-23 00:48:00,1,预警,焚烧炉出口氧含量偏高
2025-05-23 00:50:00,1,预警,焚烧炉出口氧含量偏高
2025-05-23 00:54:00,1,预警,焚烧炉出口氧含量偏高
2025-05-23 01:02:00,1,预警,焚烧炉出口氧含量偏高
2025-05-23 01:04:00,1,预警,焚烧炉出口氧含量偏高
2025-05-23 02:22:00,1,预警,焚烧炉出口氧含量偏高
2025-05-23 02:34:00,1,预警,焚烧炉出口氧含量偏高
2025-05-23 02:50:00,1,预警,焚烧炉出口氧含量偏高
2025-05-23 03:00:00,1,预警,焚烧炉出口氧含量偏高
2025-05-23 03:04:00,1,预警,焚烧炉出口氧含量偏高
2025-05-23 03:08:00,1,预警,焚烧炉出口氧含量偏高
2025-05-23 03:10:00,1,预警,焚烧炉出口氧含量偏高
2025-05-23 03:12:00,1,预警,焚烧炉出口氧含量偏高
2025-05-23 03:14:00,1,预警,焚烧炉出口氧含量偏高
2025-05-23 03:16:00,1,预警,焚烧炉出口氧含量偏高
2025-05-23 03:18:00,1,预警,焚烧炉出口氧含量偏高
2025-05-23 03:20:00,1,预警,焚烧炉出口氧含量偏高
2025-05-23 03:22:00,1,预警,焚烧炉出口氧含量偏高
2025-05-23 03:24:00,1,预警,焚烧炉出口氧含量偏高
2025-05-23 03:26:00,1,预警,焚烧炉出口氧含量偏高
2025-05-23 03:28:00,1,预警,焚烧炉出口氧含量偏高
2025-05-23 03:30:00,1,预警,焚烧炉出口氧含量偏高
2025-05-23 03:32:00,1,预警,焚烧炉出口氧含量偏高
2025-05-23 03:34:00,1,预警,焚烧炉出口氧含量偏高
2025-05-23 03:36:00,1,预警,焚烧炉出口氧含量偏高
2025-05-23 03:38:00,1,预警,焚烧炉出口氧含量偏高
2025-05-23 03:40:00,1,预警,焚烧炉出口氧含量偏高
2025-05-23 03:42:00,1,预警,焚烧炉出口氧含量偏高
2025-05-23 03:44:00,1,预警,焚烧炉出口氧含量偏高
2025-05-23 03:46:00,1,预警,焚烧炉出口氧含量偏高
2025-05-23 03:48:00,1,预警,焚烧炉出口氧含量偏高
2025-05-23 03:50:00,1,预警,焚烧炉出口氧含量偏高
2025-05-23 03:52:00,1,预警,焚烧炉出口氧含量偏高
2025-05-23 03:54:00,1,预警,焚烧炉出口氧含量偏高
2025-05-23 03:56:00,1,预警,焚烧炉出口氧含量偏高
2025-05-23 03:58:00,1,预警,焚烧炉出口氧含量偏高
2025-05-23 04:00:00,1,预警,焚烧炉出口氧含量偏高
2025-05-23 04:02:00,1,预警,焚烧炉出口氧含量偏高
2025-05-23 04:52:00,1,预警,焚烧炉出口氧含量偏高
2025-05-23 04:54:00,1,预警,焚烧炉出口氧含量偏高
2025-05-23 04:56:00,1,预警,焚烧炉出口氧含量偏高
2025-05-23 04:58:00,1,预警,焚烧炉出口氧含量偏高
2025-05-23 05:00:00,1,预警,焚烧炉出口氧含量偏高
2025-05-23 05:02:00,1,预警,焚烧炉出口氧含量偏高
2025-05-23 05:04:00,1,预警,焚烧炉出口氧含量偏高
2025-05-23 05:06:00,1,预警,焚烧炉出口氧含量偏高
2025-05-23 05:08:00,1,预警,焚烧炉出口氧含量偏高
2025-05-23 05:10:00,1,预警,焚烧炉出口氧含量偏高
2025-05-23 05:12:00,1,预警,焚烧炉出口氧含量偏高
2025-05-23 05:14:00,1,预警,焚烧炉出口氧含量偏高
2025-05-23 05:16:00,1,预警,焚烧炉出口氧含量偏高
2025-05-23 05:18:00,1,预警,焚烧炉出口氧含量偏高
2025-05-23 05:20:00,1,预警,焚烧炉出口氧含量偏高
2025-05-23 05:22:00,1,预警,焚烧炉出口氧含量偏高
2025-05-23 05:24:00,1,预警,焚烧炉出口氧含量偏高
2025-05-23 05:26:00,1,预警,焚烧炉出口氧含量偏高
2025-05-23 05:28:00,1,预警,焚烧炉出口氧含量偏高
2025-05-23 05:32:00,1,预警,焚烧炉出口氧含量偏高
2025-05-23 05:34:00,1,预警,焚烧炉出口氧含量偏高
2025-05-23 05:36:00,1,预警,焚烧炉出口氧含量偏高
2025-05-23 05:38:00,1,预警,焚烧炉出口氧含量偏高
2025-05-23 05:40:00,1,预警,焚烧炉出口氧含量偏高
2025-05-23 05:42:00,1,预警,焚烧炉出口氧含量偏高
2025-05-23 05:44:00,1,预警,焚烧炉出口氧含量偏高
2025-05-23 05:46:00,1,预警,焚烧炉出口氧含量偏高
2025-05-23 05:48:00,1,预警,焚烧炉出口氧含量偏高
2025-05-23 05:50:00,1,预警,焚烧炉出口氧含量偏高
2025-05-23 05:52:00,1,预警,焚烧炉出口氧含量偏高
2025-05-23 05:54:00,1,预警,焚烧炉出口氧含量偏高
2025-05-23 05:56:00,1,预警,焚烧炉出口氧含量偏高
2025-05-23 05:58:00,1,预警,焚烧炉出口氧含量偏高
2025-05-23 06:00:00,1,预警,焚烧炉出口氧含量偏高
2025-05-23 06:14:00,1,预警,焚烧炉出口氧含量偏高
2025-05-23 06:28:00,1,预警,焚烧炉出口氧含量偏高
2025-05-23 07:40:00,1,预警,焚烧炉出口氧含量偏高
2025-05-23 07:42:00,1,预警,焚烧炉出口氧含量偏高
2025-05-23 07:44:00,1,预警,焚烧炉出口氧含量偏高
2025-05-23 07:46:00,1,预警,焚烧炉出口氧含量偏高
2025-05-23 07:48:00,1,预警,焚烧炉出口氧含量偏高
2025-05-23 07:54:00,1,预警,焚烧炉出口氧含量偏高
2025-05-23 07:56:00,1,预警,焚烧炉出口氧含量偏高
2025-05-23 07:58:00,1,预警,焚烧炉出口氧含量偏高
2025-05-23 08:00:00,1,预警,焚烧炉出口氧含量偏高
2025-05-23 08:02:00,1,预警,焚烧炉出口氧含量偏高
2025-05-23 08:04:00,1,预警,焚烧炉出口氧含量偏高
2025-05-23 08:06:00,1,预警,焚烧炉出口氧含量偏高
2025-05-23 08:08:00,1,预警,焚烧炉出口氧含量偏高
2025-05-23 08:10:00,1,预警,焚烧炉出口氧含量偏高
2025-05-23 08:12:00,1,预警,焚烧炉出口氧含量偏高
2025-05-23 08:14:00,1,预警,焚烧炉出口氧含量偏高
2025-05-23 08:16:00,1,预警,焚烧炉出口氧含量偏高
2025-05-23 08:34:00,1,预警,焚烧炉出口氧含量偏高
2025-05-23 09:28:00,1,预警,焚烧炉出口氧含量偏高
2025-05-23 09:30:00,1,预警,焚烧炉出口氧含量偏高
2025-05-23 09:32:00,1,预警,焚烧炉出口氧含量偏高
2025-05-23 09:34:00,1,预警,焚烧炉出口氧含量偏高
2025-05-23 09:36:00,1,预警,焚烧炉出口氧含量偏高
2025-05-23 09:38:00,1,预警,焚烧炉出口氧含量偏高
2025-05-23 09:40:00,1,预警,焚烧炉出口氧含量偏高
2025-05-23 09:42:00,1,预警,焚烧炉出口氧含量偏高
2025-05-23 09:44:00,1,预警,焚烧炉出口氧含量偏高
2025-05-23 09:46:00,1,预警,焚烧炉出口氧含量偏高
2025-05-23 09:48:00,1,预警,焚烧炉出口氧含量偏高
2025-05-23 09:50:00,1,预警,焚烧炉出口氧含量偏高
2025-05-23 09:52:00,1,预警,焚烧炉出口氧含量偏高
2025-05-23 09:54:00,1,预警,焚烧炉出口氧含量偏高
2025-05-23 09:56:00,1,预警,焚烧炉出口氧含量偏高
2025-05-23 09:58:00,1,预警,焚烧炉出口氧含量偏高
2025-05-23 10:00:00,1,预警,焚烧炉出口氧含量偏高
2025-05-23 10:02:00,1,预警,焚烧炉出口氧含量偏高
2025-05-23 10:32:00,1,预警,焚烧炉出口氧含量偏高
2025-05-23 10:34:00,1,预警,焚烧炉出口氧含量偏高
2025-05-23 10:36:00,1,预警,焚烧炉出口氧含量偏高
2025-05-23 10:48:00,1,预警,焚烧炉出口氧含量偏高
2025-05-23 10:50:00,1,预警,焚烧炉出口氧含量偏高
2025-05-23 10:52:00,1,预警,焚烧炉出口氧含量偏高
2025-05-23 10:54:00,1,预警,焚烧炉出口氧含量偏高
2025-05-23 10:56:00,1,预警,焚烧炉出口氧含量偏高
2025-05-23 10:58:00,1,预警,焚烧炉出口氧含量偏高
2025-05-23 11:04:00,1,预警,焚烧炉出口氧含量偏高
2025-05-23 11:08:00,1,预警,焚烧炉出口氧含量偏高
2025-05-23 11:10:00,1,预警,焚烧炉出口氧含量偏高
2025-05-23 11:12:00,1,预警,焚烧炉出口氧含量偏高
2025-05-23 11:14:00,1,预警,焚烧炉出口氧含量偏高
2025-05-23 11:16:00,1,预警,焚烧炉出口氧含量偏高
2025-05-23 11:36:00,1,预警,焚烧炉出口氧含量偏高
2025-05-23 11:38:00,1,预警,焚烧炉出口氧含量偏高
2025-05-23 12:52:00,1,预警,焚烧炉出口氧含量偏高
2025-05-23 13:32:00,1,预警,焚烧炉出口氧含量偏高
2025-05-23 13:34:00,1,预警,焚烧炉出口氧含量偏高
2025-05-23 13:36:00,1,预警,焚烧炉出口氧含量偏高
2025-05-23 13:38:00,1,预警,焚烧炉出口氧含量偏高
2025-05-23 13:40:00,1,预警,焚烧炉出口氧含量偏高
2025-05-23 13:42:00,1,预警,焚烧炉出口氧含量偏高
2025-05-23 13:44:00,1,预警,焚烧炉出口氧含量偏高
2025-05-23 13:48:00,1,预警,焚烧炉出口氧含量偏高
2025-05-23 13:50:00,1,预警,焚烧炉出口氧含量偏高
2025-05-23 13:52:00,1,预警,焚烧炉出口氧含量偏高
2025-05-23 13:54:00,1,预警,焚烧炉出口氧含量偏高
2025-05-23 13:56:00,1,预警,焚烧炉出口氧含量偏高
2025-05-23 13:58:00,1,预警,焚烧炉出口氧含量偏高
2025-05-23 14:00:00,1,预警,焚烧炉出口氧含量偏高
2025-05-23 14:02:00,1,预警,焚烧炉出口氧含量偏高
2025-05-23 14:04:00,1,预警,焚烧炉出口氧含量偏高
2025-05-23 14:06:00,1,预警,焚烧炉出口氧含量偏高
2025-05-23 14:08:00,1,预警,焚烧炉出口氧含量偏高
2025-05-23 14:34:00,1,预警,焚烧炉出口氧含量偏高
2025-05-23 14:36:00,1,预警,焚烧炉出口氧含量偏高
2025-05-23 14:40:00,1,预警,焚烧炉出口氧含量偏高
2025-05-23 14:42:00,1,预警,焚烧炉出口氧含量偏高
2025-05-23 14:44:00,1,预警,焚烧炉出口氧含量偏高
2025-05-23 14:46:00,1,预警,焚烧炉出口氧含量偏高
2025-05-23 14:48:00,1,预警,焚烧炉出口氧含量偏高
2025-05-23 14:50:00,1,预警,焚烧炉出口氧含量偏高
2025-05-23 14:52:00,1,预警,焚烧炉出口氧含量偏高
2025-05-23 14:54:00,1,预警,焚烧炉出口氧含量偏高
2025-05-23 14:56:00,1,预警,焚烧炉出口氧含量偏高
2025-05-23 14:58:00,1,预警,焚烧炉出口氧含量偏高
2025-05-23 15:00:00,1,预警,焚烧炉出口氧含量偏高
2025-05-23 15:02:00,1,预警,焚烧炉出口氧含量偏高
2025-05-23 15:04:00,1,预警,焚烧炉出口氧含量偏高
2025-05-23 15:06:00,1,预警,焚烧炉出口氧含量偏高
2025-05-23 15:08:00,1,预警,焚烧炉出口氧含量偏高
2025-05-23 15:10:00,1,预警,焚烧炉出口氧含量偏高
2025-05-23 15:12:00,1,预警,焚烧炉出口氧含量偏高
2025-05-23 15:14:00,1,预警,焚烧炉出口氧含量偏高
2025-05-23 15:16:00,1,预警,焚烧炉出口氧含量偏高
2025-05-23 15:18:00,1,预警,焚烧炉出口氧含量偏高
2025-05-23 15:20:00,1,预警,焚烧炉出口氧含量偏高
2025-05-23 15:22:00,1,预警,焚烧炉出口氧含量偏高
2025-05-23 15:24:00,1,预警,焚烧炉出口氧含量偏高
2025-05-23 15:26:00,1,预警,焚烧炉出口氧含量偏高
2025-05-23 15:30:00,1,预警,焚烧炉出口氧含量偏高
2025-05-23 15:34:00,1,预警,焚烧炉出口氧含量偏高
2025-05-23 15:36:00,1,预警,焚烧炉出口氧含量偏高
2025-05-23 15:38:00,1,预警,焚烧炉出口氧含量偏高
2025-05-23 15:40:00,1,预警,焚烧炉出口氧含量偏高
2025-05-23 15:42:00,1,预警,焚烧炉出口氧含量偏高
2025-05-23 15:44:00,1,预警,焚烧炉出口氧含量偏高
2025-05-23 15:46:00,1,预警,焚烧炉出口氧含量偏高
2025-05-23 15:48:00,1,预警,焚烧炉出口氧含量偏高
2025-05-23 15:50:00,1,预警,焚烧炉出口氧含量偏高
2025-05-23 15:52:00,1,预警,焚烧炉出口氧含量偏高
2025-05-23 15:54:00,1,预警,焚烧炉出口氧含量偏高
2025-05-23 15:56:00,1,预警,焚烧炉出口氧含量偏高
2025-05-23 15:58:00,1,预警,焚烧炉出口氧含量偏高
2025-05-23 16:00:00,1,预警,焚烧炉出口氧含量偏高
2025-05-23 16:02:00,1,预警,焚烧炉出口氧含量偏高
2025-05-23 16:04:00,1,预警,焚烧炉出口氧含量偏高
2025-05-23 16:06:00,1,预警,焚烧炉出口氧含量偏高
2025-05-23 16:08:00,1,预警,焚烧炉出口氧含量偏高
2025-05-23 16:12:00,1,预警,焚烧炉出口氧含量偏高
2025-05-23 16:14:00,1,预警,焚烧炉出口氧含量偏高
2025-05-23 16:16:00,1,预警,焚烧炉出口氧含量偏高
2025-05-23 16:18:00,1,预警,焚烧炉出口氧含量偏高
2025-05-23 16:20:00,1,预警,焚烧炉出口氧含量偏高
2025-05-23 16:22:00,1,预警,焚烧炉出口氧含量偏高
2025-05-23 16:24:00,1,预警,焚烧炉出口氧含量偏高
2025-05-23 16:26:00,1,预警,焚烧炉出口氧含量偏高
2025-05-23 16:28:00,1,预警,焚烧炉出口氧含量偏高
2025-05-23 16:30:00,1,预警,焚烧炉出口氧含量偏高
2025-05-23 16:32:00,1,预警,焚烧炉出口氧含量偏高
2025-05-23 16:34:00,1,预警,焚烧炉出口氧含量偏高
2025-05-23 16:36:00,1,预警,焚烧炉出口氧含量偏高
2025-05-23 16:38:00,1,预警,焚烧炉出口氧含量偏高
2025-05-23 16:40:00,1,预警,焚烧炉出口氧含量偏高
2025-05-23 16:42:00,1,预警,焚烧炉出口氧含量偏高
2025-05-23 16:44:00,1,预警,焚烧炉出口氧含量偏高
2025-05-23 16:46:00,1,预警,焚烧炉出口氧含量偏高
2025-05-23 16:48:00,1,预警,焚烧炉出口氧含量偏高
2025-05-23 16:50:00,1,预警,焚烧炉出口氧含量偏高
2025-05-23 16:52:00,1,预警,焚烧炉出口氧含量偏高
2025-05-23 16:54:00,1,预警,焚烧炉出口氧含量偏高
2025-05-23 17:02:00,1,预警,焚烧炉出口氧含量偏高
2025-05-23 17:04:00,1,预警,焚烧炉出口氧含量偏高
2025-05-23 18:22:00,1,预警,焚烧炉出口氧含量偏高
2025-05-23 18:24:00,1,预警,焚烧炉出口氧含量偏高
2025-05-23 18:26:00,1,预警,焚烧炉出口氧含量偏高
2025-05-23 18:28:00,1,预警,焚烧炉出口氧含量偏高
2025-05-23 18:30:00,1,预警,焚烧炉出口氧含量偏高
2025-05-23 18:32:00,1,预警,焚烧炉出口氧含量偏高
2025-05-23 18:34:00,1,预警,焚烧炉出口氧含量偏高
2025-05-23 18:36:00,1,预警,焚烧炉出口氧含量偏高
2025-05-23 18:38:00,1,预警,焚烧炉出口氧含量偏高
2025-05-23 18:40:00,1,预警,焚烧炉出口氧含量偏高
2025-05-23 18:42:00,1,预警,焚烧炉出口氧含量偏高
2025-05-23 18:44:00,1,预警,焚烧炉出口氧含量偏高
2025-05-23 18:46:00,1,预警,焚烧炉出口氧含量偏高
2025-05-23 18:48:00,1,预警,焚烧炉出口氧含量偏高
2025-05-23 18:50:00,1,预警,焚烧炉出口氧含量偏高
2025-05-23 18:52:00,1,预警,焚烧炉出口氧含量偏高
2025-05-23 18:54:00,1,预警,焚烧炉出口氧含量偏高
2025-05-23 18:56:00,1,预警,焚烧炉出口氧含量偏高
2025-05-23 18:58:00,1,预警,焚烧炉出口氧含量偏高
2025-05-23 19:00:00,1,预警,焚烧炉出口氧含量偏高
2025-05-23 19:02:00,1,预警,焚烧炉出口氧含量偏高
2025-05-23 19:04:00,1,预警,焚烧炉出口氧含量偏高
2025-05-23 19:06:00,1,预警,焚烧炉出口氧含量偏高
2025-05-23 19:08:00,1,预警,焚烧炉出口氧含量偏高
2025-05-23 19:10:00,1,预警,焚烧炉出口氧含量偏高
2025-05-23 19:12:00,1,预警,焚烧炉出口氧含量偏高
2025-05-23 19:14:00,1,预警,焚烧炉出口氧含量偏高
2025-05-23 19:16:00,1,预警,焚烧炉出口氧含量偏高
2025-05-23 19:18:00,1,预警,焚烧炉出口氧含量偏高
2025-05-23 19:20:00,1,预警,焚烧炉出口氧含量偏高
2025-05-23 19:22:00,1,预警,焚烧炉出口氧含量偏高
2025-05-23 19:24:00,1,预警,焚烧炉出口氧含量偏高
2025-05-23 19:26:00,1,预警,焚烧炉出口氧含量偏高
2025-05-23 19:28:00,1,预警,焚烧炉出口氧含量偏高
2025-05-23 19:30:00,1,预警,焚烧炉出口氧含量偏高
2025-05-23 19:32:00,1,预警,焚烧炉出口氧含量偏高
2025-05-23 19:34:00,1,预警,焚烧炉出口氧含量偏高
2025-05-23 19:36:00,1,预警,焚烧炉出口氧含量偏高
2025-05-23 19:40:00,1,预警,焚烧炉出口氧含量偏高
2025-05-23 19:42:00,1,预警,焚烧炉出口氧含量偏高
2025-05-23 19:44:00,1,预警,焚烧炉出口氧含量偏高
2025-05-23 19:46:00,1,预警,焚烧炉出口氧含量偏高
2025-05-23 19:48:00,1,预警,焚烧炉出口氧含量偏高
2025-05-23 19:50:00,1,预警,焚烧炉出口氧含量偏高
2025-05-23 19:52:00,1,预警,焚烧炉出口氧含量偏高
2025-05-23 19:54:00,1,预警,焚烧炉出口氧含量偏高
2025-05-23 19:56:00,1,预警,焚烧炉出口氧含量偏高
2025-05-23 19:58:00,1,预警,焚烧炉出口氧含量偏高
2025-05-23 20:00:00,1,预警,焚烧炉出口氧含量偏高
2025-05-23 20:02:00,1,预警,焚烧炉出口氧含量偏高
2025-05-23 20:04:00,1,预警,焚烧炉出口氧含量偏高
2025-05-23 20:06:00,1,预警,焚烧炉出口氧含量偏高
2025-05-23 20:24:00,1,预警,焚烧炉出口氧含量偏高
2025-05-23 20:48:00,1,预警,焚烧炉出口氧含量偏高
2025-05-23 20:50:00,1,预警,焚烧炉出口氧含量偏高
2025-05-23 20:56:00,1,预警,焚烧炉出口氧含量偏高
2025-05-23 21:26:00,1,预警,焚烧炉出口氧含量偏高
2025-05-23 21:28:00,1,预警,焚烧炉出口氧含量偏高
2025-05-23 21:36:00,1,预警,焚烧炉出口氧含量偏高
2025-05-23 21:38:00,1,预警,焚烧炉出口氧含量偏高
2025-05-23 21:40:00,1,预警,焚烧炉出口氧含量偏高
2025-05-23 21:44:00,1,预警,焚烧炉出口氧含量偏高
2025-05-23 21:50:00,1,预警,焚烧炉出口氧含量偏高
2025-05-23 21:52:00,1,预警,焚烧炉出口氧含量偏高
2025-05-23 21:54:00,1,预警,焚烧炉出口氧含量偏高
2025-05-23 21:56:00,1,预警,焚烧炉出口氧含量偏高
2025-05-23 21:58:00,1,预警,焚烧炉出口氧含量偏高
2025-05-23 22:00:00,1,预警,焚烧炉出口氧含量偏高
2025-05-23 22:02:00,1,预警,焚烧炉出口氧含量偏高
2025-05-23 22:04:00,1,预警,焚烧炉出口氧含量偏高
2025-05-23 22:06:00,1,预警,焚烧炉出口氧含量偏高
2025-05-23 22:08:00,1,预警,焚烧炉出口氧含量偏高
2025-05-23 22:10:00,1,预警,焚烧炉出口氧含量偏高
2025-05-23 22:12:00,1,预警,焚烧炉出口氧含量偏高
2025-05-23 22:14:00,1,预警,焚烧炉出口氧含量偏高
2025-05-23 22:16:00,1,预警,焚烧炉出口氧含量偏高
2025-05-23 22:18:00,1,预警,焚烧炉出口氧含量偏高
2025-05-23 22:20:00,1,预警,焚烧炉出口氧含量偏高
2025-05-23 22:22:00,1,预警,焚烧炉出口氧含量偏高
2025-05-23 22:24:00,1,预警,焚烧炉出口氧含量偏高
2025-05-23 22:26:00,1,预警,焚烧炉出口氧含量偏高
2025-05-23 22:28:00,1,预警,焚烧炉出口氧含量偏高
2025-05-23 22:30:00,1,预警,焚烧炉出口氧含量偏高
2025-05-23 22:32:00,1,预警,焚烧炉出口氧含量偏高
2025-05-23 22:34:00,1,预警,焚烧炉出口氧含量偏高
2025-05-23 22:36:00,1,预警,焚烧炉出口氧含量偏高
2025-05-23 22:38:00,1,预警,焚烧炉出口氧含量偏高
2025-05-23 22:40:00,1,预警,焚烧炉出口氧含量偏高
2025-05-23 22:42:00,1,预警,焚烧炉出口氧含量偏高
2025-05-23 22:44:00,1,预警,焚烧炉出口氧含量偏高
2025-05-23 22:46:00,1,预警,焚烧炉出口氧含量偏高
2025-05-23 22:48:00,1,预警,焚烧炉出口氧含量偏高
2025-05-23 22:50:00,1,预警,焚烧炉出口氧含量偏高
2025-05-23 22:52:00,1,预警,焚烧炉出口氧含量偏高
2025-05-23 22:54:00,1,预警,焚烧炉出口氧含量偏高
2025-05-23 22:56:00,1,预警,焚烧炉出口氧含量偏高
2025-05-23 22:58:00,1,预警,焚烧炉出口氧含量偏高
2025-05-23 23:00:00,1,预警,焚烧炉出口氧含量偏高
2025-05-23 23:02:00,1,预警,焚烧炉出口氧含量偏高
2025-05-23 23:04:00,1,预警,焚烧炉出口氧含量偏高
2025-05-23 23:06:00,1,预警,焚烧炉出口氧含量偏高
2025-05-23 23:08:00,1,预警,焚烧炉出口氧含量偏高
2025-05-23 23:10:00,1,预警,焚烧炉出口氧含量偏高
2025-05-23 23:12:00,1,预警,焚烧炉出口氧含量偏高
2025-05-23 23:14:00,1,预警,焚烧炉出口氧含量偏高
2025-05-23 23:16:00,1,预警,焚烧炉出口氧含量偏高
2025-05-23 23:18:00,1,预警,焚烧炉出口氧含量偏高
2025-05-23 23:20:00,1,预警,焚烧炉出口氧含量偏高
2025-05-23 23:22:00,1,预警,焚烧炉出口氧含量偏高
2025-05-23 23:24:00,1,预警,焚烧炉出口氧含量偏高
2025-05-23 23:28:00,1,预警,焚烧炉出口氧含量偏高
2025-05-23 23:32:00,1,预警,焚烧炉出口氧含量偏高
2025-05-23 23:50:00,1,预警,焚烧炉出口氧含量偏高
