﻿时间,炉号,预警/报警类型,预警/报警事件
2025-05-25 00:12:00,1,预警,焚烧炉出口氧含量偏高
2025-05-25 00:14:00,1,预警,焚烧炉出口氧含量偏高
2025-05-25 00:16:00,1,预警,焚烧炉出口氧含量偏高
2025-05-25 00:18:00,1,预警,焚烧炉出口氧含量偏高
2025-05-25 00:20:00,1,预警,焚烧炉出口氧含量偏高
2025-05-25 00:22:00,1,预警,焚烧炉出口氧含量偏高
2025-05-25 01:48:00,1,预警,焚烧炉出口氧含量偏高
2025-05-25 01:50:00,1,预警,焚烧炉出口氧含量偏高
2025-05-25 01:52:00,1,预警,焚烧炉出口氧含量偏高
2025-05-25 01:54:00,1,预警,焚烧炉出口氧含量偏高
2025-05-25 01:56:00,1,预警,焚烧炉出口氧含量偏高
2025-05-25 01:58:00,1,预警,焚烧炉出口氧含量偏高
2025-05-25 02:00:00,1,预警,焚烧炉出口氧含量偏高
2025-05-25 02:02:00,1,预警,焚烧炉出口氧含量偏高
2025-05-25 02:04:00,1,预警,焚烧炉出口氧含量偏高
2025-05-25 02:06:00,1,预警,焚烧炉出口氧含量偏高
2025-05-25 02:08:00,1,预警,焚烧炉出口氧含量偏高
2025-05-25 02:10:00,1,预警,焚烧炉出口氧含量偏高
2025-05-25 02:12:00,1,预警,焚烧炉出口氧含量偏高
2025-05-25 02:14:00,1,预警,焚烧炉出口氧含量偏高
2025-05-25 02:16:00,1,预警,焚烧炉出口氧含量偏高
2025-05-25 02:18:00,1,预警,焚烧炉出口氧含量偏高
2025-05-25 02:24:00,1,预警,焚烧炉出口氧含量偏高
2025-05-25 02:26:00,1,预警,焚烧炉出口氧含量偏高
2025-05-25 02:30:00,1,预警,焚烧炉出口氧含量偏高
2025-05-25 02:32:00,1,预警,焚烧炉出口氧含量偏高
2025-05-25 02:34:00,1,预警,焚烧炉出口氧含量偏高
2025-05-25 02:36:00,1,预警,焚烧炉出口氧含量偏高
2025-05-25 02:38:00,1,预警,焚烧炉出口氧含量偏高
2025-05-25 02:40:00,1,预警,焚烧炉出口氧含量偏高
2025-05-25 02:42:00,1,预警,焚烧炉出口氧含量偏高
2025-05-25 02:44:00,1,预警,焚烧炉出口氧含量偏高
2025-05-25 02:46:00,1,预警,焚烧炉出口氧含量偏高
2025-05-25 02:48:00,1,预警,焚烧炉出口氧含量偏高
2025-05-25 02:50:00,1,预警,焚烧炉出口氧含量偏高
2025-05-25 02:52:00,1,预警,焚烧炉出口氧含量偏高
2025-05-25 02:54:00,1,预警,焚烧炉出口氧含量偏高
2025-05-25 02:56:00,1,预警,焚烧炉出口氧含量偏高
2025-05-25 02:58:00,1,预警,焚烧炉出口氧含量偏高
2025-05-25 03:04:00,1,预警,焚烧炉出口氧含量偏高
2025-05-25 03:06:00,1,预警,焚烧炉出口氧含量偏高
2025-05-25 03:08:00,1,预警,焚烧炉出口氧含量偏高
2025-05-25 03:10:00,1,预警,焚烧炉出口氧含量偏高
2025-05-25 03:12:00,1,预警,焚烧炉出口氧含量偏高
2025-05-25 03:14:00,1,预警,焚烧炉出口氧含量偏高
2025-05-25 04:24:00,1,预警,焚烧炉出口氧含量偏高
2025-05-25 04:26:00,1,预警,焚烧炉出口氧含量偏高
2025-05-25 04:28:00,1,预警,焚烧炉出口氧含量偏高
2025-05-25 04:52:00,1,预警,焚烧炉出口氧含量偏高
2025-05-25 04:56:00,1,预警,焚烧炉出口氧含量偏高
2025-05-25 04:58:00,1,预警,焚烧炉出口氧含量偏高
2025-05-25 05:00:00,1,预警,焚烧炉出口氧含量偏高
2025-05-25 05:02:00,1,预警,焚烧炉出口氧含量偏高
2025-05-25 05:04:00,1,预警,焚烧炉出口氧含量偏高
2025-05-25 05:06:00,1,预警,焚烧炉出口氧含量偏高
2025-05-25 05:08:00,1,预警,焚烧炉出口氧含量偏高
2025-05-25 05:10:00,1,预警,焚烧炉出口氧含量偏高
2025-05-25 05:12:00,1,预警,焚烧炉出口氧含量偏高
2025-05-25 05:14:00,1,预警,焚烧炉出口氧含量偏高
2025-05-25 05:16:00,1,预警,焚烧炉出口氧含量偏高
2025-05-25 05:18:00,1,预警,焚烧炉出口氧含量偏高
2025-05-25 05:20:00,1,预警,焚烧炉出口氧含量偏高
2025-05-25 05:26:00,1,预警,焚烧炉出口氧含量偏高
2025-05-25 05:28:00,1,预警,焚烧炉出口氧含量偏高
2025-05-25 05:30:00,1,预警,焚烧炉出口氧含量偏高
2025-05-25 05:32:00,1,预警,焚烧炉出口氧含量偏高
2025-05-25 05:38:00,1,预警,焚烧炉出口氧含量偏高
2025-05-25 05:40:00,1,预警,焚烧炉出口氧含量偏高
2025-05-25 05:48:00,1,预警,焚烧炉出口氧含量偏高
2025-05-25 05:50:00,1,预警,焚烧炉出口氧含量偏高
2025-05-25 05:52:00,1,预警,焚烧炉出口氧含量偏高
2025-05-25 05:54:00,1,预警,焚烧炉出口氧含量偏高
2025-05-25 05:56:00,1,预警,焚烧炉出口氧含量偏高
2025-05-25 05:58:00,1,预警,焚烧炉出口氧含量偏高
2025-05-25 06:00:00,1,预警,焚烧炉出口氧含量偏高
2025-05-25 06:02:00,1,预警,焚烧炉出口氧含量偏高
2025-05-25 06:04:00,1,预警,焚烧炉出口氧含量偏高
2025-05-25 06:06:00,1,预警,焚烧炉出口氧含量偏高
2025-05-25 06:24:00,1,预警,焚烧炉出口氧含量偏高
2025-05-25 06:30:00,1,预警,焚烧炉出口氧含量偏高
2025-05-25 06:32:00,1,预警,焚烧炉出口氧含量偏高
2025-05-25 06:34:00,1,预警,焚烧炉出口氧含量偏高
2025-05-25 07:08:00,1,预警,焚烧炉出口氧含量偏高
2025-05-25 07:10:00,1,预警,焚烧炉出口氧含量偏高
2025-05-25 07:14:00,1,预警,焚烧炉出口氧含量偏高
2025-05-25 07:16:00,1,预警,焚烧炉出口氧含量偏高
2025-05-25 07:20:00,1,预警,焚烧炉出口氧含量偏高
2025-05-25 07:22:00,1,预警,焚烧炉出口氧含量偏高
2025-05-25 07:24:00,1,预警,焚烧炉出口氧含量偏高
2025-05-25 07:26:00,1,预警,焚烧炉出口氧含量偏高
2025-05-25 07:28:00,1,预警,焚烧炉出口氧含量偏高
2025-05-25 07:40:00,1,预警,焚烧炉出口氧含量偏高
2025-05-25 08:02:00,1,预警,焚烧炉出口氧含量偏高
2025-05-25 08:04:00,1,预警,焚烧炉出口氧含量偏高
2025-05-25 08:08:00,1,预警,焚烧炉出口氧含量偏高
2025-05-25 08:10:00,1,预警,焚烧炉出口氧含量偏高
2025-05-25 08:12:00,1,预警,焚烧炉出口氧含量偏高
2025-05-25 08:14:00,1,预警,焚烧炉出口氧含量偏高
2025-05-25 08:16:00,1,预警,焚烧炉出口氧含量偏高
2025-05-25 08:18:00,1,预警,焚烧炉出口氧含量偏高
2025-05-25 08:32:00,1,预警,焚烧炉出口氧含量偏高
2025-05-25 08:34:00,1,预警,焚烧炉出口氧含量偏高
2025-05-25 08:36:00,1,预警,焚烧炉出口氧含量偏高
2025-05-25 08:38:00,1,预警,焚烧炉出口氧含量偏高
2025-05-25 08:40:00,1,预警,焚烧炉出口氧含量偏高
2025-05-25 08:42:00,1,预警,焚烧炉出口氧含量偏高
2025-05-25 08:44:00,1,预警,焚烧炉出口氧含量偏高
2025-05-25 08:46:00,1,预警,焚烧炉出口氧含量偏高
2025-05-25 09:02:00,1,预警,焚烧炉出口氧含量偏高
2025-05-25 09:04:00,1,预警,焚烧炉出口氧含量偏高
2025-05-25 09:06:00,1,预警,焚烧炉出口氧含量偏高
2025-05-25 09:08:00,1,预警,焚烧炉出口氧含量偏高
2025-05-25 09:24:00,1,预警,焚烧炉出口氧含量偏高
2025-05-25 09:26:00,1,预警,焚烧炉出口氧含量偏高
2025-05-25 09:28:00,1,预警,焚烧炉出口氧含量偏高
2025-05-25 09:30:00,1,预警,焚烧炉出口氧含量偏高
2025-05-25 09:32:00,1,预警,焚烧炉出口氧含量偏高
2025-05-25 09:34:00,1,预警,焚烧炉出口氧含量偏高
2025-05-25 09:36:00,1,预警,焚烧炉出口氧含量偏高
2025-05-25 09:38:00,1,预警,焚烧炉出口氧含量偏高
2025-05-25 09:40:00,1,预警,焚烧炉出口氧含量偏高
2025-05-25 09:42:00,1,预警,焚烧炉出口氧含量偏高
2025-05-25 09:44:00,1,预警,焚烧炉出口氧含量偏高
2025-05-25 09:46:00,1,预警,焚烧炉出口氧含量偏高
2025-05-25 09:48:00,1,预警,焚烧炉出口氧含量偏高
2025-05-25 09:50:00,1,预警,焚烧炉出口氧含量偏高
2025-05-25 09:52:00,1,预警,焚烧炉出口氧含量偏高
2025-05-25 09:54:00,1,预警,焚烧炉出口氧含量偏高
2025-05-25 09:56:00,1,预警,焚烧炉出口氧含量偏高
2025-05-25 09:58:00,1,预警,焚烧炉出口氧含量偏高
2025-05-25 10:00:00,1,预警,焚烧炉出口氧含量偏高
2025-05-25 10:02:00,1,预警,焚烧炉出口氧含量偏高
2025-05-25 10:04:00,1,预警,焚烧炉出口氧含量偏高
2025-05-25 10:06:00,1,预警,焚烧炉出口氧含量偏高
2025-05-25 10:08:00,1,预警,焚烧炉出口氧含量偏高
2025-05-25 10:10:00,1,预警,焚烧炉出口氧含量偏高
2025-05-25 10:12:00,1,预警,焚烧炉出口氧含量偏高
2025-05-25 10:14:00,1,预警,焚烧炉出口氧含量偏高
2025-05-25 10:16:00,1,预警,焚烧炉出口氧含量偏高
2025-05-25 10:18:00,1,预警,焚烧炉出口氧含量偏高
2025-05-25 10:20:00,1,预警,焚烧炉出口氧含量偏高
2025-05-25 10:22:00,1,预警,焚烧炉出口氧含量偏高
2025-05-25 10:24:00,1,预警,焚烧炉出口氧含量偏高
2025-05-25 10:26:00,1,预警,焚烧炉出口氧含量偏高
2025-05-25 10:28:00,1,预警,焚烧炉出口氧含量偏高
2025-05-25 10:30:00,1,预警,焚烧炉出口氧含量偏高
2025-05-25 10:32:00,1,预警,焚烧炉出口氧含量偏高
2025-05-25 10:34:00,1,预警,焚烧炉出口氧含量偏高
2025-05-25 10:36:00,1,预警,焚烧炉出口氧含量偏高
2025-05-25 10:38:00,1,预警,焚烧炉出口氧含量偏高
2025-05-25 10:40:00,1,预警,焚烧炉出口氧含量偏高
2025-05-25 10:42:00,1,预警,焚烧炉出口氧含量偏高
2025-05-25 10:44:00,1,预警,焚烧炉出口氧含量偏高
2025-05-25 10:46:00,1,预警,焚烧炉出口氧含量偏高
2025-05-25 10:48:00,1,预警,焚烧炉出口氧含量偏高
2025-05-25 10:50:00,1,预警,焚烧炉出口氧含量偏高
2025-05-25 10:52:00,1,预警,焚烧炉出口氧含量偏高
2025-05-25 10:54:00,1,预警,焚烧炉出口氧含量偏高
2025-05-25 10:56:00,1,预警,焚烧炉出口氧含量偏高
2025-05-25 10:58:00,1,预警,焚烧炉出口氧含量偏高
2025-05-25 11:00:00,1,预警,焚烧炉出口氧含量偏高
2025-05-25 11:02:00,1,预警,焚烧炉出口氧含量偏高
2025-05-25 11:04:00,1,预警,焚烧炉出口氧含量偏高
2025-05-25 11:06:00,1,预警,焚烧炉出口氧含量偏高
2025-05-25 11:08:00,1,预警,焚烧炉出口氧含量偏高
2025-05-25 11:10:00,1,预警,焚烧炉出口氧含量偏高
2025-05-25 11:12:00,1,预警,焚烧炉出口氧含量偏高
2025-05-25 11:14:00,1,预警,焚烧炉出口氧含量偏高
2025-05-25 11:16:00,1,预警,焚烧炉出口氧含量偏高
2025-05-25 11:18:00,1,预警,焚烧炉出口氧含量偏高
2025-05-25 11:20:00,1,预警,焚烧炉出口氧含量偏高
2025-05-25 11:22:00,1,预警,焚烧炉出口氧含量偏高
2025-05-25 11:24:00,1,预警,焚烧炉出口氧含量偏高
2025-05-25 11:26:00,1,预警,焚烧炉出口氧含量偏高
2025-05-25 11:28:00,1,预警,焚烧炉出口氧含量偏高
2025-05-25 11:30:00,1,预警,焚烧炉出口氧含量偏高
2025-05-25 11:32:00,1,预警,焚烧炉出口氧含量偏高
2025-05-25 11:34:00,1,预警,焚烧炉出口氧含量偏高
2025-05-25 11:36:00,1,预警,焚烧炉出口氧含量偏高
2025-05-25 11:38:00,1,预警,焚烧炉出口氧含量偏高
2025-05-25 11:40:00,1,预警,焚烧炉出口氧含量偏高
2025-05-25 11:42:00,1,预警,焚烧炉出口氧含量偏高
2025-05-25 11:44:00,1,预警,焚烧炉出口氧含量偏高
2025-05-25 11:46:00,1,预警,焚烧炉出口氧含量偏高
2025-05-25 11:48:00,1,预警,焚烧炉出口氧含量偏高
2025-05-25 11:50:00,1,预警,焚烧炉出口氧含量偏高
2025-05-25 11:52:00,1,预警,焚烧炉出口氧含量偏高
2025-05-25 11:54:00,1,预警,焚烧炉出口氧含量偏高
2025-05-25 11:56:00,1,预警,焚烧炉出口氧含量偏高
2025-05-25 11:58:00,1,预警,焚烧炉出口氧含量偏高
2025-05-25 12:00:00,1,预警,焚烧炉出口氧含量偏高
2025-05-25 12:02:00,1,预警,焚烧炉出口氧含量偏高
2025-05-25 12:04:00,1,预警,焚烧炉出口氧含量偏高
2025-05-25 12:06:00,1,预警,焚烧炉出口氧含量偏高
2025-05-25 12:08:00,1,预警,焚烧炉出口氧含量偏高
2025-05-25 12:10:00,1,预警,焚烧炉出口氧含量偏高
2025-05-25 12:12:00,1,预警,焚烧炉出口氧含量偏高
2025-05-25 12:14:00,1,预警,焚烧炉出口氧含量偏高
2025-05-25 12:16:00,1,预警,焚烧炉出口氧含量偏高
2025-05-25 12:18:00,1,预警,焚烧炉出口氧含量偏高
2025-05-25 12:20:00,1,预警,焚烧炉出口氧含量偏高
2025-05-25 12:24:00,1,预警,焚烧炉出口氧含量偏高
2025-05-25 12:38:00,1,预警,焚烧炉出口氧含量偏高
2025-05-25 12:40:00,1,预警,焚烧炉出口氧含量偏高
2025-05-25 12:42:00,1,预警,焚烧炉出口氧含量偏高
2025-05-25 12:44:00,1,预警,焚烧炉出口氧含量偏高
2025-05-25 12:46:00,1,预警,焚烧炉出口氧含量偏高
2025-05-25 12:48:00,1,预警,焚烧炉出口氧含量偏高
2025-05-25 12:50:00,1,预警,焚烧炉出口氧含量偏高
2025-05-25 12:52:00,1,预警,焚烧炉出口氧含量偏高
2025-05-25 12:54:00,1,预警,焚烧炉出口氧含量偏高
2025-05-25 12:56:00,1,预警,焚烧炉出口氧含量偏高
2025-05-25 13:00:00,1,预警,焚烧炉出口氧含量偏高
2025-05-25 13:02:00,1,预警,焚烧炉出口氧含量偏高
2025-05-25 13:04:00,1,预警,焚烧炉出口氧含量偏高
2025-05-25 13:06:00,1,预警,焚烧炉出口氧含量偏高
2025-05-25 13:08:00,1,预警,焚烧炉出口氧含量偏高
2025-05-25 13:10:00,1,预警,焚烧炉出口氧含量偏高
2025-05-25 13:12:00,1,预警,焚烧炉出口氧含量偏高
2025-05-25 13:14:00,1,预警,焚烧炉出口氧含量偏高
2025-05-25 13:18:00,1,预警,焚烧炉出口氧含量偏高
2025-05-25 13:20:00,1,预警,焚烧炉出口氧含量偏高
2025-05-25 13:22:00,1,预警,焚烧炉出口氧含量偏高
2025-05-25 13:24:00,1,预警,焚烧炉出口氧含量偏高
2025-05-25 13:26:00,1,预警,焚烧炉出口氧含量偏高
2025-05-25 13:46:00,1,预警,焚烧炉出口氧含量偏高
2025-05-25 13:48:00,1,预警,焚烧炉出口氧含量偏高
2025-05-25 13:50:00,1,预警,焚烧炉出口氧含量偏高
2025-05-25 13:52:00,1,预警,焚烧炉出口氧含量偏高
2025-05-25 13:54:00,1,预警,焚烧炉出口氧含量偏高
2025-05-25 13:56:00,1,预警,焚烧炉出口氧含量偏高
2025-05-25 13:58:00,1,预警,焚烧炉出口氧含量偏高
2025-05-25 14:00:00,1,预警,焚烧炉出口氧含量偏高
2025-05-25 14:02:00,1,预警,焚烧炉出口氧含量偏高
2025-05-25 14:06:00,1,预警,焚烧炉出口氧含量偏高
2025-05-25 14:12:00,1,预警,焚烧炉出口氧含量偏高
2025-05-25 14:14:00,1,预警,焚烧炉出口氧含量偏高
2025-05-25 14:16:00,1,预警,焚烧炉出口氧含量偏高
2025-05-25 14:20:00,1,预警,焚烧炉出口氧含量偏高
2025-05-25 14:28:00,1,预警,焚烧炉出口氧含量偏高
2025-05-25 14:34:00,1,预警,焚烧炉出口氧含量偏高
2025-05-25 14:38:00,1,预警,焚烧炉出口氧含量偏高
2025-05-25 14:40:00,1,预警,焚烧炉出口氧含量偏高
2025-05-25 14:46:00,1,预警,焚烧炉出口氧含量偏高
2025-05-25 14:48:00,1,预警,焚烧炉出口氧含量偏高
2025-05-25 14:52:00,1,预警,焚烧炉出口氧含量偏高
2025-05-25 14:54:00,1,预警,焚烧炉出口氧含量偏高
2025-05-25 14:56:00,1,预警,焚烧炉出口氧含量偏高
2025-05-25 14:58:00,1,预警,焚烧炉出口氧含量偏高
2025-05-25 15:00:00,1,预警,焚烧炉出口氧含量偏高
2025-05-25 15:02:00,1,预警,焚烧炉出口氧含量偏高
2025-05-25 15:04:00,1,预警,焚烧炉出口氧含量偏高
2025-05-25 15:06:00,1,预警,焚烧炉出口氧含量偏高
2025-05-25 15:08:00,1,预警,焚烧炉出口氧含量偏高
2025-05-25 15:10:00,1,预警,焚烧炉出口氧含量偏高
2025-05-25 15:12:00,1,预警,焚烧炉出口氧含量偏高
2025-05-25 15:14:00,1,预警,焚烧炉出口氧含量偏高
2025-05-25 15:16:00,1,预警,焚烧炉出口氧含量偏高
2025-05-25 15:18:00,1,预警,焚烧炉出口氧含量偏高
2025-05-25 15:20:00,1,预警,焚烧炉出口氧含量偏高
2025-05-25 15:22:00,1,预警,焚烧炉出口氧含量偏高
2025-05-25 15:24:00,1,预警,焚烧炉出口氧含量偏高
2025-05-25 15:26:00,1,预警,焚烧炉出口氧含量偏高
2025-05-25 15:28:00,1,预警,焚烧炉出口氧含量偏高
2025-05-25 15:30:00,1,预警,焚烧炉出口氧含量偏高
2025-05-25 15:32:00,1,预警,焚烧炉出口氧含量偏高
2025-05-25 15:34:00,1,预警,焚烧炉出口氧含量偏高
2025-05-25 15:36:00,1,预警,焚烧炉出口氧含量偏高
2025-05-25 15:38:00,1,预警,焚烧炉出口氧含量偏高
2025-05-25 15:40:00,1,预警,焚烧炉出口氧含量偏高
2025-05-25 15:42:00,1,预警,焚烧炉出口氧含量偏高
2025-05-25 15:44:00,1,预警,焚烧炉出口氧含量偏高
2025-05-25 15:46:00,1,预警,焚烧炉出口氧含量偏高
2025-05-25 15:48:00,1,预警,焚烧炉出口氧含量偏高
2025-05-25 15:50:00,1,预警,焚烧炉出口氧含量偏高
2025-05-25 15:52:00,1,预警,焚烧炉出口氧含量偏高
2025-05-25 15:54:00,1,预警,焚烧炉出口氧含量偏高
2025-05-25 15:56:00,1,预警,焚烧炉出口氧含量偏高
2025-05-25 15:58:00,1,预警,焚烧炉出口氧含量偏高
2025-05-25 16:00:00,1,预警,焚烧炉出口氧含量偏高
2025-05-25 16:02:00,1,预警,焚烧炉出口氧含量偏高
2025-05-25 16:04:00,1,预警,焚烧炉出口氧含量偏高
2025-05-25 16:06:00,1,预警,焚烧炉出口氧含量偏高
2025-05-25 16:10:00,1,预警,焚烧炉出口氧含量偏高
2025-05-25 16:22:00,1,预警,焚烧炉出口氧含量偏高
2025-05-25 16:24:00,1,预警,焚烧炉出口氧含量偏高
2025-05-25 16:26:00,1,预警,焚烧炉出口氧含量偏高
2025-05-25 16:28:00,1,预警,焚烧炉出口氧含量偏高
2025-05-25 16:30:00,1,预警,焚烧炉出口氧含量偏高
2025-05-25 16:32:00,1,预警,焚烧炉出口氧含量偏高
2025-05-25 16:34:00,1,预警,焚烧炉出口氧含量偏高
2025-05-25 17:02:00,1,预警,焚烧炉出口氧含量偏高
2025-05-25 17:06:00,1,预警,焚烧炉出口氧含量偏高
2025-05-25 17:14:00,1,预警,焚烧炉出口氧含量偏高
2025-05-25 17:16:00,1,预警,焚烧炉出口氧含量偏高
2025-05-25 17:18:00,1,预警,焚烧炉出口氧含量偏高
2025-05-25 17:20:00,1,预警,焚烧炉出口氧含量偏高
2025-05-25 17:22:00,1,预警,焚烧炉出口氧含量偏高
2025-05-25 17:24:00,1,预警,焚烧炉出口氧含量偏高
2025-05-25 17:26:00,1,预警,焚烧炉出口氧含量偏高
2025-05-25 17:28:00,1,预警,焚烧炉出口氧含量偏高
2025-05-25 17:42:00,1,预警,焚烧炉出口氧含量偏高
2025-05-25 17:44:00,1,预警,焚烧炉出口氧含量偏高
2025-05-25 17:46:00,1,预警,焚烧炉出口氧含量偏高
2025-05-25 17:48:00,1,预警,焚烧炉出口氧含量偏高
2025-05-25 17:50:00,1,预警,焚烧炉出口氧含量偏高
2025-05-25 17:52:00,1,预警,焚烧炉出口氧含量偏高
2025-05-25 17:54:00,1,预警,焚烧炉出口氧含量偏高
2025-05-25 17:56:00,1,预警,焚烧炉出口氧含量偏高
2025-05-25 17:58:00,1,预警,焚烧炉出口氧含量偏高
2025-05-25 18:00:00,1,预警,焚烧炉出口氧含量偏高
2025-05-25 18:02:00,1,预警,焚烧炉出口氧含量偏高
2025-05-25 18:04:00,1,预警,焚烧炉出口氧含量偏高
2025-05-25 18:06:00,1,预警,焚烧炉出口氧含量偏高
2025-05-25 18:08:00,1,预警,焚烧炉出口氧含量偏高
2025-05-25 18:10:00,1,预警,焚烧炉出口氧含量偏高
2025-05-25 18:12:00,1,预警,焚烧炉出口氧含量偏高
2025-05-25 18:14:00,1,预警,焚烧炉出口氧含量偏高
2025-05-25 18:16:00,1,预警,焚烧炉出口氧含量偏高
2025-05-25 18:18:00,1,预警,焚烧炉出口氧含量偏高
2025-05-25 18:20:00,1,预警,焚烧炉出口氧含量偏高
2025-05-25 18:22:00,1,预警,焚烧炉出口氧含量偏高
2025-05-25 18:24:00,1,预警,焚烧炉出口氧含量偏高
2025-05-25 18:26:00,1,预警,焚烧炉出口氧含量偏高
2025-05-25 18:28:00,1,预警,焚烧炉出口氧含量偏高
2025-05-25 18:30:00,1,预警,焚烧炉出口氧含量偏高
2025-05-25 18:32:00,1,预警,焚烧炉出口氧含量偏高
2025-05-25 18:34:00,1,预警,焚烧炉出口氧含量偏高
2025-05-25 18:38:00,1,预警,焚烧炉出口氧含量偏高
2025-05-25 19:36:00,1,预警,焚烧炉出口氧含量偏高
2025-05-25 19:38:00,1,预警,焚烧炉出口氧含量偏高
2025-05-25 19:40:00,1,预警,焚烧炉出口氧含量偏高
2025-05-25 19:42:00,1,预警,焚烧炉出口氧含量偏高
2025-05-25 19:44:00,1,预警,焚烧炉出口氧含量偏高
2025-05-25 19:46:00,1,预警,焚烧炉出口氧含量偏高
2025-05-25 19:48:00,1,预警,焚烧炉出口氧含量偏高
2025-05-25 19:50:00,1,预警,焚烧炉出口氧含量偏高
2025-05-25 19:52:00,1,预警,焚烧炉出口氧含量偏高
2025-05-25 19:54:00,1,预警,焚烧炉出口氧含量偏高
2025-05-25 19:56:00,1,预警,焚烧炉出口氧含量偏高
2025-05-25 19:58:00,1,预警,焚烧炉出口氧含量偏高
2025-05-25 20:02:00,1,预警,焚烧炉出口氧含量偏高
2025-05-25 20:04:00,1,预警,焚烧炉出口氧含量偏高
2025-05-25 20:06:00,1,预警,焚烧炉出口氧含量偏高
2025-05-25 20:08:00,1,预警,焚烧炉出口氧含量偏高
2025-05-25 20:10:00,1,预警,焚烧炉出口氧含量偏高
2025-05-25 20:12:00,1,预警,焚烧炉出口氧含量偏高
2025-05-25 20:14:00,1,预警,焚烧炉出口氧含量偏高
2025-05-25 20:16:00,1,预警,焚烧炉出口氧含量偏高
2025-05-25 20:18:00,1,预警,焚烧炉出口氧含量偏高
2025-05-25 20:20:00,1,预警,焚烧炉出口氧含量偏高
2025-05-25 20:22:00,1,预警,焚烧炉出口氧含量偏高
2025-05-25 20:24:00,1,预警,焚烧炉出口氧含量偏高
2025-05-25 20:26:00,1,预警,焚烧炉出口氧含量偏高
2025-05-25 20:28:00,1,预警,焚烧炉出口氧含量偏高
2025-05-25 20:30:00,1,预警,焚烧炉出口氧含量偏高
2025-05-25 20:32:00,1,预警,焚烧炉出口氧含量偏高
2025-05-25 20:34:00,1,预警,焚烧炉出口氧含量偏高
2025-05-25 20:36:00,1,预警,焚烧炉出口氧含量偏高
2025-05-25 20:38:00,1,预警,焚烧炉出口氧含量偏高
2025-05-25 20:40:00,1,预警,焚烧炉出口氧含量偏高
2025-05-25 20:42:00,1,预警,焚烧炉出口氧含量偏高
2025-05-25 20:44:00,1,预警,焚烧炉出口氧含量偏高
2025-05-25 20:46:00,1,预警,焚烧炉出口氧含量偏高
2025-05-25 20:48:00,1,预警,焚烧炉出口氧含量偏高
2025-05-25 20:50:00,1,预警,焚烧炉出口氧含量偏高
2025-05-25 20:52:00,1,预警,焚烧炉出口氧含量偏高
2025-05-25 20:54:00,1,预警,焚烧炉出口氧含量偏高
2025-05-25 20:56:00,1,预警,焚烧炉出口氧含量偏高
2025-05-25 20:58:00,1,预警,焚烧炉出口氧含量偏高
2025-05-25 21:00:00,1,预警,焚烧炉出口氧含量偏高
2025-05-25 22:50:00,1,预警,焚烧炉出口氧含量偏高
2025-05-25 23:02:00,1,预警,焚烧炉出口氧含量偏高
2025-05-25 23:24:00,1,预警,焚烧炉出口氧含量偏高
2025-05-25 23:26:00,1,预警,焚烧炉出口氧含量偏高
2025-05-25 23:28:00,1,预警,焚烧炉出口氧含量偏高
2025-05-25 23:30:00,1,预警,焚烧炉出口氧含量偏高
2025-05-25 23:32:00,1,预警,焚烧炉出口氧含量偏高
2025-05-25 23:34:00,1,预警,焚烧炉出口氧含量偏高
2025-05-25 23:36:00,1,预警,焚烧炉出口氧含量偏高
2025-05-25 23:38:00,1,预警,焚烧炉出口氧含量偏高
2025-05-25 23:40:00,1,预警,焚烧炉出口氧含量偏高
2025-05-25 23:42:00,1,预警,焚烧炉出口氧含量偏高
2025-05-25 23:44:00,1,预警,焚烧炉出口氧含量偏高
2025-05-25 23:46:00,1,预警,焚烧炉出口氧含量偏高
2025-05-25 23:48:00,1,预警,焚烧炉出口氧含量偏高
2025-05-25 23:50:00,1,预警,焚烧炉出口氧含量偏高
2025-05-25 23:52:00,1,预警,焚烧炉出口氧含量偏高
2025-05-25 23:54:00,1,预警,焚烧炉出口氧含量偏高
2025-05-25 23:56:00,1,预警,焚烧炉出口氧含量偏高
2025-05-25 23:58:00,1,预警,焚烧炉出口氧含量偏高
