﻿时间,炉号,预警/报警类型,预警/报警事件
2025-05-26 00:00:00,1,预警,焚烧炉出口氧含量偏高
2025-05-26 00:02:00,1,预警,焚烧炉出口氧含量偏高
2025-05-26 00:04:00,1,预警,焚烧炉出口氧含量偏高
2025-05-26 00:06:00,1,预警,焚烧炉出口氧含量偏高
2025-05-26 00:08:00,1,预警,焚烧炉出口氧含量偏高
2025-05-26 00:12:00,1,预警,焚烧炉出口氧含量偏高
2025-05-26 00:14:00,1,预警,焚烧炉出口氧含量偏高
2025-05-26 00:16:00,1,预警,焚烧炉出口氧含量偏高
2025-05-26 00:20:00,1,预警,焚烧炉出口氧含量偏高
2025-05-26 00:30:00,1,预警,焚烧炉出口氧含量偏高
2025-05-26 00:32:00,1,预警,焚烧炉出口氧含量偏高
2025-05-26 00:34:00,1,预警,焚烧炉出口氧含量偏高
2025-05-26 00:36:00,1,预警,焚烧炉出口氧含量偏高
2025-05-26 01:28:00,1,预警,焚烧炉出口氧含量偏高
2025-05-26 01:50:00,1,预警,焚烧炉出口氧含量偏高
2025-05-26 01:52:00,1,预警,焚烧炉出口氧含量偏高
2025-05-26 01:54:00,1,预警,焚烧炉出口氧含量偏高
2025-05-26 01:56:00,1,预警,焚烧炉出口氧含量偏高
2025-05-26 02:00:00,1,预警,焚烧炉出口氧含量偏高
2025-05-26 02:08:00,1,预警,焚烧炉出口氧含量偏高
2025-05-26 02:14:00,1,预警,焚烧炉出口氧含量偏高
2025-05-26 02:24:00,1,预警,焚烧炉出口氧含量偏高
2025-05-26 02:26:00,1,预警,焚烧炉出口氧含量偏高
2025-05-26 02:28:00,1,预警,焚烧炉出口氧含量偏高
2025-05-26 02:30:00,1,预警,焚烧炉出口氧含量偏高
2025-05-26 02:32:00,1,预警,焚烧炉出口氧含量偏高
2025-05-26 02:34:00,1,预警,焚烧炉出口氧含量偏高
2025-05-26 02:36:00,1,预警,焚烧炉出口氧含量偏高
2025-05-26 02:38:00,1,预警,焚烧炉出口氧含量偏高
2025-05-26 02:40:00,1,预警,焚烧炉出口氧含量偏高
2025-05-26 02:42:00,1,预警,焚烧炉出口氧含量偏高
2025-05-26 02:44:00,1,预警,焚烧炉出口氧含量偏高
2025-05-26 02:46:00,1,预警,焚烧炉出口氧含量偏高
2025-05-26 02:48:00,1,预警,焚烧炉出口氧含量偏高
2025-05-26 02:50:00,1,预警,焚烧炉出口氧含量偏高
2025-05-26 02:52:00,1,预警,焚烧炉出口氧含量偏高
2025-05-26 02:54:00,1,预警,焚烧炉出口氧含量偏高
2025-05-26 02:56:00,1,预警,焚烧炉出口氧含量偏高
2025-05-26 02:58:00,1,预警,焚烧炉出口氧含量偏高
2025-05-26 03:00:00,1,预警,焚烧炉出口氧含量偏高
2025-05-26 03:02:00,1,预警,焚烧炉出口氧含量偏高
2025-05-26 03:04:00,1,预警,焚烧炉出口氧含量偏高
2025-05-26 03:06:00,1,预警,焚烧炉出口氧含量偏高
2025-05-26 03:08:00,1,预警,焚烧炉出口氧含量偏高
2025-05-26 03:10:00,1,预警,焚烧炉出口氧含量偏高
2025-05-26 03:12:00,1,预警,焚烧炉出口氧含量偏高
2025-05-26 03:14:00,1,预警,焚烧炉出口氧含量偏高
2025-05-26 03:16:00,1,预警,焚烧炉出口氧含量偏高
2025-05-26 03:18:00,1,预警,焚烧炉出口氧含量偏高
2025-05-26 03:20:00,1,预警,焚烧炉出口氧含量偏高
2025-05-26 03:24:00,1,预警,焚烧炉出口氧含量偏高
2025-05-26 03:26:00,1,预警,焚烧炉出口氧含量偏高
2025-05-26 03:28:00,1,预警,焚烧炉出口氧含量偏高
2025-05-26 03:30:00,1,预警,焚烧炉出口氧含量偏高
2025-05-26 03:32:00,1,预警,焚烧炉出口氧含量偏高
2025-05-26 03:34:00,1,预警,焚烧炉出口氧含量偏高
2025-05-26 03:36:00,1,预警,焚烧炉出口氧含量偏高
2025-05-26 04:10:00,1,预警,焚烧炉出口氧含量偏高
2025-05-26 04:12:00,1,预警,焚烧炉出口氧含量偏高
2025-05-26 04:14:00,1,预警,焚烧炉出口氧含量偏高
2025-05-26 04:16:00,1,预警,焚烧炉出口氧含量偏高
2025-05-26 04:18:00,1,预警,焚烧炉出口氧含量偏高
2025-05-26 04:20:00,1,预警,焚烧炉出口氧含量偏高
2025-05-26 04:22:00,1,预警,焚烧炉出口氧含量偏高
2025-05-26 04:24:00,1,预警,焚烧炉出口氧含量偏高
2025-05-26 04:26:00,1,预警,焚烧炉出口氧含量偏高
2025-05-26 04:28:00,1,预警,焚烧炉出口氧含量偏高
2025-05-26 04:30:00,1,预警,焚烧炉出口氧含量偏高
2025-05-26 04:32:00,1,预警,焚烧炉出口氧含量偏高
2025-05-26 04:34:00,1,预警,焚烧炉出口氧含量偏高
2025-05-26 04:36:00,1,预警,焚烧炉出口氧含量偏高
2025-05-26 04:38:00,1,预警,焚烧炉出口氧含量偏高
2025-05-26 04:40:00,1,预警,焚烧炉出口氧含量偏高
2025-05-26 04:42:00,1,预警,焚烧炉出口氧含量偏高
2025-05-26 04:44:00,1,预警,焚烧炉出口氧含量偏高
2025-05-26 04:46:00,1,预警,焚烧炉出口氧含量偏高
2025-05-26 04:48:00,1,预警,焚烧炉出口氧含量偏高
2025-05-26 04:50:00,1,预警,焚烧炉出口氧含量偏高
2025-05-26 04:52:00,1,预警,焚烧炉出口氧含量偏高
2025-05-26 04:54:00,1,预警,焚烧炉出口氧含量偏高
2025-05-26 04:56:00,1,预警,焚烧炉出口氧含量偏高
2025-05-26 04:58:00,1,预警,焚烧炉出口氧含量偏高
2025-05-26 05:00:00,1,预警,焚烧炉出口氧含量偏高
2025-05-26 05:02:00,1,预警,焚烧炉出口氧含量偏高
2025-05-26 05:04:00,1,预警,焚烧炉出口氧含量偏高
2025-05-26 05:06:00,1,预警,焚烧炉出口氧含量偏高
2025-05-26 05:08:00,1,预警,焚烧炉出口氧含量偏高
2025-05-26 05:10:00,1,预警,焚烧炉出口氧含量偏高
2025-05-26 05:12:00,1,预警,焚烧炉出口氧含量偏高
2025-05-26 05:14:00,1,预警,焚烧炉出口氧含量偏高
2025-05-26 05:16:00,1,预警,焚烧炉出口氧含量偏高
2025-05-26 05:18:00,1,预警,焚烧炉出口氧含量偏高
2025-05-26 05:20:00,1,预警,焚烧炉出口氧含量偏高
2025-05-26 05:34:00,1,预警,焚烧炉出口氧含量偏高
2025-05-26 06:06:00,1,预警,焚烧炉出口氧含量偏高
2025-05-26 06:08:00,1,预警,焚烧炉出口氧含量偏高
2025-05-26 06:10:00,1,预警,焚烧炉出口氧含量偏高
2025-05-26 06:12:00,1,预警,焚烧炉出口氧含量偏高
2025-05-26 06:14:00,1,预警,焚烧炉出口氧含量偏高
2025-05-26 06:16:00,1,预警,焚烧炉出口氧含量偏高
2025-05-26 06:18:00,1,预警,焚烧炉出口氧含量偏高
2025-05-26 06:20:00,1,预警,焚烧炉出口氧含量偏高
2025-05-26 06:22:00,1,预警,焚烧炉出口氧含量偏高
2025-05-26 06:24:00,1,预警,焚烧炉出口氧含量偏高
2025-05-26 06:26:00,1,预警,焚烧炉出口氧含量偏高
2025-05-26 06:28:00,1,预警,焚烧炉出口氧含量偏高
2025-05-26 06:30:00,1,预警,焚烧炉出口氧含量偏高
2025-05-26 06:32:00,1,预警,焚烧炉出口氧含量偏高
2025-05-26 06:34:00,1,预警,焚烧炉出口氧含量偏高
2025-05-26 06:36:00,1,预警,焚烧炉出口氧含量偏高
2025-05-26 06:48:00,1,预警,焚烧炉出口氧含量偏高
2025-05-26 06:50:00,1,预警,焚烧炉出口氧含量偏高
2025-05-26 06:52:00,1,预警,焚烧炉出口氧含量偏高
2025-05-26 06:54:00,1,预警,焚烧炉出口氧含量偏高
2025-05-26 06:56:00,1,预警,焚烧炉出口氧含量偏高
2025-05-26 06:58:00,1,预警,焚烧炉出口氧含量偏高
2025-05-26 07:00:00,1,预警,焚烧炉出口氧含量偏高
2025-05-26 07:02:00,1,预警,焚烧炉出口氧含量偏高
2025-05-26 07:04:00,1,预警,焚烧炉出口氧含量偏高
2025-05-26 07:06:00,1,预警,焚烧炉出口氧含量偏高
2025-05-26 07:08:00,1,预警,焚烧炉出口氧含量偏高
2025-05-26 07:12:00,1,预警,焚烧炉出口氧含量偏高
2025-05-26 07:16:00,1,预警,焚烧炉出口氧含量偏高
2025-05-26 07:20:00,1,预警,焚烧炉出口氧含量偏高
2025-05-26 07:42:00,1,预警,焚烧炉出口氧含量偏高
2025-05-26 07:58:00,1,预警,焚烧炉出口氧含量偏高
2025-05-26 08:02:00,1,预警,焚烧炉出口氧含量偏高
2025-05-26 08:04:00,1,预警,焚烧炉出口氧含量偏高
2025-05-26 08:06:00,1,预警,焚烧炉出口氧含量偏高
2025-05-26 08:08:00,1,预警,焚烧炉出口氧含量偏高
2025-05-26 08:10:00,1,预警,焚烧炉出口氧含量偏高
2025-05-26 08:12:00,1,预警,焚烧炉出口氧含量偏高
2025-05-26 08:14:00,1,预警,焚烧炉出口氧含量偏高
2025-05-26 08:16:00,1,预警,焚烧炉出口氧含量偏高
2025-05-26 08:18:00,1,预警,焚烧炉出口氧含量偏高
2025-05-26 08:20:00,1,预警,焚烧炉出口氧含量偏高
2025-05-26 08:22:00,1,预警,焚烧炉出口氧含量偏高
2025-05-26 08:24:00,1,预警,焚烧炉出口氧含量偏高
2025-05-26 08:26:00,1,预警,焚烧炉出口氧含量偏高
2025-05-26 08:28:00,1,预警,焚烧炉出口氧含量偏高
2025-05-26 08:30:00,1,预警,焚烧炉出口氧含量偏高
2025-05-26 08:32:00,1,预警,焚烧炉出口氧含量偏高
2025-05-26 08:34:00,1,预警,焚烧炉出口氧含量偏高
2025-05-26 08:36:00,1,预警,焚烧炉出口氧含量偏高
2025-05-26 08:38:00,1,预警,焚烧炉出口氧含量偏高
2025-05-26 08:40:00,1,预警,焚烧炉出口氧含量偏高
2025-05-26 08:42:00,1,预警,焚烧炉出口氧含量偏高
2025-05-26 08:44:00,1,预警,焚烧炉出口氧含量偏高
2025-05-26 08:46:00,1,预警,焚烧炉出口氧含量偏高
2025-05-26 08:48:00,1,预警,焚烧炉出口氧含量偏高
2025-05-26 08:50:00,1,预警,焚烧炉出口氧含量偏高
2025-05-26 08:52:00,1,预警,焚烧炉出口氧含量偏高
2025-05-26 08:54:00,1,预警,焚烧炉出口氧含量偏高
2025-05-26 08:56:00,1,预警,焚烧炉出口氧含量偏高
2025-05-26 08:58:00,1,预警,焚烧炉出口氧含量偏高
2025-05-26 09:00:00,1,预警,焚烧炉出口氧含量偏高
2025-05-26 09:02:00,1,预警,焚烧炉出口氧含量偏高
2025-05-26 09:04:00,1,预警,焚烧炉出口氧含量偏高
2025-05-26 09:06:00,1,预警,焚烧炉出口氧含量偏高
2025-05-26 09:08:00,1,预警,焚烧炉出口氧含量偏高
2025-05-26 09:10:00,1,预警,焚烧炉出口氧含量偏高
2025-05-26 09:12:00,1,预警,焚烧炉出口氧含量偏高
2025-05-26 09:14:00,1,预警,焚烧炉出口氧含量偏高
2025-05-26 09:16:00,1,预警,焚烧炉出口氧含量偏高
2025-05-26 09:18:00,1,预警,焚烧炉出口氧含量偏高
2025-05-26 09:20:00,1,预警,焚烧炉出口氧含量偏高
2025-05-26 09:22:00,1,预警,焚烧炉出口氧含量偏高
2025-05-26 09:24:00,1,预警,焚烧炉出口氧含量偏高
2025-05-26 09:26:00,1,预警,焚烧炉出口氧含量偏高
2025-05-26 09:28:00,1,预警,焚烧炉出口氧含量偏高
2025-05-26 09:30:00,1,预警,焚烧炉出口氧含量偏高
2025-05-26 09:32:00,1,预警,焚烧炉出口氧含量偏高
2025-05-26 09:34:00,1,预警,焚烧炉出口氧含量偏高
2025-05-26 09:36:00,1,预警,焚烧炉出口氧含量偏高
2025-05-26 09:38:00,1,预警,焚烧炉出口氧含量偏高
2025-05-26 09:40:00,1,预警,焚烧炉出口氧含量偏高
2025-05-26 09:42:00,1,预警,焚烧炉出口氧含量偏高
2025-05-26 09:44:00,1,预警,焚烧炉出口氧含量偏高
2025-05-26 09:46:00,1,预警,焚烧炉出口氧含量偏高
2025-05-26 09:48:00,1,预警,焚烧炉出口氧含量偏高
2025-05-26 09:50:00,1,预警,焚烧炉出口氧含量偏高
2025-05-26 09:52:00,1,预警,焚烧炉出口氧含量偏高
2025-05-26 09:54:00,1,预警,焚烧炉出口氧含量偏高
2025-05-26 09:56:00,1,预警,焚烧炉出口氧含量偏高
2025-05-26 09:58:00,1,预警,焚烧炉出口氧含量偏高
2025-05-26 10:00:00,1,预警,焚烧炉出口氧含量偏高
2025-05-26 11:06:00,1,预警,焚烧炉出口氧含量偏高
2025-05-26 11:08:00,1,预警,焚烧炉出口氧含量偏高
2025-05-26 11:16:00,1,预警,焚烧炉出口氧含量偏高
2025-05-26 11:18:00,1,预警,焚烧炉出口氧含量偏高
2025-05-26 11:20:00,1,预警,焚烧炉出口氧含量偏高
2025-05-26 11:22:00,1,预警,焚烧炉出口氧含量偏高
2025-05-26 11:24:00,1,预警,焚烧炉出口氧含量偏高
2025-05-26 11:26:00,1,预警,焚烧炉出口氧含量偏高
2025-05-26 11:34:00,1,预警,焚烧炉出口氧含量偏高
2025-05-26 11:36:00,1,预警,焚烧炉出口氧含量偏高
2025-05-26 11:38:00,1,预警,焚烧炉出口氧含量偏高
2025-05-26 11:40:00,1,预警,焚烧炉出口氧含量偏高
2025-05-26 11:42:00,1,预警,焚烧炉出口氧含量偏高
2025-05-26 11:44:00,1,预警,焚烧炉出口氧含量偏高
2025-05-26 11:46:00,1,预警,焚烧炉出口氧含量偏高
2025-05-26 11:48:00,1,预警,焚烧炉出口氧含量偏高
2025-05-26 11:50:00,1,预警,焚烧炉出口氧含量偏高
2025-05-26 11:52:00,1,预警,焚烧炉出口氧含量偏高
2025-05-26 11:54:00,1,预警,焚烧炉出口氧含量偏高
2025-05-26 11:56:00,1,预警,焚烧炉出口氧含量偏高
2025-05-26 11:58:00,1,预警,焚烧炉出口氧含量偏高
2025-05-26 12:00:00,1,预警,焚烧炉出口氧含量偏高
2025-05-26 12:02:00,1,预警,焚烧炉出口氧含量偏高
2025-05-26 12:04:00,1,预警,焚烧炉出口氧含量偏高
2025-05-26 13:20:00,1,预警,焚烧炉出口氧含量偏高
2025-05-26 13:24:00,1,预警,焚烧炉出口氧含量偏高
2025-05-26 13:26:00,1,预警,焚烧炉出口氧含量偏高
2025-05-26 13:28:00,1,预警,焚烧炉出口氧含量偏高
2025-05-26 13:30:00,1,预警,焚烧炉出口氧含量偏高
2025-05-26 13:34:00,1,预警,焚烧炉出口氧含量偏高
2025-05-26 13:36:00,1,预警,焚烧炉出口氧含量偏高
2025-05-26 13:38:00,1,预警,焚烧炉出口氧含量偏高
2025-05-26 13:40:00,1,预警,焚烧炉出口氧含量偏高
2025-05-26 13:42:00,1,预警,焚烧炉出口氧含量偏高
2025-05-26 13:44:00,1,预警,焚烧炉出口氧含量偏高
2025-05-26 13:46:00,1,预警,焚烧炉出口氧含量偏高
2025-05-26 13:48:00,1,预警,焚烧炉出口氧含量偏高
2025-05-26 13:58:00,1,预警,焚烧炉出口氧含量偏高
2025-05-26 14:00:00,1,预警,焚烧炉出口氧含量偏高
2025-05-26 14:02:00,1,预警,焚烧炉出口氧含量偏高
2025-05-26 14:04:00,1,预警,焚烧炉出口氧含量偏高
2025-05-26 14:06:00,1,预警,焚烧炉出口氧含量偏高
2025-05-26 14:08:00,1,预警,焚烧炉出口氧含量偏高
2025-05-26 14:10:00,1,预警,焚烧炉出口氧含量偏高
2025-05-26 14:12:00,1,预警,焚烧炉出口氧含量偏高
2025-05-26 14:14:00,1,预警,焚烧炉出口氧含量偏高
2025-05-26 14:16:00,1,预警,焚烧炉出口氧含量偏高
2025-05-26 14:18:00,1,预警,焚烧炉出口氧含量偏高
2025-05-26 14:20:00,1,预警,焚烧炉出口氧含量偏高
2025-05-26 14:22:00,1,预警,焚烧炉出口氧含量偏高
2025-05-26 14:24:00,1,预警,焚烧炉出口氧含量偏高
2025-05-26 14:26:00,1,预警,焚烧炉出口氧含量偏高
2025-05-26 14:28:00,1,预警,焚烧炉出口氧含量偏高
2025-05-26 14:30:00,1,预警,焚烧炉出口氧含量偏高
2025-05-26 14:32:00,1,预警,焚烧炉出口氧含量偏高
2025-05-26 14:34:00,1,预警,焚烧炉出口氧含量偏高
2025-05-26 14:36:00,1,预警,焚烧炉出口氧含量偏高
2025-05-26 14:38:00,1,预警,焚烧炉出口氧含量偏高
2025-05-26 14:40:00,1,预警,焚烧炉出口氧含量偏高
2025-05-26 14:42:00,1,预警,焚烧炉出口氧含量偏高
2025-05-26 14:44:00,1,预警,焚烧炉出口氧含量偏高
2025-05-26 14:46:00,1,预警,焚烧炉出口氧含量偏高
2025-05-26 14:48:00,1,预警,焚烧炉出口氧含量偏高
2025-05-26 14:50:00,1,预警,焚烧炉出口氧含量偏高
2025-05-26 14:52:00,1,预警,焚烧炉出口氧含量偏高
2025-05-26 14:54:00,1,预警,焚烧炉出口氧含量偏高
2025-05-26 14:56:00,1,预警,焚烧炉出口氧含量偏高
2025-05-26 14:58:00,1,预警,焚烧炉出口氧含量偏高
2025-05-26 15:00:00,1,预警,焚烧炉出口氧含量偏高
2025-05-26 15:02:00,1,预警,焚烧炉出口氧含量偏高
2025-05-26 15:04:00,1,预警,焚烧炉出口氧含量偏高
2025-05-26 15:06:00,1,预警,焚烧炉出口氧含量偏高
2025-05-26 15:12:00,1,预警,焚烧炉出口氧含量偏高
2025-05-26 15:24:00,1,预警,焚烧炉出口氧含量偏高
2025-05-26 15:26:00,1,预警,焚烧炉出口氧含量偏高
2025-05-26 15:28:00,1,预警,焚烧炉出口氧含量偏高
2025-05-26 15:30:00,1,预警,焚烧炉出口氧含量偏高
2025-05-26 15:32:00,1,预警,焚烧炉出口氧含量偏高
2025-05-26 15:34:00,1,预警,焚烧炉出口氧含量偏高
2025-05-26 15:36:00,1,预警,焚烧炉出口氧含量偏高
2025-05-26 15:40:00,1,预警,焚烧炉出口氧含量偏高
2025-05-26 15:42:00,1,预警,焚烧炉出口氧含量偏高
2025-05-26 15:44:00,1,预警,焚烧炉出口氧含量偏高
2025-05-26 15:46:00,1,预警,焚烧炉出口氧含量偏高
2025-05-26 15:48:00,1,预警,焚烧炉出口氧含量偏高
2025-05-26 15:54:00,1,预警,焚烧炉出口氧含量偏高
2025-05-26 15:56:00,1,预警,焚烧炉出口氧含量偏高
2025-05-26 15:58:00,1,预警,焚烧炉出口氧含量偏高
2025-05-26 16:00:00,1,预警,焚烧炉出口氧含量偏高
2025-05-26 16:02:00,1,预警,焚烧炉出口氧含量偏高
2025-05-26 16:04:00,1,预警,焚烧炉出口氧含量偏高
2025-05-26 16:06:00,1,预警,焚烧炉出口氧含量偏高
2025-05-26 16:08:00,1,预警,焚烧炉出口氧含量偏高
2025-05-26 16:10:00,1,预警,焚烧炉出口氧含量偏高
2025-05-26 16:12:00,1,预警,焚烧炉出口氧含量偏高
2025-05-26 16:14:00,1,预警,焚烧炉出口氧含量偏高
2025-05-26 16:16:00,1,预警,焚烧炉出口氧含量偏高
2025-05-26 16:18:00,1,预警,焚烧炉出口氧含量偏高
2025-05-26 16:24:00,1,预警,焚烧炉出口氧含量偏高
2025-05-26 16:58:00,1,预警,焚烧炉出口氧含量偏高
2025-05-26 17:22:00,1,预警,焚烧炉出口氧含量偏高
2025-05-26 17:24:00,1,预警,焚烧炉出口氧含量偏高
2025-05-26 17:26:00,1,预警,焚烧炉出口氧含量偏高
2025-05-26 17:32:00,1,预警,焚烧炉出口氧含量偏高
2025-05-26 17:34:00,1,预警,焚烧炉出口氧含量偏高
2025-05-26 17:36:00,1,预警,焚烧炉出口氧含量偏高
2025-05-26 17:38:00,1,预警,焚烧炉出口氧含量偏高
2025-05-26 17:40:00,1,预警,焚烧炉出口氧含量偏高
2025-05-26 17:42:00,1,预警,焚烧炉出口氧含量偏高
2025-05-26 17:44:00,1,预警,焚烧炉出口氧含量偏高
2025-05-26 17:46:00,1,预警,焚烧炉出口氧含量偏高
2025-05-26 17:48:00,1,预警,焚烧炉出口氧含量偏高
2025-05-26 17:50:00,1,预警,焚烧炉出口氧含量偏高
2025-05-26 17:52:00,1,预警,焚烧炉出口氧含量偏高
2025-05-26 17:54:00,1,预警,焚烧炉出口氧含量偏高
2025-05-26 18:50:00,1,预警,焚烧炉出口氧含量偏高
2025-05-26 18:52:00,1,预警,焚烧炉出口氧含量偏高
2025-05-26 18:54:00,1,预警,焚烧炉出口氧含量偏高
2025-05-26 18:56:00,1,预警,焚烧炉出口氧含量偏高
2025-05-26 18:58:00,1,预警,焚烧炉出口氧含量偏高
2025-05-26 19:06:00,1,预警,焚烧炉出口氧含量偏高
2025-05-26 19:08:00,1,预警,焚烧炉出口氧含量偏高
2025-05-26 19:10:00,1,预警,焚烧炉出口氧含量偏高
2025-05-26 19:12:00,1,预警,焚烧炉出口氧含量偏高
2025-05-26 19:14:00,1,预警,焚烧炉出口氧含量偏高
2025-05-26 19:16:00,1,预警,焚烧炉出口氧含量偏高
2025-05-26 19:20:00,1,预警,焚烧炉出口氧含量偏高
2025-05-26 19:24:00,1,预警,焚烧炉出口氧含量偏高
2025-05-26 19:34:00,1,预警,焚烧炉出口氧含量偏高
2025-05-26 19:36:00,1,预警,焚烧炉出口氧含量偏高
2025-05-26 19:38:00,1,预警,焚烧炉出口氧含量偏高
2025-05-26 19:42:00,1,预警,焚烧炉出口氧含量偏高
2025-05-26 19:46:00,1,预警,焚烧炉出口氧含量偏高
2025-05-26 19:50:00,1,预警,焚烧炉出口氧含量偏高
2025-05-26 19:54:00,1,预警,焚烧炉出口氧含量偏高
2025-05-26 20:02:00,1,预警,焚烧炉出口氧含量偏高
2025-05-26 20:04:00,1,预警,焚烧炉出口氧含量偏高
2025-05-26 20:06:00,1,预警,焚烧炉出口氧含量偏高
2025-05-26 20:08:00,1,预警,焚烧炉出口氧含量偏高
2025-05-26 20:10:00,1,预警,焚烧炉出口氧含量偏高
2025-05-26 20:14:00,1,预警,焚烧炉出口氧含量偏高
2025-05-26 20:18:00,1,预警,焚烧炉出口氧含量偏高
2025-05-26 20:20:00,1,预警,焚烧炉出口氧含量偏高
2025-05-26 20:22:00,1,预警,焚烧炉出口氧含量偏高
2025-05-26 20:36:00,1,预警,焚烧炉出口氧含量偏高
2025-05-26 20:40:00,1,预警,焚烧炉出口氧含量偏高
2025-05-26 20:42:00,1,预警,焚烧炉出口氧含量偏高
2025-05-26 20:44:00,1,预警,焚烧炉出口氧含量偏高
2025-05-26 20:46:00,1,预警,焚烧炉出口氧含量偏高
2025-05-26 20:48:00,1,预警,焚烧炉出口氧含量偏高
2025-05-26 20:50:00,1,预警,焚烧炉出口氧含量偏高
2025-05-26 20:52:00,1,预警,焚烧炉出口氧含量偏高
2025-05-26 20:54:00,1,预警,焚烧炉出口氧含量偏高
2025-05-26 20:56:00,1,预警,焚烧炉出口氧含量偏高
2025-05-26 20:58:00,1,预警,焚烧炉出口氧含量偏高
2025-05-26 21:00:00,1,预警,焚烧炉出口氧含量偏高
2025-05-26 21:02:00,1,预警,焚烧炉出口氧含量偏高
2025-05-26 21:04:00,1,预警,焚烧炉出口氧含量偏高
2025-05-26 21:06:00,1,预警,焚烧炉出口氧含量偏高
2025-05-26 21:08:00,1,预警,焚烧炉出口氧含量偏高
2025-05-26 21:10:00,1,预警,焚烧炉出口氧含量偏高
2025-05-26 21:12:00,1,预警,焚烧炉出口氧含量偏高
2025-05-26 21:14:00,1,预警,焚烧炉出口氧含量偏高
2025-05-26 21:16:00,1,预警,焚烧炉出口氧含量偏高
2025-05-26 21:18:00,1,预警,焚烧炉出口氧含量偏高
2025-05-26 21:20:00,1,预警,焚烧炉出口氧含量偏高
2025-05-26 21:22:00,1,预警,焚烧炉出口氧含量偏高
2025-05-26 21:24:00,1,预警,焚烧炉出口氧含量偏高
2025-05-26 21:26:00,1,预警,焚烧炉出口氧含量偏高
2025-05-26 21:28:00,1,预警,焚烧炉出口氧含量偏高
2025-05-26 21:30:00,1,预警,焚烧炉出口氧含量偏高
2025-05-26 21:32:00,1,预警,焚烧炉出口氧含量偏高
2025-05-26 21:34:00,1,预警,焚烧炉出口氧含量偏高
2025-05-26 21:36:00,1,预警,焚烧炉出口氧含量偏高
2025-05-26 21:38:00,1,预警,焚烧炉出口氧含量偏高
2025-05-26 21:40:00,1,预警,焚烧炉出口氧含量偏高
2025-05-26 21:42:00,1,预警,焚烧炉出口氧含量偏高
2025-05-26 21:44:00,1,预警,焚烧炉出口氧含量偏高
2025-05-26 21:46:00,1,预警,焚烧炉出口氧含量偏高
2025-05-26 21:48:00,1,预警,焚烧炉出口氧含量偏高
2025-05-26 21:50:00,1,预警,焚烧炉出口氧含量偏高
2025-05-26 21:52:00,1,预警,焚烧炉出口氧含量偏高
2025-05-26 21:54:00,1,预警,焚烧炉出口氧含量偏高
2025-05-26 21:56:00,1,预警,焚烧炉出口氧含量偏高
2025-05-26 21:58:00,1,预警,焚烧炉出口氧含量偏高
2025-05-26 22:00:00,1,预警,焚烧炉出口氧含量偏高
2025-05-26 22:06:00,1,预警,焚烧炉出口氧含量偏高
2025-05-26 22:10:00,1,预警,焚烧炉出口氧含量偏高
2025-05-26 22:14:00,1,预警,焚烧炉出口氧含量偏高
2025-05-26 22:24:00,1,预警,焚烧炉出口氧含量偏高
2025-05-26 22:26:00,1,预警,焚烧炉出口氧含量偏高
2025-05-26 22:28:00,1,预警,焚烧炉出口氧含量偏高
2025-05-26 22:30:00,1,预警,焚烧炉出口氧含量偏高
2025-05-26 22:32:00,1,预警,焚烧炉出口氧含量偏高
2025-05-26 22:34:00,1,预警,焚烧炉出口氧含量偏高
2025-05-26 22:36:00,1,预警,焚烧炉出口氧含量偏高
2025-05-26 22:38:00,1,预警,焚烧炉出口氧含量偏高
2025-05-26 22:40:00,1,预警,焚烧炉出口氧含量偏高
2025-05-26 22:42:00,1,预警,焚烧炉出口氧含量偏高
2025-05-26 22:44:00,1,预警,焚烧炉出口氧含量偏高
2025-05-26 22:46:00,1,预警,焚烧炉出口氧含量偏高
2025-05-26 22:48:00,1,预警,焚烧炉出口氧含量偏高
2025-05-26 22:50:00,1,预警,焚烧炉出口氧含量偏高
2025-05-26 22:52:00,1,预警,焚烧炉出口氧含量偏高
2025-05-26 22:54:00,1,预警,焚烧炉出口氧含量偏高
2025-05-26 22:56:00,1,预警,焚烧炉出口氧含量偏高
2025-05-26 22:58:00,1,预警,焚烧炉出口氧含量偏高
2025-05-26 23:00:00,1,预警,焚烧炉出口氧含量偏高
2025-05-26 23:02:00,1,预警,焚烧炉出口氧含量偏高
2025-05-26 23:04:00,1,预警,焚烧炉出口氧含量偏高
2025-05-26 23:20:00,1,预警,焚烧炉出口氧含量偏高
