﻿时间,炉号,预警/报警类型,预警/报警事件
2025-05-27 00:10:00,1,预警,焚烧炉出口氧含量偏高
2025-05-27 00:14:00,1,预警,焚烧炉出口氧含量偏高
2025-05-27 00:16:00,1,预警,焚烧炉出口氧含量偏高
2025-05-27 00:34:00,1,预警,焚烧炉出口氧含量偏高
2025-05-27 00:36:00,1,预警,焚烧炉出口氧含量偏高
2025-05-27 00:44:00,1,预警,焚烧炉出口氧含量偏高
2025-05-27 00:50:00,1,预警,焚烧炉出口氧含量偏高
2025-05-27 00:52:00,1,预警,焚烧炉出口氧含量偏高
2025-05-27 00:54:00,1,预警,焚烧炉出口氧含量偏高
2025-05-27 00:56:00,1,预警,焚烧炉出口氧含量偏高
2025-05-27 00:58:00,1,预警,焚烧炉出口氧含量偏高
2025-05-27 01:00:00,1,预警,焚烧炉出口氧含量偏高
2025-05-27 01:02:00,1,预警,焚烧炉出口氧含量偏高
2025-05-27 01:04:00,1,预警,焚烧炉出口氧含量偏高
2025-05-27 01:08:00,1,预警,焚烧炉出口氧含量偏高
2025-05-27 01:10:00,1,预警,焚烧炉出口氧含量偏高
2025-05-27 01:12:00,1,预警,焚烧炉出口氧含量偏高
2025-05-27 01:14:00,1,预警,焚烧炉出口氧含量偏高
2025-05-27 01:16:00,1,预警,焚烧炉出口氧含量偏高
2025-05-27 01:18:00,1,预警,焚烧炉出口氧含量偏高
2025-05-27 01:20:00,1,预警,焚烧炉出口氧含量偏高
2025-05-27 01:22:00,1,预警,焚烧炉出口氧含量偏高
2025-05-27 01:24:00,1,预警,焚烧炉出口氧含量偏高
2025-05-27 01:26:00,1,预警,焚烧炉出口氧含量偏高
2025-05-27 01:28:00,1,预警,焚烧炉出口氧含量偏高
2025-05-27 01:30:00,1,预警,焚烧炉出口氧含量偏高
2025-05-27 01:32:00,1,预警,焚烧炉出口氧含量偏高
2025-05-27 01:34:00,1,预警,焚烧炉出口氧含量偏高
2025-05-27 01:36:00,1,预警,焚烧炉出口氧含量偏高
2025-05-27 01:38:00,1,预警,焚烧炉出口氧含量偏高
2025-05-27 01:40:00,1,预警,焚烧炉出口氧含量偏高
2025-05-27 01:42:00,1,预警,焚烧炉出口氧含量偏高
2025-05-27 01:44:00,1,预警,焚烧炉出口氧含量偏高
2025-05-27 01:46:00,1,预警,焚烧炉出口氧含量偏高
2025-05-27 01:48:00,1,预警,焚烧炉出口氧含量偏高
2025-05-27 01:50:00,1,预警,焚烧炉出口氧含量偏高
2025-05-27 01:52:00,1,预警,焚烧炉出口氧含量偏高
2025-05-27 01:54:00,1,预警,焚烧炉出口氧含量偏高
2025-05-27 01:56:00,1,预警,焚烧炉出口氧含量偏高
2025-05-27 01:58:00,1,预警,焚烧炉出口氧含量偏高
2025-05-27 02:00:00,1,预警,焚烧炉出口氧含量偏高
2025-05-27 02:02:00,1,预警,焚烧炉出口氧含量偏高
2025-05-27 02:04:00,1,预警,焚烧炉出口氧含量偏高
2025-05-27 02:06:00,1,预警,焚烧炉出口氧含量偏高
2025-05-27 02:08:00,1,预警,焚烧炉出口氧含量偏高
2025-05-27 02:16:00,1,预警,焚烧炉出口氧含量偏高
2025-05-27 02:18:00,1,预警,焚烧炉出口氧含量偏高
2025-05-27 02:20:00,1,预警,焚烧炉出口氧含量偏高
2025-05-27 02:24:00,1,预警,焚烧炉出口氧含量偏高
2025-05-27 02:26:00,1,预警,焚烧炉出口氧含量偏高
2025-05-27 02:28:00,1,预警,焚烧炉出口氧含量偏高
2025-05-27 02:30:00,1,预警,焚烧炉出口氧含量偏高
2025-05-27 02:32:00,1,预警,焚烧炉出口氧含量偏高
2025-05-27 02:36:00,1,预警,焚烧炉出口氧含量偏高
2025-05-27 02:38:00,1,预警,焚烧炉出口氧含量偏高
2025-05-27 02:42:00,1,预警,焚烧炉出口氧含量偏高
2025-05-27 02:44:00,1,预警,焚烧炉出口氧含量偏高
2025-05-27 02:46:00,1,预警,焚烧炉出口氧含量偏高
2025-05-27 02:48:00,1,预警,焚烧炉出口氧含量偏高
2025-05-27 02:50:00,1,预警,焚烧炉出口氧含量偏高
2025-05-27 02:52:00,1,预警,焚烧炉出口氧含量偏高
2025-05-27 02:54:00,1,预警,焚烧炉出口氧含量偏高
2025-05-27 02:56:00,1,预警,焚烧炉出口氧含量偏高
2025-05-27 03:06:00,1,预警,焚烧炉出口氧含量偏高
2025-05-27 03:08:00,1,预警,焚烧炉出口氧含量偏高
2025-05-27 03:10:00,1,预警,焚烧炉出口氧含量偏高
2025-05-27 03:12:00,1,预警,焚烧炉出口氧含量偏高
2025-05-27 03:20:00,1,预警,焚烧炉出口氧含量偏高
2025-05-27 03:24:00,1,预警,焚烧炉出口氧含量偏高
2025-05-27 03:26:00,1,预警,焚烧炉出口氧含量偏高
2025-05-27 03:28:00,1,预警,焚烧炉出口氧含量偏高
2025-05-27 03:30:00,1,预警,焚烧炉出口氧含量偏高
2025-05-27 03:32:00,1,预警,焚烧炉出口氧含量偏高
2025-05-27 03:34:00,1,预警,焚烧炉出口氧含量偏高
2025-05-27 03:36:00,1,预警,焚烧炉出口氧含量偏高
2025-05-27 03:40:00,1,预警,焚烧炉出口氧含量偏高
2025-05-27 03:42:00,1,预警,焚烧炉出口氧含量偏高
2025-05-27 03:46:00,1,预警,焚烧炉出口氧含量偏高
2025-05-27 03:50:00,1,预警,焚烧炉出口氧含量偏高
2025-05-27 04:16:00,1,预警,焚烧炉出口氧含量偏高
2025-05-27 04:20:00,1,预警,焚烧炉出口氧含量偏高
2025-05-27 04:34:00,1,预警,焚烧炉出口氧含量偏高
2025-05-27 04:38:00,1,预警,焚烧炉出口氧含量偏高
2025-05-27 04:48:00,1,预警,焚烧炉出口氧含量偏高
2025-05-27 05:02:00,1,预警,焚烧炉出口氧含量偏高
2025-05-27 05:04:00,1,预警,焚烧炉出口氧含量偏高
2025-05-27 05:06:00,1,预警,焚烧炉出口氧含量偏高
2025-05-27 05:08:00,1,预警,焚烧炉出口氧含量偏高
2025-05-27 05:12:00,1,预警,焚烧炉出口氧含量偏高
2025-05-27 05:14:00,1,预警,焚烧炉出口氧含量偏高
2025-05-27 05:16:00,1,预警,焚烧炉出口氧含量偏高
2025-05-27 05:18:00,1,预警,焚烧炉出口氧含量偏高
2025-05-27 05:20:00,1,预警,焚烧炉出口氧含量偏高
2025-05-27 05:22:00,1,预警,焚烧炉出口氧含量偏高
2025-05-27 05:24:00,1,预警,焚烧炉出口氧含量偏高
2025-05-27 05:26:00,1,预警,焚烧炉出口氧含量偏高
2025-05-27 05:28:00,1,预警,焚烧炉出口氧含量偏高
2025-05-27 05:30:00,1,预警,焚烧炉出口氧含量偏高
2025-05-27 05:32:00,1,预警,焚烧炉出口氧含量偏高
2025-05-27 05:34:00,1,预警,焚烧炉出口氧含量偏高
2025-05-27 05:36:00,1,预警,焚烧炉出口氧含量偏高
2025-05-27 05:38:00,1,预警,焚烧炉出口氧含量偏高
2025-05-27 05:40:00,1,预警,焚烧炉出口氧含量偏高
2025-05-27 05:42:00,1,预警,焚烧炉出口氧含量偏高
2025-05-27 05:44:00,1,预警,焚烧炉出口氧含量偏高
2025-05-27 05:46:00,1,预警,焚烧炉出口氧含量偏高
2025-05-27 05:48:00,1,预警,焚烧炉出口氧含量偏高
2025-05-27 05:50:00,1,预警,焚烧炉出口氧含量偏高
2025-05-27 05:54:00,1,预警,焚烧炉出口氧含量偏高
2025-05-27 05:56:00,1,预警,焚烧炉出口氧含量偏高
2025-05-27 05:58:00,1,预警,焚烧炉出口氧含量偏高
2025-05-27 06:00:00,1,预警,焚烧炉出口氧含量偏高
2025-05-27 06:02:00,1,预警,焚烧炉出口氧含量偏高
2025-05-27 06:04:00,1,预警,焚烧炉出口氧含量偏高
2025-05-27 06:08:00,1,预警,焚烧炉出口氧含量偏高
2025-05-27 06:10:00,1,预警,焚烧炉出口氧含量偏高
2025-05-27 06:12:00,1,预警,焚烧炉出口氧含量偏高
2025-05-27 06:14:00,1,预警,焚烧炉出口氧含量偏高
2025-05-27 06:16:00,1,预警,焚烧炉出口氧含量偏高
2025-05-27 06:18:00,1,预警,焚烧炉出口氧含量偏高
2025-05-27 06:20:00,1,预警,焚烧炉出口氧含量偏高
2025-05-27 06:22:00,1,预警,焚烧炉出口氧含量偏高
2025-05-27 06:24:00,1,预警,焚烧炉出口氧含量偏高
2025-05-27 06:28:00,1,预警,焚烧炉出口氧含量偏高
2025-05-27 06:30:00,1,预警,焚烧炉出口氧含量偏高
2025-05-27 06:32:00,1,预警,焚烧炉出口氧含量偏高
2025-05-27 07:10:00,1,预警,焚烧炉出口氧含量偏高
2025-05-27 07:12:00,1,预警,焚烧炉出口氧含量偏高
2025-05-27 07:16:00,1,预警,焚烧炉出口氧含量偏高
2025-05-27 07:18:00,1,预警,焚烧炉出口氧含量偏高
2025-05-27 07:22:00,1,预警,焚烧炉出口氧含量偏高
2025-05-27 07:24:00,1,预警,焚烧炉出口氧含量偏高
2025-05-27 07:26:00,1,预警,焚烧炉出口氧含量偏高
2025-05-27 07:28:00,1,预警,焚烧炉出口氧含量偏高
2025-05-27 07:30:00,1,预警,焚烧炉出口氧含量偏高
2025-05-27 07:32:00,1,预警,焚烧炉出口氧含量偏高
2025-05-27 07:38:00,1,预警,焚烧炉出口氧含量偏高
2025-05-27 07:40:00,1,预警,焚烧炉出口氧含量偏高
2025-05-27 07:42:00,1,预警,焚烧炉出口氧含量偏高
2025-05-27 07:44:00,1,预警,焚烧炉出口氧含量偏高
2025-05-27 07:46:00,1,预警,焚烧炉出口氧含量偏高
2025-05-27 07:48:00,1,预警,焚烧炉出口氧含量偏高
2025-05-27 07:50:00,1,预警,焚烧炉出口氧含量偏高
2025-05-27 07:52:00,1,预警,焚烧炉出口氧含量偏高
2025-05-27 07:54:00,1,预警,焚烧炉出口氧含量偏高
2025-05-27 07:56:00,1,预警,焚烧炉出口氧含量偏高
2025-05-27 07:58:00,1,预警,焚烧炉出口氧含量偏高
2025-05-27 08:00:00,1,预警,焚烧炉出口氧含量偏高
2025-05-27 08:02:00,1,预警,焚烧炉出口氧含量偏高
2025-05-27 08:04:00,1,预警,焚烧炉出口氧含量偏高
2025-05-27 08:06:00,1,预警,焚烧炉出口氧含量偏高
2025-05-27 08:26:00,1,预警,焚烧炉出口氧含量偏高
2025-05-27 08:28:00,1,预警,焚烧炉出口氧含量偏高
2025-05-27 08:30:00,1,预警,焚烧炉出口氧含量偏高
2025-05-27 08:32:00,1,预警,焚烧炉出口氧含量偏高
2025-05-27 08:34:00,1,预警,焚烧炉出口氧含量偏高
2025-05-27 08:52:00,1,预警,焚烧炉出口氧含量偏高
2025-05-27 08:56:00,1,预警,焚烧炉出口氧含量偏高
2025-05-27 08:58:00,1,预警,焚烧炉出口氧含量偏高
2025-05-27 09:00:00,1,预警,焚烧炉出口氧含量偏高
2025-05-27 09:02:00,1,预警,焚烧炉出口氧含量偏高
2025-05-27 13:52:00,1,预警,焚烧炉出口氧含量偏高
2025-05-27 13:56:00,1,预警,焚烧炉出口氧含量偏高
2025-05-27 13:58:00,1,预警,焚烧炉出口氧含量偏高
2025-05-27 14:00:00,1,预警,焚烧炉出口氧含量偏高
2025-05-27 14:02:00,1,预警,焚烧炉出口氧含量偏高
2025-05-27 14:04:00,1,预警,焚烧炉出口氧含量偏高
2025-05-27 14:06:00,1,预警,焚烧炉出口氧含量偏高
2025-05-27 14:08:00,1,预警,焚烧炉出口氧含量偏高
2025-05-27 14:10:00,1,预警,焚烧炉出口氧含量偏高
2025-05-27 14:12:00,1,预警,焚烧炉出口氧含量偏高
2025-05-27 14:14:00,1,预警,焚烧炉出口氧含量偏高
2025-05-27 14:16:00,1,预警,焚烧炉出口氧含量偏高
2025-05-27 14:18:00,1,预警,焚烧炉出口氧含量偏高
2025-05-27 14:20:00,1,预警,焚烧炉出口氧含量偏高
2025-05-27 14:22:00,1,预警,焚烧炉出口氧含量偏高
2025-05-27 14:24:00,1,预警,焚烧炉出口氧含量偏高
2025-05-27 14:26:00,1,预警,焚烧炉出口氧含量偏高
2025-05-27 14:28:00,1,预警,焚烧炉出口氧含量偏高
2025-05-27 14:30:00,1,预警,焚烧炉出口氧含量偏高
2025-05-27 14:32:00,1,预警,焚烧炉出口氧含量偏高
2025-05-27 14:34:00,1,预警,焚烧炉出口氧含量偏高
2025-05-27 14:36:00,1,预警,焚烧炉出口氧含量偏高
2025-05-27 14:38:00,1,预警,焚烧炉出口氧含量偏高
2025-05-27 14:40:00,1,预警,焚烧炉出口氧含量偏高
2025-05-27 14:42:00,1,预警,焚烧炉出口氧含量偏高
2025-05-27 14:44:00,1,预警,焚烧炉出口氧含量偏高
2025-05-27 14:46:00,1,预警,焚烧炉出口氧含量偏高
2025-05-27 14:48:00,1,预警,焚烧炉出口氧含量偏高
2025-05-27 14:50:00,1,预警,焚烧炉出口氧含量偏高
2025-05-27 14:52:00,1,预警,焚烧炉出口氧含量偏高
2025-05-27 14:54:00,1,预警,焚烧炉出口氧含量偏高
2025-05-27 14:56:00,1,预警,焚烧炉出口氧含量偏高
2025-05-27 14:58:00,1,预警,焚烧炉出口氧含量偏高
2025-05-27 15:00:00,1,预警,焚烧炉出口氧含量偏高
2025-05-27 15:02:00,1,预警,焚烧炉出口氧含量偏高
2025-05-27 15:04:00,1,预警,焚烧炉出口氧含量偏高
2025-05-27 15:06:00,1,预警,焚烧炉出口氧含量偏高
2025-05-27 15:08:00,1,预警,焚烧炉出口氧含量偏高
2025-05-27 15:10:00,1,预警,焚烧炉出口氧含量偏高
2025-05-27 15:12:00,1,预警,焚烧炉出口氧含量偏高
2025-05-27 15:14:00,1,预警,焚烧炉出口氧含量偏高
2025-05-27 15:42:00,1,预警,焚烧炉出口氧含量偏高
2025-05-27 15:46:00,1,预警,焚烧炉出口氧含量偏高
2025-05-27 15:54:00,1,预警,焚烧炉出口氧含量偏高
2025-05-27 15:58:00,1,预警,焚烧炉出口氧含量偏高
2025-05-27 16:02:00,1,预警,焚烧炉出口氧含量偏高
2025-05-27 16:42:00,1,预警,焚烧炉出口氧含量偏高
2025-05-27 16:46:00,1,预警,焚烧炉出口氧含量偏高
2025-05-27 16:48:00,1,预警,焚烧炉出口氧含量偏高
2025-05-27 16:50:00,1,预警,焚烧炉出口氧含量偏高
2025-05-27 16:52:00,1,预警,焚烧炉出口氧含量偏高
2025-05-27 16:54:00,1,预警,焚烧炉出口氧含量偏高
2025-05-27 16:56:00,1,预警,焚烧炉出口氧含量偏高
2025-05-27 16:58:00,1,预警,焚烧炉出口氧含量偏高
2025-05-27 17:02:00,1,预警,焚烧炉出口氧含量偏高
2025-05-27 17:06:00,1,预警,焚烧炉出口氧含量偏高
2025-05-27 17:10:00,1,预警,焚烧炉出口氧含量偏高
2025-05-27 17:12:00,1,预警,焚烧炉出口氧含量偏高
2025-05-27 17:14:00,1,预警,焚烧炉出口氧含量偏高
2025-05-27 17:16:00,1,预警,焚烧炉出口氧含量偏高
2025-05-27 17:18:00,1,预警,焚烧炉出口氧含量偏高
2025-05-27 17:20:00,1,预警,焚烧炉出口氧含量偏高
2025-05-27 17:22:00,1,预警,焚烧炉出口氧含量偏高
2025-05-27 17:24:00,1,预警,焚烧炉出口氧含量偏高
2025-05-27 17:26:00,1,预警,焚烧炉出口氧含量偏高
2025-05-27 17:28:00,1,预警,焚烧炉出口氧含量偏高
2025-05-27 17:30:00,1,预警,焚烧炉出口氧含量偏高
2025-05-27 17:32:00,1,预警,焚烧炉出口氧含量偏高
2025-05-27 17:34:00,1,预警,焚烧炉出口氧含量偏高
2025-05-27 17:36:00,1,预警,焚烧炉出口氧含量偏高
2025-05-27 17:38:00,1,预警,焚烧炉出口氧含量偏高
2025-05-27 17:40:00,1,预警,焚烧炉出口氧含量偏高
2025-05-27 17:42:00,1,预警,焚烧炉出口氧含量偏高
2025-05-27 17:44:00,1,预警,焚烧炉出口氧含量偏高
2025-05-27 17:46:00,1,预警,焚烧炉出口氧含量偏高
2025-05-27 17:48:00,1,预警,焚烧炉出口氧含量偏高
2025-05-27 17:50:00,1,预警,焚烧炉出口氧含量偏高
2025-05-27 17:52:00,1,预警,焚烧炉出口氧含量偏高
2025-05-27 17:54:00,1,预警,焚烧炉出口氧含量偏高
2025-05-27 17:56:00,1,预警,焚烧炉出口氧含量偏高
2025-05-27 17:58:00,1,预警,焚烧炉出口氧含量偏高
2025-05-27 18:00:00,1,预警,焚烧炉出口氧含量偏高
2025-05-27 18:02:00,1,预警,焚烧炉出口氧含量偏高
2025-05-27 18:04:00,1,预警,焚烧炉出口氧含量偏高
2025-05-27 18:06:00,1,预警,焚烧炉出口氧含量偏高
2025-05-27 18:08:00,1,预警,焚烧炉出口氧含量偏高
2025-05-27 18:10:00,1,预警,焚烧炉出口氧含量偏高
2025-05-27 18:12:00,1,预警,焚烧炉出口氧含量偏高
2025-05-27 18:14:00,1,预警,焚烧炉出口氧含量偏高
2025-05-27 18:16:00,1,预警,焚烧炉出口氧含量偏高
2025-05-27 18:20:00,1,预警,焚烧炉出口氧含量偏高
2025-05-27 18:24:00,1,预警,焚烧炉出口氧含量偏高
2025-05-27 18:28:00,1,预警,焚烧炉出口氧含量偏高
2025-05-27 18:32:00,1,预警,焚烧炉出口氧含量偏高
2025-05-27 18:54:00,1,预警,焚烧炉出口氧含量偏高
2025-05-27 18:56:00,1,预警,焚烧炉出口氧含量偏高
2025-05-27 19:44:00,1,预警,焚烧炉出口氧含量偏高
2025-05-27 19:46:00,1,预警,焚烧炉出口氧含量偏高
2025-05-27 19:48:00,1,预警,焚烧炉出口氧含量偏高
2025-05-27 19:50:00,1,预警,焚烧炉出口氧含量偏高
2025-05-27 19:52:00,1,预警,焚烧炉出口氧含量偏高
2025-05-27 20:00:00,1,预警,焚烧炉出口氧含量偏高
2025-05-27 20:02:00,1,预警,焚烧炉出口氧含量偏高
2025-05-27 20:04:00,1,预警,焚烧炉出口氧含量偏高
2025-05-27 20:06:00,1,预警,焚烧炉出口氧含量偏高
2025-05-27 20:08:00,1,预警,焚烧炉出口氧含量偏高
2025-05-27 20:10:00,1,预警,焚烧炉出口氧含量偏高
2025-05-27 20:12:00,1,预警,焚烧炉出口氧含量偏高
2025-05-27 20:14:00,1,预警,焚烧炉出口氧含量偏高
2025-05-27 20:16:00,1,预警,焚烧炉出口氧含量偏高
2025-05-27 20:18:00,1,预警,焚烧炉出口氧含量偏高
2025-05-27 20:20:00,1,预警,焚烧炉出口氧含量偏高
2025-05-27 20:24:00,1,预警,焚烧炉出口氧含量偏高
2025-05-27 20:26:00,1,预警,焚烧炉出口氧含量偏高
2025-05-27 20:28:00,1,预警,焚烧炉出口氧含量偏高
2025-05-27 20:30:00,1,预警,焚烧炉出口氧含量偏高
2025-05-27 20:32:00,1,预警,焚烧炉出口氧含量偏高
2025-05-27 20:34:00,1,预警,焚烧炉出口氧含量偏高
2025-05-27 20:36:00,1,预警,焚烧炉出口氧含量偏高
2025-05-27 20:38:00,1,预警,焚烧炉出口氧含量偏高
2025-05-27 20:40:00,1,预警,焚烧炉出口氧含量偏高
2025-05-27 20:42:00,1,预警,焚烧炉出口氧含量偏高
2025-05-27 20:44:00,1,预警,焚烧炉出口氧含量偏高
2025-05-27 20:46:00,1,预警,焚烧炉出口氧含量偏高
2025-05-27 20:48:00,1,预警,焚烧炉出口氧含量偏高
2025-05-27 20:50:00,1,预警,焚烧炉出口氧含量偏高
2025-05-27 20:52:00,1,预警,焚烧炉出口氧含量偏高
2025-05-27 20:54:00,1,预警,焚烧炉出口氧含量偏高
2025-05-27 20:56:00,1,预警,焚烧炉出口氧含量偏高
2025-05-27 20:58:00,1,预警,焚烧炉出口氧含量偏高
2025-05-27 21:00:00,1,预警,焚烧炉出口氧含量偏高
2025-05-27 21:02:00,1,预警,焚烧炉出口氧含量偏高
2025-05-27 21:04:00,1,预警,焚烧炉出口氧含量偏高
2025-05-27 21:06:00,1,预警,焚烧炉出口氧含量偏高
2025-05-27 21:08:00,1,预警,焚烧炉出口氧含量偏高
2025-05-27 21:10:00,1,预警,焚烧炉出口氧含量偏高
2025-05-27 22:36:00,1,预警,焚烧炉出口氧含量偏高
