﻿时间,炉号,预警/报警类型,预警/报警事件
2025-05-28 00:04:00,1,预警,焚烧炉出口氧含量偏高
2025-05-28 00:08:00,1,预警,焚烧炉出口氧含量偏高
2025-05-28 00:10:00,1,预警,焚烧炉出口氧含量偏高
2025-05-28 00:12:00,1,预警,焚烧炉出口氧含量偏高
2025-05-28 00:14:00,1,预警,焚烧炉出口氧含量偏高
2025-05-28 00:16:00,1,预警,焚烧炉出口氧含量偏高
2025-05-28 00:18:00,1,预警,焚烧炉出口氧含量偏高
2025-05-28 00:20:00,1,预警,焚烧炉出口氧含量偏高
2025-05-28 00:26:00,1,预警,焚烧炉出口氧含量偏高
2025-05-28 00:28:00,1,预警,焚烧炉出口氧含量偏高
2025-05-28 00:30:00,1,预警,焚烧炉出口氧含量偏高
2025-05-28 00:32:00,1,预警,焚烧炉出口氧含量偏高
2025-05-28 01:54:00,1,预警,焚烧炉出口氧含量偏高
2025-05-28 01:56:00,1,预警,焚烧炉出口氧含量偏高
2025-05-28 01:58:00,1,预警,焚烧炉出口氧含量偏高
2025-05-28 02:00:00,1,预警,焚烧炉出口氧含量偏高
2025-05-28 02:02:00,1,预警,焚烧炉出口氧含量偏高
2025-05-28 02:04:00,1,预警,焚烧炉出口氧含量偏高
2025-05-28 02:06:00,1,预警,焚烧炉出口氧含量偏高
2025-05-28 02:08:00,1,预警,焚烧炉出口氧含量偏高
2025-05-28 02:10:00,1,预警,焚烧炉出口氧含量偏高
2025-05-28 02:12:00,1,预警,焚烧炉出口氧含量偏高
2025-05-28 02:14:00,1,预警,焚烧炉出口氧含量偏高
2025-05-28 02:16:00,1,预警,焚烧炉出口氧含量偏高
2025-05-28 02:18:00,1,预警,焚烧炉出口氧含量偏高
2025-05-28 02:20:00,1,预警,焚烧炉出口氧含量偏高
2025-05-28 02:22:00,1,预警,焚烧炉出口氧含量偏高
2025-05-28 02:24:00,1,预警,焚烧炉出口氧含量偏高
2025-05-28 02:34:00,1,预警,焚烧炉出口氧含量偏高
2025-05-28 02:36:00,1,预警,焚烧炉出口氧含量偏高
2025-05-28 02:38:00,1,预警,焚烧炉出口氧含量偏高
2025-05-28 02:40:00,1,预警,焚烧炉出口氧含量偏高
2025-05-28 02:42:00,1,预警,焚烧炉出口氧含量偏高
2025-05-28 02:44:00,1,预警,焚烧炉出口氧含量偏高
2025-05-28 03:34:00,1,预警,焚烧炉出口氧含量偏高
2025-05-28 07:04:00,1,预警,焚烧炉出口氧含量偏高
2025-05-28 07:10:00,1,预警,焚烧炉出口氧含量偏高
2025-05-28 07:12:00,1,预警,焚烧炉出口氧含量偏高
2025-05-28 07:14:00,1,预警,焚烧炉出口氧含量偏高
2025-05-28 07:16:00,1,预警,焚烧炉出口氧含量偏高
2025-05-28 07:18:00,1,预警,焚烧炉出口氧含量偏高
2025-05-28 07:26:00,1,预警,焚烧炉出口氧含量偏高
2025-05-28 07:38:00,1,预警,焚烧炉出口氧含量偏高
2025-05-28 07:44:00,1,预警,焚烧炉出口氧含量偏高
2025-05-28 07:46:00,1,预警,焚烧炉出口氧含量偏高
2025-05-28 07:50:00,1,预警,焚烧炉出口氧含量偏高
2025-05-28 07:52:00,1,预警,焚烧炉出口氧含量偏高
2025-05-28 07:54:00,1,预警,焚烧炉出口氧含量偏高
2025-05-28 07:56:00,1,预警,焚烧炉出口氧含量偏高
2025-05-28 07:58:00,1,预警,焚烧炉出口氧含量偏高
2025-05-28 08:00:00,1,预警,焚烧炉出口氧含量偏高
2025-05-28 08:02:00,1,预警,焚烧炉出口氧含量偏高
2025-05-28 08:04:00,1,预警,焚烧炉出口氧含量偏高
2025-05-28 08:06:00,1,预警,焚烧炉出口氧含量偏高
2025-05-28 08:08:00,1,预警,焚烧炉出口氧含量偏高
2025-05-28 08:10:00,1,预警,焚烧炉出口氧含量偏高
2025-05-28 08:12:00,1,预警,焚烧炉出口氧含量偏高
2025-05-28 08:14:00,1,预警,焚烧炉出口氧含量偏高
2025-05-28 08:16:00,1,预警,焚烧炉出口氧含量偏高
2025-05-28 08:18:00,1,预警,焚烧炉出口氧含量偏高
2025-05-28 08:20:00,1,预警,焚烧炉出口氧含量偏高
2025-05-28 08:22:00,1,预警,焚烧炉出口氧含量偏高
2025-05-28 08:24:00,1,预警,焚烧炉出口氧含量偏高
2025-05-28 08:26:00,1,预警,焚烧炉出口氧含量偏高
2025-05-28 08:28:00,1,预警,焚烧炉出口氧含量偏高
2025-05-28 08:30:00,1,预警,焚烧炉出口氧含量偏高
2025-05-28 08:32:00,1,预警,焚烧炉出口氧含量偏高
2025-05-28 08:34:00,1,预警,焚烧炉出口氧含量偏高
2025-05-28 08:36:00,1,预警,焚烧炉出口氧含量偏高
2025-05-28 08:38:00,1,预警,焚烧炉出口氧含量偏高
2025-05-28 08:40:00,1,预警,焚烧炉出口氧含量偏高
2025-05-28 08:42:00,1,预警,焚烧炉出口氧含量偏高
2025-05-28 08:44:00,1,预警,焚烧炉出口氧含量偏高
2025-05-28 08:46:00,1,预警,焚烧炉出口氧含量偏高
2025-05-28 08:48:00,1,预警,焚烧炉出口氧含量偏高
2025-05-28 08:50:00,1,预警,焚烧炉出口氧含量偏高
2025-05-28 08:52:00,1,预警,焚烧炉出口氧含量偏高
2025-05-28 09:22:00,1,预警,焚烧炉出口氧含量偏高
2025-05-28 11:48:00,1,预警,焚烧炉出口氧含量偏高
2025-05-28 11:50:00,1,预警,焚烧炉出口氧含量偏高
2025-05-28 11:52:00,1,预警,焚烧炉出口氧含量偏高
2025-05-28 11:54:00,1,预警,焚烧炉出口氧含量偏高
2025-05-28 11:56:00,1,预警,焚烧炉出口氧含量偏高
2025-05-28 11:58:00,1,预警,焚烧炉出口氧含量偏高
2025-05-28 12:00:00,1,预警,焚烧炉出口氧含量偏高
2025-05-28 12:02:00,1,预警,焚烧炉出口氧含量偏高
2025-05-28 12:04:00,1,预警,焚烧炉出口氧含量偏高
2025-05-28 12:06:00,1,预警,焚烧炉出口氧含量偏高
2025-05-28 12:08:00,1,预警,焚烧炉出口氧含量偏高
2025-05-28 12:14:00,1,预警,焚烧炉出口氧含量偏高
2025-05-28 12:16:00,1,预警,焚烧炉出口氧含量偏高
2025-05-28 12:26:00,1,预警,焚烧炉出口氧含量偏高
2025-05-28 12:28:00,1,预警,焚烧炉出口氧含量偏高
2025-05-28 12:30:00,1,预警,焚烧炉出口氧含量偏高
2025-05-28 12:32:00,1,预警,焚烧炉出口氧含量偏高
2025-05-28 12:44:00,1,预警,焚烧炉出口氧含量偏高
2025-05-28 12:46:00,1,预警,焚烧炉出口氧含量偏高
2025-05-28 13:18:00,1,预警,焚烧炉出口氧含量偏高
2025-05-28 13:20:00,1,预警,焚烧炉出口氧含量偏高
2025-05-28 13:22:00,1,预警,焚烧炉出口氧含量偏高
2025-05-28 13:36:00,1,预警,焚烧炉出口氧含量偏高
2025-05-28 13:38:00,1,预警,焚烧炉出口氧含量偏高
2025-05-28 13:40:00,1,预警,焚烧炉出口氧含量偏高
2025-05-28 13:42:00,1,预警,焚烧炉出口氧含量偏高
2025-05-28 13:46:00,1,预警,焚烧炉出口氧含量偏高
2025-05-28 13:48:00,1,预警,焚烧炉出口氧含量偏高
2025-05-28 13:50:00,1,预警,焚烧炉出口氧含量偏高
2025-05-28 13:52:00,1,预警,焚烧炉出口氧含量偏高
2025-05-28 13:54:00,1,预警,焚烧炉出口氧含量偏高
2025-05-28 13:56:00,1,预警,焚烧炉出口氧含量偏高
2025-05-28 13:58:00,1,预警,焚烧炉出口氧含量偏高
2025-05-28 14:00:00,1,预警,焚烧炉出口氧含量偏高
2025-05-28 14:02:00,1,预警,焚烧炉出口氧含量偏高
2025-05-28 14:04:00,1,预警,焚烧炉出口氧含量偏高
2025-05-28 14:06:00,1,预警,焚烧炉出口氧含量偏高
2025-05-28 14:08:00,1,预警,焚烧炉出口氧含量偏高
2025-05-28 14:10:00,1,预警,焚烧炉出口氧含量偏高
2025-05-28 14:12:00,1,预警,焚烧炉出口氧含量偏高
2025-05-28 14:14:00,1,预警,焚烧炉出口氧含量偏高
2025-05-28 14:16:00,1,预警,焚烧炉出口氧含量偏高
2025-05-28 14:18:00,1,预警,焚烧炉出口氧含量偏高
2025-05-28 15:02:00,1,预警,焚烧炉出口氧含量偏高
2025-05-28 15:04:00,1,预警,焚烧炉出口氧含量偏高
2025-05-28 15:08:00,1,预警,焚烧炉出口氧含量偏高
2025-05-28 15:12:00,1,预警,焚烧炉出口氧含量偏高
2025-05-28 15:14:00,1,预警,焚烧炉出口氧含量偏高
2025-05-28 15:16:00,1,预警,焚烧炉出口氧含量偏高
2025-05-28 15:18:00,1,预警,焚烧炉出口氧含量偏高
2025-05-28 15:20:00,1,预警,焚烧炉出口氧含量偏高
2025-05-28 15:22:00,1,预警,焚烧炉出口氧含量偏高
2025-05-28 15:24:00,1,预警,焚烧炉出口氧含量偏高
2025-05-28 15:26:00,1,预警,焚烧炉出口氧含量偏高
2025-05-28 15:28:00,1,预警,焚烧炉出口氧含量偏高
2025-05-28 15:30:00,1,预警,焚烧炉出口氧含量偏高
2025-05-28 15:32:00,1,预警,焚烧炉出口氧含量偏高
2025-05-28 15:34:00,1,预警,焚烧炉出口氧含量偏高
2025-05-28 15:36:00,1,预警,焚烧炉出口氧含量偏高
2025-05-28 15:46:00,1,预警,焚烧炉出口氧含量偏高
2025-05-28 15:48:00,1,预警,焚烧炉出口氧含量偏高
2025-05-28 15:52:00,1,预警,焚烧炉出口氧含量偏高
2025-05-28 16:10:00,1,预警,焚烧炉出口氧含量偏高
2025-05-28 16:12:00,1,预警,焚烧炉出口氧含量偏高
2025-05-28 16:14:00,1,预警,焚烧炉出口氧含量偏高
2025-05-28 16:16:00,1,预警,焚烧炉出口氧含量偏高
2025-05-28 16:18:00,1,预警,焚烧炉出口氧含量偏高
2025-05-28 16:22:00,1,预警,焚烧炉出口氧含量偏高
2025-05-28 16:26:00,1,预警,焚烧炉出口氧含量偏高
2025-05-28 16:30:00,1,预警,焚烧炉出口氧含量偏高
2025-05-28 16:34:00,1,预警,焚烧炉出口氧含量偏高
2025-05-28 16:50:00,1,预警,焚烧炉出口氧含量偏高
2025-05-28 16:54:00,1,预警,焚烧炉出口氧含量偏高
2025-05-28 17:06:00,1,预警,焚烧炉出口氧含量偏高
2025-05-28 17:08:00,1,预警,焚烧炉出口氧含量偏高
2025-05-28 17:10:00,1,预警,焚烧炉出口氧含量偏高
2025-05-28 17:12:00,1,预警,焚烧炉出口氧含量偏高
2025-05-28 17:14:00,1,预警,焚烧炉出口氧含量偏高
2025-05-28 17:16:00,1,预警,焚烧炉出口氧含量偏高
2025-05-28 17:20:00,1,预警,焚烧炉出口氧含量偏高
2025-05-28 17:22:00,1,预警,焚烧炉出口氧含量偏高
2025-05-28 17:24:00,1,预警,焚烧炉出口氧含量偏高
2025-05-28 17:48:00,1,预警,焚烧炉出口氧含量偏高
2025-05-28 17:52:00,1,预警,焚烧炉出口氧含量偏高
2025-05-28 19:00:00,1,预警,焚烧炉出口氧含量偏高
2025-05-28 19:02:00,1,预警,焚烧炉出口氧含量偏高
2025-05-28 19:04:00,1,预警,焚烧炉出口氧含量偏高
2025-05-28 19:08:00,1,预警,焚烧炉出口氧含量偏高
2025-05-28 19:12:00,1,预警,焚烧炉出口氧含量偏高
2025-05-28 19:14:00,1,预警,焚烧炉出口氧含量偏高
2025-05-28 19:16:00,1,预警,焚烧炉出口氧含量偏高
2025-05-28 20:06:00,1,预警,焚烧炉出口氧含量偏高
2025-05-28 20:08:00,1,预警,焚烧炉出口氧含量偏高
2025-05-28 20:10:00,1,预警,焚烧炉出口氧含量偏高
2025-05-28 20:12:00,1,预警,焚烧炉出口氧含量偏高
2025-05-28 20:14:00,1,预警,焚烧炉出口氧含量偏高
2025-05-28 20:16:00,1,预警,焚烧炉出口氧含量偏高
2025-05-28 20:18:00,1,预警,焚烧炉出口氧含量偏高
2025-05-28 20:20:00,1,预警,焚烧炉出口氧含量偏高
2025-05-28 20:22:00,1,预警,焚烧炉出口氧含量偏高
2025-05-28 20:24:00,1,预警,焚烧炉出口氧含量偏高
2025-05-28 20:26:00,1,预警,焚烧炉出口氧含量偏高
2025-05-28 20:28:00,1,预警,焚烧炉出口氧含量偏高
2025-05-28 20:30:00,1,预警,焚烧炉出口氧含量偏高
2025-05-28 20:38:00,1,预警,焚烧炉出口氧含量偏高
2025-05-28 20:42:00,1,预警,焚烧炉出口氧含量偏高
2025-05-28 20:44:00,1,预警,焚烧炉出口氧含量偏高
2025-05-28 20:46:00,1,预警,焚烧炉出口氧含量偏高
2025-05-28 20:50:00,1,预警,焚烧炉出口氧含量偏高
2025-05-28 21:14:00,1,预警,焚烧炉出口氧含量偏高
2025-05-28 21:32:00,1,预警,焚烧炉出口氧含量偏高
2025-05-28 21:50:00,1,预警,焚烧炉出口氧含量偏高
2025-05-28 21:58:00,1,预警,焚烧炉出口氧含量偏高
2025-05-28 22:00:00,1,预警,焚烧炉出口氧含量偏高
2025-05-28 22:10:00,1,预警,焚烧炉出口氧含量偏高
2025-05-28 22:12:00,1,预警,焚烧炉出口氧含量偏高
2025-05-28 22:14:00,1,预警,焚烧炉出口氧含量偏高
2025-05-28 22:16:00,1,预警,焚烧炉出口氧含量偏高
2025-05-28 22:20:00,1,预警,焚烧炉出口氧含量偏高
2025-05-28 22:22:00,1,预警,焚烧炉出口氧含量偏高
2025-05-28 22:24:00,1,预警,焚烧炉出口氧含量偏高
2025-05-28 22:28:00,1,预警,焚烧炉出口氧含量偏高
2025-05-28 22:30:00,1,预警,焚烧炉出口氧含量偏高
2025-05-28 22:32:00,1,预警,焚烧炉出口氧含量偏高
2025-05-28 22:34:00,1,预警,焚烧炉出口氧含量偏高
2025-05-28 22:36:00,1,预警,焚烧炉出口氧含量偏高
2025-05-28 22:38:00,1,预警,焚烧炉出口氧含量偏高
2025-05-28 22:40:00,1,预警,焚烧炉出口氧含量偏高
2025-05-28 22:42:00,1,预警,焚烧炉出口氧含量偏高
2025-05-28 22:44:00,1,预警,焚烧炉出口氧含量偏高
2025-05-28 22:46:00,1,预警,焚烧炉出口氧含量偏高
2025-05-28 22:48:00,1,预警,焚烧炉出口氧含量偏高
2025-05-28 22:50:00,1,预警,焚烧炉出口氧含量偏高
2025-05-28 22:52:00,1,预警,焚烧炉出口氧含量偏高
2025-05-28 22:54:00,1,预警,焚烧炉出口氧含量偏高
2025-05-28 22:56:00,1,预警,焚烧炉出口氧含量偏高
2025-05-28 22:58:00,1,预警,焚烧炉出口氧含量偏高
2025-05-28 23:00:00,1,预警,焚烧炉出口氧含量偏高
2025-05-28 23:02:00,1,预警,焚烧炉出口氧含量偏高
2025-05-28 23:04:00,1,预警,焚烧炉出口氧含量偏高
2025-05-28 23:18:00,1,预警,焚烧炉出口氧含量偏高
2025-05-28 23:20:00,1,预警,焚烧炉出口氧含量偏高
2025-05-28 23:22:00,1,预警,焚烧炉出口氧含量偏高
2025-05-28 23:24:00,1,预警,焚烧炉出口氧含量偏高
2025-05-28 23:26:00,1,预警,焚烧炉出口氧含量偏高
2025-05-28 23:28:00,1,预警,焚烧炉出口氧含量偏高
2025-05-28 23:30:00,1,预警,焚烧炉出口氧含量偏高
2025-05-28 23:34:00,1,预警,焚烧炉出口氧含量偏高
2025-05-28 23:36:00,1,预警,焚烧炉出口氧含量偏高
2025-05-28 23:38:00,1,预警,焚烧炉出口氧含量偏高
2025-05-28 23:44:00,1,预警,焚烧炉出口氧含量偏高
