﻿时间,炉号,预警/报警类型,预警/报警事件
2025-05-30 00:06:00,1,预警,焚烧炉出口氧含量偏高
2025-05-30 00:08:00,1,预警,焚烧炉出口氧含量偏高
2025-05-30 00:12:00,1,预警,焚烧炉出口氧含量偏高
2025-05-30 00:14:00,1,预警,焚烧炉出口氧含量偏高
2025-05-30 00:16:00,1,预警,焚烧炉出口氧含量偏高
2025-05-30 00:18:00,1,预警,焚烧炉出口氧含量偏高
2025-05-30 00:20:00,1,预警,焚烧炉出口氧含量偏高
2025-05-30 00:22:00,1,预警,焚烧炉出口氧含量偏高
2025-05-30 00:24:00,1,预警,焚烧炉出口氧含量偏高
2025-05-30 00:26:00,1,预警,焚烧炉出口氧含量偏高
2025-05-30 00:28:00,1,预警,焚烧炉出口氧含量偏高
2025-05-30 00:30:00,1,预警,焚烧炉出口氧含量偏高
2025-05-30 00:32:00,1,预警,焚烧炉出口氧含量偏高
2025-05-30 00:34:00,1,预警,焚烧炉出口氧含量偏高
2025-05-30 00:36:00,1,预警,焚烧炉出口氧含量偏高
2025-05-30 00:38:00,1,预警,焚烧炉出口氧含量偏高
2025-05-30 00:40:00,1,预警,焚烧炉出口氧含量偏高
2025-05-30 00:42:00,1,预警,焚烧炉出口氧含量偏高
2025-05-30 00:44:00,1,预警,焚烧炉出口氧含量偏高
2025-05-30 00:46:00,1,预警,焚烧炉出口氧含量偏高
2025-05-30 00:48:00,1,预警,焚烧炉出口氧含量偏高
2025-05-30 00:50:00,1,预警,焚烧炉出口氧含量偏高
2025-05-30 00:52:00,1,预警,焚烧炉出口氧含量偏高
2025-05-30 00:54:00,1,预警,焚烧炉出口氧含量偏高
2025-05-30 00:56:00,1,预警,焚烧炉出口氧含量偏高
2025-05-30 00:58:00,1,预警,焚烧炉出口氧含量偏高
2025-05-30 01:00:00,1,预警,焚烧炉出口氧含量偏高
2025-05-30 01:02:00,1,预警,焚烧炉出口氧含量偏高
2025-05-30 01:04:00,1,预警,焚烧炉出口氧含量偏高
2025-05-30 01:06:00,1,预警,焚烧炉出口氧含量偏高
2025-05-30 01:08:00,1,预警,焚烧炉出口氧含量偏高
2025-05-30 01:10:00,1,预警,焚烧炉出口氧含量偏高
2025-05-30 01:12:00,1,预警,焚烧炉出口氧含量偏高
2025-05-30 01:14:00,1,预警,焚烧炉出口氧含量偏高
2025-05-30 01:16:00,1,预警,焚烧炉出口氧含量偏高
2025-05-30 01:18:00,1,预警,焚烧炉出口氧含量偏高
2025-05-30 01:20:00,1,预警,焚烧炉出口氧含量偏高
2025-05-30 01:22:00,1,预警,焚烧炉出口氧含量偏高
2025-05-30 01:24:00,1,预警,焚烧炉出口氧含量偏高
2025-05-30 01:26:00,1,预警,焚烧炉出口氧含量偏高
2025-05-30 01:28:00,1,预警,焚烧炉出口氧含量偏高
2025-05-30 01:30:00,1,预警,焚烧炉出口氧含量偏高
2025-05-30 01:32:00,1,预警,焚烧炉出口氧含量偏高
2025-05-30 01:34:00,1,预警,焚烧炉出口氧含量偏高
2025-05-30 01:36:00,1,预警,焚烧炉出口氧含量偏高
2025-05-30 01:38:00,1,预警,焚烧炉出口氧含量偏高
2025-05-30 01:40:00,1,预警,焚烧炉出口氧含量偏高
2025-05-30 01:42:00,1,预警,焚烧炉出口氧含量偏高
2025-05-30 01:44:00,1,预警,焚烧炉出口氧含量偏高
2025-05-30 01:46:00,1,预警,焚烧炉出口氧含量偏高
2025-05-30 01:48:00,1,预警,焚烧炉出口氧含量偏高
2025-05-30 01:50:00,1,预警,焚烧炉出口氧含量偏高
2025-05-30 01:52:00,1,预警,焚烧炉出口氧含量偏高
2025-05-30 01:54:00,1,预警,焚烧炉出口氧含量偏高
2025-05-30 01:56:00,1,预警,焚烧炉出口氧含量偏高
2025-05-30 01:58:00,1,预警,焚烧炉出口氧含量偏高
2025-05-30 02:00:00,1,预警,焚烧炉出口氧含量偏高
2025-05-30 02:02:00,1,预警,焚烧炉出口氧含量偏高
2025-05-30 02:04:00,1,预警,焚烧炉出口氧含量偏高
2025-05-30 02:06:00,1,预警,焚烧炉出口氧含量偏高
2025-05-30 02:08:00,1,预警,焚烧炉出口氧含量偏高
2025-05-30 02:10:00,1,预警,焚烧炉出口氧含量偏高
2025-05-30 02:12:00,1,预警,焚烧炉出口氧含量偏高
2025-05-30 02:14:00,1,预警,焚烧炉出口氧含量偏高
2025-05-30 02:16:00,1,预警,焚烧炉出口氧含量偏高
2025-05-30 02:18:00,1,预警,焚烧炉出口氧含量偏高
2025-05-30 03:58:00,1,预警,焚烧炉出口氧含量偏高
2025-05-30 04:00:00,1,预警,焚烧炉出口氧含量偏高
2025-05-30 04:02:00,1,预警,焚烧炉出口氧含量偏高
2025-05-30 04:04:00,1,预警,焚烧炉出口氧含量偏高
2025-05-30 04:20:00,1,预警,焚烧炉出口氧含量偏高
2025-05-30 04:22:00,1,预警,焚烧炉出口氧含量偏高
2025-05-30 04:24:00,1,预警,焚烧炉出口氧含量偏高
2025-05-30 04:26:00,1,预警,焚烧炉出口氧含量偏高
2025-05-30 04:28:00,1,预警,焚烧炉出口氧含量偏高
2025-05-30 04:30:00,1,预警,焚烧炉出口氧含量偏高
2025-05-30 04:32:00,1,预警,焚烧炉出口氧含量偏高
2025-05-30 04:34:00,1,预警,焚烧炉出口氧含量偏高
2025-05-30 04:36:00,1,预警,焚烧炉出口氧含量偏高
2025-05-30 04:38:00,1,预警,焚烧炉出口氧含量偏高
2025-05-30 04:40:00,1,预警,焚烧炉出口氧含量偏高
2025-05-30 04:42:00,1,预警,焚烧炉出口氧含量偏高
2025-05-30 04:44:00,1,预警,焚烧炉出口氧含量偏高
2025-05-30 04:46:00,1,预警,焚烧炉出口氧含量偏高
2025-05-30 04:48:00,1,预警,焚烧炉出口氧含量偏高
2025-05-30 04:50:00,1,预警,焚烧炉出口氧含量偏高
2025-05-30 04:52:00,1,预警,焚烧炉出口氧含量偏高
2025-05-30 04:54:00,1,预警,焚烧炉出口氧含量偏高
2025-05-30 04:56:00,1,预警,焚烧炉出口氧含量偏高
2025-05-30 04:58:00,1,预警,焚烧炉出口氧含量偏高
2025-05-30 05:00:00,1,预警,焚烧炉出口氧含量偏高
2025-05-30 05:02:00,1,预警,焚烧炉出口氧含量偏高
2025-05-30 05:04:00,1,预警,焚烧炉出口氧含量偏高
2025-05-30 05:06:00,1,预警,焚烧炉出口氧含量偏高
2025-05-30 05:08:00,1,预警,焚烧炉出口氧含量偏高
2025-05-30 05:10:00,1,预警,焚烧炉出口氧含量偏高
2025-05-30 05:12:00,1,预警,焚烧炉出口氧含量偏高
2025-05-30 05:14:00,1,预警,焚烧炉出口氧含量偏高
2025-05-30 05:54:00,1,预警,焚烧炉出口氧含量偏高
2025-05-30 05:58:00,1,预警,焚烧炉出口氧含量偏高
2025-05-30 06:28:00,1,预警,焚烧炉出口氧含量偏高
2025-05-30 06:30:00,1,预警,焚烧炉出口氧含量偏高
2025-05-30 06:32:00,1,预警,焚烧炉出口氧含量偏高
2025-05-30 06:34:00,1,预警,焚烧炉出口氧含量偏高
2025-05-30 06:36:00,1,预警,焚烧炉出口氧含量偏高
2025-05-30 06:38:00,1,预警,焚烧炉出口氧含量偏高
2025-05-30 06:40:00,1,预警,焚烧炉出口氧含量偏高
2025-05-30 06:42:00,1,预警,焚烧炉出口氧含量偏高
2025-05-30 06:44:00,1,预警,焚烧炉出口氧含量偏高
2025-05-30 06:46:00,1,预警,焚烧炉出口氧含量偏高
2025-05-30 06:48:00,1,预警,焚烧炉出口氧含量偏高
2025-05-30 06:50:00,1,预警,焚烧炉出口氧含量偏高
2025-05-30 06:52:00,1,预警,焚烧炉出口氧含量偏高
2025-05-30 06:54:00,1,预警,焚烧炉出口氧含量偏高
2025-05-30 06:56:00,1,预警,焚烧炉出口氧含量偏高
2025-05-30 06:58:00,1,预警,焚烧炉出口氧含量偏高
2025-05-30 07:00:00,1,预警,焚烧炉出口氧含量偏高
2025-05-30 07:02:00,1,预警,焚烧炉出口氧含量偏高
2025-05-30 07:04:00,1,预警,焚烧炉出口氧含量偏高
2025-05-30 07:06:00,1,预警,焚烧炉出口氧含量偏高
2025-05-30 07:08:00,1,预警,焚烧炉出口氧含量偏高
2025-05-30 07:10:00,1,预警,焚烧炉出口氧含量偏高
2025-05-30 07:12:00,1,预警,焚烧炉出口氧含量偏高
2025-05-30 07:14:00,1,预警,焚烧炉出口氧含量偏高
2025-05-30 07:16:00,1,预警,焚烧炉出口氧含量偏高
2025-05-30 07:18:00,1,预警,焚烧炉出口氧含量偏高
2025-05-30 07:20:00,1,预警,焚烧炉出口氧含量偏高
2025-05-30 07:22:00,1,预警,焚烧炉出口氧含量偏高
2025-05-30 07:24:00,1,预警,焚烧炉出口氧含量偏高
2025-05-30 07:26:00,1,预警,焚烧炉出口氧含量偏高
2025-05-30 07:58:00,1,预警,焚烧炉出口氧含量偏高
2025-05-30 08:00:00,1,预警,焚烧炉出口氧含量偏高
2025-05-30 08:02:00,1,预警,焚烧炉出口氧含量偏高
2025-05-30 08:04:00,1,预警,焚烧炉出口氧含量偏高
2025-05-30 08:06:00,1,预警,焚烧炉出口氧含量偏高
2025-05-30 08:08:00,1,预警,焚烧炉出口氧含量偏高
2025-05-30 08:12:00,1,预警,焚烧炉出口氧含量偏高
2025-05-30 08:28:00,1,预警,焚烧炉出口氧含量偏高
2025-05-30 08:32:00,1,预警,焚烧炉出口氧含量偏高
2025-05-30 08:34:00,1,预警,焚烧炉出口氧含量偏高
2025-05-30 08:36:00,1,预警,焚烧炉出口氧含量偏高
2025-05-30 08:38:00,1,预警,焚烧炉出口氧含量偏高
2025-05-30 08:40:00,1,预警,焚烧炉出口氧含量偏高
2025-05-30 08:42:00,1,预警,焚烧炉出口氧含量偏高
2025-05-30 08:44:00,1,预警,焚烧炉出口氧含量偏高
2025-05-30 08:46:00,1,预警,焚烧炉出口氧含量偏高
2025-05-30 08:48:00,1,预警,焚烧炉出口氧含量偏高
2025-05-30 08:50:00,1,预警,焚烧炉出口氧含量偏高
2025-05-30 08:52:00,1,预警,焚烧炉出口氧含量偏高
2025-05-30 08:54:00,1,预警,焚烧炉出口氧含量偏高
2025-05-30 08:56:00,1,预警,焚烧炉出口氧含量偏高
2025-05-30 08:58:00,1,预警,焚烧炉出口氧含量偏高
2025-05-30 09:06:00,1,预警,焚烧炉出口氧含量偏高
2025-05-30 09:08:00,1,预警,焚烧炉出口氧含量偏高
2025-05-30 09:10:00,1,预警,焚烧炉出口氧含量偏高
2025-05-30 09:12:00,1,预警,焚烧炉出口氧含量偏高
2025-05-30 09:14:00,1,预警,焚烧炉出口氧含量偏高
2025-05-30 09:22:00,1,预警,焚烧炉出口氧含量偏高
2025-05-30 09:26:00,1,预警,焚烧炉出口氧含量偏高
2025-05-30 09:28:00,1,预警,焚烧炉出口氧含量偏高
2025-05-30 09:30:00,1,预警,焚烧炉出口氧含量偏高
2025-05-30 09:32:00,1,预警,焚烧炉出口氧含量偏高
2025-05-30 09:34:00,1,预警,焚烧炉出口氧含量偏高
2025-05-30 09:38:00,1,预警,焚烧炉出口氧含量偏高
2025-05-30 09:40:00,1,预警,焚烧炉出口氧含量偏高
2025-05-30 11:54:00,1,预警,焚烧炉出口氧含量偏高
2025-05-30 11:58:00,1,预警,焚烧炉出口氧含量偏高
2025-05-30 12:00:00,1,预警,焚烧炉出口氧含量偏高
2025-05-30 12:02:00,1,预警,焚烧炉出口氧含量偏高
2025-05-30 12:06:00,1,预警,焚烧炉出口氧含量偏高
2025-05-30 12:08:00,1,预警,焚烧炉出口氧含量偏高
2025-05-30 12:10:00,1,预警,焚烧炉出口氧含量偏高
2025-05-30 12:12:00,1,预警,焚烧炉出口氧含量偏高
2025-05-30 12:14:00,1,预警,焚烧炉出口氧含量偏高
2025-05-30 12:18:00,1,预警,焚烧炉出口氧含量偏高
2025-05-30 12:20:00,1,预警,焚烧炉出口氧含量偏高
2025-05-30 12:22:00,1,预警,焚烧炉出口氧含量偏高
2025-05-30 12:24:00,1,预警,焚烧炉出口氧含量偏高
2025-05-30 12:28:00,1,预警,焚烧炉出口氧含量偏高
2025-05-30 12:30:00,1,预警,焚烧炉出口氧含量偏高
2025-05-30 12:32:00,1,预警,焚烧炉出口氧含量偏高
2025-05-30 12:40:00,1,预警,焚烧炉出口氧含量偏高
2025-05-30 12:52:00,1,预警,焚烧炉出口氧含量偏高
2025-05-30 12:56:00,1,预警,焚烧炉出口氧含量偏高
2025-05-30 12:58:00,1,预警,焚烧炉出口氧含量偏高
2025-05-30 13:00:00,1,预警,焚烧炉出口氧含量偏高
2025-05-30 13:02:00,1,预警,焚烧炉出口氧含量偏高
2025-05-30 13:04:00,1,预警,焚烧炉出口氧含量偏高
2025-05-30 13:06:00,1,预警,焚烧炉出口氧含量偏高
2025-05-30 14:14:00,1,预警,焚烧炉出口氧含量偏高
2025-05-30 14:20:00,1,预警,焚烧炉出口氧含量偏高
2025-05-30 14:24:00,1,预警,焚烧炉出口氧含量偏高
2025-05-30 14:26:00,1,预警,焚烧炉出口氧含量偏高
2025-05-30 14:28:00,1,预警,焚烧炉出口氧含量偏高
2025-05-30 14:30:00,1,预警,焚烧炉出口氧含量偏高
2025-05-30 14:32:00,1,预警,焚烧炉出口氧含量偏高
2025-05-30 14:34:00,1,预警,焚烧炉出口氧含量偏高
2025-05-30 14:36:00,1,预警,焚烧炉出口氧含量偏高
2025-05-30 14:38:00,1,预警,焚烧炉出口氧含量偏高
2025-05-30 14:40:00,1,预警,焚烧炉出口氧含量偏高
2025-05-30 14:42:00,1,预警,焚烧炉出口氧含量偏高
2025-05-30 14:44:00,1,预警,焚烧炉出口氧含量偏高
2025-05-30 14:46:00,1,预警,焚烧炉出口氧含量偏高
2025-05-30 14:48:00,1,预警,焚烧炉出口氧含量偏高
2025-05-30 14:50:00,1,预警,焚烧炉出口氧含量偏高
2025-05-30 14:52:00,1,预警,焚烧炉出口氧含量偏高
2025-05-30 14:54:00,1,预警,焚烧炉出口氧含量偏高
2025-05-30 14:56:00,1,预警,焚烧炉出口氧含量偏高
2025-05-30 14:58:00,1,预警,焚烧炉出口氧含量偏高
2025-05-30 15:00:00,1,预警,焚烧炉出口氧含量偏高
2025-05-30 15:02:00,1,预警,焚烧炉出口氧含量偏高
2025-05-30 15:04:00,1,预警,焚烧炉出口氧含量偏高
2025-05-30 15:06:00,1,预警,焚烧炉出口氧含量偏高
2025-05-30 15:08:00,1,预警,焚烧炉出口氧含量偏高
2025-05-30 15:10:00,1,预警,焚烧炉出口氧含量偏高
2025-05-30 15:12:00,1,预警,焚烧炉出口氧含量偏高
2025-05-30 15:14:00,1,预警,焚烧炉出口氧含量偏高
2025-05-30 15:16:00,1,预警,焚烧炉出口氧含量偏高
2025-05-30 15:18:00,1,预警,焚烧炉出口氧含量偏高
2025-05-30 15:20:00,1,预警,焚烧炉出口氧含量偏高
2025-05-30 15:22:00,1,预警,焚烧炉出口氧含量偏高
2025-05-30 15:24:00,1,预警,焚烧炉出口氧含量偏高
2025-05-30 15:26:00,1,预警,焚烧炉出口氧含量偏高
2025-05-30 15:28:00,1,预警,焚烧炉出口氧含量偏高
2025-05-30 15:30:00,1,预警,焚烧炉出口氧含量偏高
2025-05-30 15:32:00,1,预警,焚烧炉出口氧含量偏高
2025-05-30 15:34:00,1,预警,焚烧炉出口氧含量偏高
2025-05-30 15:36:00,1,预警,焚烧炉出口氧含量偏高
2025-05-30 15:38:00,1,预警,焚烧炉出口氧含量偏高
2025-05-30 15:40:00,1,预警,焚烧炉出口氧含量偏高
2025-05-30 15:42:00,1,预警,焚烧炉出口氧含量偏高
2025-05-30 15:44:00,1,预警,焚烧炉出口氧含量偏高
2025-05-30 15:46:00,1,预警,焚烧炉出口氧含量偏高
2025-05-30 15:48:00,1,预警,焚烧炉出口氧含量偏高
2025-05-30 15:50:00,1,预警,焚烧炉出口氧含量偏高
2025-05-30 15:52:00,1,预警,焚烧炉出口氧含量偏高
2025-05-30 15:54:00,1,预警,焚烧炉出口氧含量偏高
2025-05-30 15:56:00,1,预警,焚烧炉出口氧含量偏高
2025-05-30 15:58:00,1,预警,焚烧炉出口氧含量偏高
2025-05-30 16:00:00,1,预警,焚烧炉出口氧含量偏高
2025-05-30 16:02:00,1,预警,焚烧炉出口氧含量偏高
2025-05-30 16:06:00,1,预警,焚烧炉出口氧含量偏高
2025-05-30 16:08:00,1,预警,焚烧炉出口氧含量偏高
2025-05-30 16:10:00,1,预警,焚烧炉出口氧含量偏高
2025-05-30 16:12:00,1,预警,焚烧炉出口氧含量偏高
2025-05-30 16:26:00,1,预警,焚烧炉出口氧含量偏高
2025-05-30 16:28:00,1,预警,焚烧炉出口氧含量偏高
2025-05-30 16:30:00,1,预警,焚烧炉出口氧含量偏高
2025-05-30 16:32:00,1,预警,焚烧炉出口氧含量偏高
2025-05-30 16:44:00,1,预警,焚烧炉出口氧含量偏高
2025-05-30 16:56:00,1,预警,焚烧炉出口氧含量偏高
2025-05-30 17:06:00,1,预警,焚烧炉出口氧含量偏高
2025-05-30 17:10:00,1,预警,焚烧炉出口氧含量偏高
2025-05-30 17:24:00,1,预警,焚烧炉出口氧含量偏高
2025-05-30 17:28:00,1,预警,焚烧炉出口氧含量偏高
2025-05-30 17:32:00,1,预警,焚烧炉出口氧含量偏高
2025-05-30 17:36:00,1,预警,焚烧炉出口氧含量偏高
2025-05-30 18:00:00,1,预警,焚烧炉出口氧含量偏高
2025-05-30 18:02:00,1,预警,焚烧炉出口氧含量偏高
2025-05-30 18:12:00,1,预警,焚烧炉出口氧含量偏高
2025-05-30 18:14:00,1,预警,焚烧炉出口氧含量偏高
2025-05-30 18:16:00,1,预警,焚烧炉出口氧含量偏高
2025-05-30 18:20:00,1,预警,焚烧炉出口氧含量偏高
2025-05-30 18:22:00,1,预警,焚烧炉出口氧含量偏高
2025-05-30 18:30:00,1,预警,焚烧炉出口氧含量偏高
2025-05-30 18:34:00,1,预警,焚烧炉出口氧含量偏高
2025-05-30 18:38:00,1,预警,焚烧炉出口氧含量偏高
2025-05-30 18:42:00,1,预警,焚烧炉出口氧含量偏高
2025-05-30 18:48:00,1,预警,焚烧炉出口氧含量偏高
2025-05-30 18:52:00,1,预警,焚烧炉出口氧含量偏高
2025-05-30 18:56:00,1,预警,焚烧炉出口氧含量偏高
2025-05-30 19:06:00,1,预警,焚烧炉出口氧含量偏高
2025-05-30 19:08:00,1,预警,焚烧炉出口氧含量偏高
2025-05-30 19:10:00,1,预警,焚烧炉出口氧含量偏高
2025-05-30 19:12:00,1,预警,焚烧炉出口氧含量偏高
2025-05-30 19:14:00,1,预警,焚烧炉出口氧含量偏高
2025-05-30 19:18:00,1,预警,焚烧炉出口氧含量偏高
2025-05-30 19:22:00,1,预警,焚烧炉出口氧含量偏高
2025-05-30 19:26:00,1,预警,焚烧炉出口氧含量偏高
2025-05-30 19:30:00,1,预警,焚烧炉出口氧含量偏高
2025-05-30 20:16:00,1,预警,焚烧炉出口氧含量偏高
2025-05-30 20:22:00,1,预警,焚烧炉出口氧含量偏高
2025-05-30 20:24:00,1,预警,焚烧炉出口氧含量偏高
2025-05-30 20:28:00,1,预警,焚烧炉出口氧含量偏高
2025-05-30 20:30:00,1,预警,焚烧炉出口氧含量偏高
2025-05-30 20:32:00,1,预警,焚烧炉出口氧含量偏高
2025-05-30 20:34:00,1,预警,焚烧炉出口氧含量偏高
2025-05-30 20:36:00,1,预警,焚烧炉出口氧含量偏高
2025-05-30 20:40:00,1,预警,焚烧炉出口氧含量偏高
2025-05-30 20:42:00,1,预警,焚烧炉出口氧含量偏高
2025-05-30 20:46:00,1,预警,焚烧炉出口氧含量偏高
2025-05-30 20:48:00,1,预警,焚烧炉出口氧含量偏高
2025-05-30 20:52:00,1,预警,焚烧炉出口氧含量偏高
2025-05-30 20:58:00,1,预警,焚烧炉出口氧含量偏高
2025-05-30 21:04:00,1,预警,焚烧炉出口氧含量偏高
2025-05-30 21:12:00,1,预警,焚烧炉出口氧含量偏高
2025-05-30 21:44:00,1,预警,焚烧炉出口氧含量偏高
2025-05-30 21:52:00,1,预警,焚烧炉出口氧含量偏高
2025-05-30 21:54:00,1,预警,焚烧炉出口氧含量偏高
2025-05-30 21:58:00,1,预警,焚烧炉出口氧含量偏高
2025-05-30 22:06:00,1,预警,焚烧炉出口氧含量偏高
2025-05-30 22:08:00,1,预警,焚烧炉出口氧含量偏高
2025-05-30 22:12:00,1,预警,焚烧炉出口氧含量偏高
2025-05-30 22:22:00,1,预警,焚烧炉出口氧含量偏高
2025-05-30 22:24:00,1,预警,焚烧炉出口氧含量偏高
2025-05-30 22:46:00,1,预警,焚烧炉出口氧含量偏高
2025-05-30 22:48:00,1,预警,焚烧炉出口氧含量偏高
2025-05-30 22:58:00,1,预警,焚烧炉出口氧含量偏高
2025-05-30 23:00:00,1,预警,焚烧炉出口氧含量偏高
2025-05-30 23:02:00,1,预警,焚烧炉出口氧含量偏高
2025-05-30 23:04:00,1,预警,焚烧炉出口氧含量偏高
2025-05-30 23:06:00,1,预警,焚烧炉出口氧含量偏高
2025-05-30 23:08:00,1,预警,焚烧炉出口氧含量偏高
2025-05-30 23:10:00,1,预警,焚烧炉出口氧含量偏高
2025-05-30 23:12:00,1,预警,焚烧炉出口氧含量偏高
2025-05-30 23:14:00,1,预警,焚烧炉出口氧含量偏高
2025-05-30 23:18:00,1,预警,焚烧炉出口氧含量偏高
2025-05-30 23:20:00,1,预警,焚烧炉出口氧含量偏高
2025-05-30 23:22:00,1,预警,焚烧炉出口氧含量偏高
2025-05-30 23:24:00,1,预警,焚烧炉出口氧含量偏高
2025-05-30 23:26:00,1,预警,焚烧炉出口氧含量偏高
2025-05-30 23:28:00,1,预警,焚烧炉出口氧含量偏高
2025-05-30 23:30:00,1,预警,焚烧炉出口氧含量偏高
2025-05-30 23:32:00,1,预警,焚烧炉出口氧含量偏高
2025-05-30 23:34:00,1,预警,焚烧炉出口氧含量偏高
2025-05-30 23:36:00,1,预警,焚烧炉出口氧含量偏高
2025-05-30 23:38:00,1,预警,焚烧炉出口氧含量偏高
2025-05-30 23:40:00,1,预警,焚烧炉出口氧含量偏高
2025-05-30 23:56:00,1,预警,焚烧炉出口氧含量偏高
2025-05-30 23:58:00,1,预警,焚烧炉出口氧含量偏高
