﻿时间,炉号,预警/报警类型,预警/报警事件
2025-05-31 00:16:00,1,预警,焚烧炉出口氧含量偏高
2025-05-31 00:18:00,1,预警,焚烧炉出口氧含量偏高
2025-05-31 00:20:00,1,预警,焚烧炉出口氧含量偏高
2025-05-31 00:22:00,1,预警,焚烧炉出口氧含量偏高
2025-05-31 00:24:00,1,预警,焚烧炉出口氧含量偏高
2025-05-31 00:26:00,1,预警,焚烧炉出口氧含量偏高
2025-05-31 00:28:00,1,预警,焚烧炉出口氧含量偏高
2025-05-31 00:30:00,1,预警,焚烧炉出口氧含量偏高
2025-05-31 00:32:00,1,预警,焚烧炉出口氧含量偏高
2025-05-31 00:34:00,1,预警,焚烧炉出口氧含量偏高
2025-05-31 00:36:00,1,预警,焚烧炉出口氧含量偏高
2025-05-31 01:12:00,1,预警,焚烧炉出口氧含量偏高
2025-05-31 01:14:00,1,预警,焚烧炉出口氧含量偏高
2025-05-31 01:16:00,1,预警,焚烧炉出口氧含量偏高
2025-05-31 01:18:00,1,预警,焚烧炉出口氧含量偏高
2025-05-31 01:20:00,1,预警,焚烧炉出口氧含量偏高
2025-05-31 01:22:00,1,预警,焚烧炉出口氧含量偏高
2025-05-31 01:24:00,1,预警,焚烧炉出口氧含量偏高
2025-05-31 01:26:00,1,预警,焚烧炉出口氧含量偏高
2025-05-31 01:28:00,1,预警,焚烧炉出口氧含量偏高
2025-05-31 01:30:00,1,预警,焚烧炉出口氧含量偏高
2025-05-31 01:32:00,1,预警,焚烧炉出口氧含量偏高
2025-05-31 01:34:00,1,预警,焚烧炉出口氧含量偏高
2025-05-31 01:36:00,1,预警,焚烧炉出口氧含量偏高
2025-05-31 01:38:00,1,预警,焚烧炉出口氧含量偏高
2025-05-31 01:40:00,1,预警,焚烧炉出口氧含量偏高
2025-05-31 01:42:00,1,预警,焚烧炉出口氧含量偏高
2025-05-31 01:44:00,1,预警,焚烧炉出口氧含量偏高
2025-05-31 01:46:00,1,预警,焚烧炉出口氧含量偏高
2025-05-31 01:48:00,1,预警,焚烧炉出口氧含量偏高
2025-05-31 02:00:00,1,预警,焚烧炉出口氧含量偏高
2025-05-31 02:02:00,1,预警,焚烧炉出口氧含量偏高
2025-05-31 02:04:00,1,预警,焚烧炉出口氧含量偏高
2025-05-31 02:06:00,1,预警,焚烧炉出口氧含量偏高
2025-05-31 02:08:00,1,预警,焚烧炉出口氧含量偏高
2025-05-31 03:08:00,1,预警,焚烧炉出口氧含量偏高
2025-05-31 03:10:00,1,预警,焚烧炉出口氧含量偏高
2025-05-31 03:12:00,1,预警,焚烧炉出口氧含量偏高
2025-05-31 03:14:00,1,预警,焚烧炉出口氧含量偏高
2025-05-31 03:28:00,1,预警,焚烧炉出口氧含量偏高
2025-05-31 04:16:00,1,预警,焚烧炉出口氧含量偏高
2025-05-31 04:18:00,1,预警,焚烧炉出口氧含量偏高
2025-05-31 04:28:00,1,预警,焚烧炉出口氧含量偏高
2025-05-31 04:30:00,1,预警,焚烧炉出口氧含量偏高
2025-05-31 04:32:00,1,预警,焚烧炉出口氧含量偏高
2025-05-31 04:34:00,1,预警,焚烧炉出口氧含量偏高
2025-05-31 04:36:00,1,预警,焚烧炉出口氧含量偏高
2025-05-31 04:38:00,1,预警,焚烧炉出口氧含量偏高
2025-05-31 04:40:00,1,预警,焚烧炉出口氧含量偏高
2025-05-31 04:42:00,1,预警,焚烧炉出口氧含量偏高
2025-05-31 04:44:00,1,预警,焚烧炉出口氧含量偏高
2025-05-31 04:46:00,1,预警,焚烧炉出口氧含量偏高
2025-05-31 04:48:00,1,预警,焚烧炉出口氧含量偏高
2025-05-31 04:50:00,1,预警,焚烧炉出口氧含量偏高
2025-05-31 04:52:00,1,预警,焚烧炉出口氧含量偏高
2025-05-31 04:54:00,1,预警,焚烧炉出口氧含量偏高
2025-05-31 04:56:00,1,预警,焚烧炉出口氧含量偏高
2025-05-31 05:00:00,1,预警,焚烧炉出口氧含量偏高
2025-05-31 05:02:00,1,预警,焚烧炉出口氧含量偏高
2025-05-31 05:04:00,1,预警,焚烧炉出口氧含量偏高
2025-05-31 05:10:00,1,预警,焚烧炉出口氧含量偏高
2025-05-31 05:14:00,1,预警,焚烧炉出口氧含量偏高
2025-05-31 05:16:00,1,预警,焚烧炉出口氧含量偏高
2025-05-31 05:18:00,1,预警,焚烧炉出口氧含量偏高
2025-05-31 05:20:00,1,预警,焚烧炉出口氧含量偏高
2025-05-31 05:22:00,1,预警,焚烧炉出口氧含量偏高
2025-05-31 05:24:00,1,预警,焚烧炉出口氧含量偏高
2025-05-31 05:26:00,1,预警,焚烧炉出口氧含量偏高
2025-05-31 05:28:00,1,预警,焚烧炉出口氧含量偏高
2025-05-31 05:30:00,1,预警,焚烧炉出口氧含量偏高
2025-05-31 05:32:00,1,预警,焚烧炉出口氧含量偏高
2025-05-31 05:34:00,1,预警,焚烧炉出口氧含量偏高
2025-05-31 05:36:00,1,预警,焚烧炉出口氧含量偏高
2025-05-31 05:38:00,1,预警,焚烧炉出口氧含量偏高
2025-05-31 05:40:00,1,预警,焚烧炉出口氧含量偏高
2025-05-31 05:42:00,1,预警,焚烧炉出口氧含量偏高
2025-05-31 05:44:00,1,预警,焚烧炉出口氧含量偏高
2025-05-31 05:46:00,1,预警,焚烧炉出口氧含量偏高
2025-05-31 05:48:00,1,预警,焚烧炉出口氧含量偏高
2025-05-31 05:50:00,1,预警,焚烧炉出口氧含量偏高
2025-05-31 05:52:00,1,预警,焚烧炉出口氧含量偏高
2025-05-31 05:54:00,1,预警,焚烧炉出口氧含量偏高
2025-05-31 05:56:00,1,预警,焚烧炉出口氧含量偏高
2025-05-31 05:58:00,1,预警,焚烧炉出口氧含量偏高
2025-05-31 06:00:00,1,预警,焚烧炉出口氧含量偏高
2025-05-31 06:02:00,1,预警,焚烧炉出口氧含量偏高
2025-05-31 06:04:00,1,预警,焚烧炉出口氧含量偏高
2025-05-31 06:06:00,1,预警,焚烧炉出口氧含量偏高
2025-05-31 06:08:00,1,预警,焚烧炉出口氧含量偏高
2025-05-31 06:10:00,1,预警,焚烧炉出口氧含量偏高
2025-05-31 06:46:00,1,预警,焚烧炉出口氧含量偏高
2025-05-31 07:24:00,1,预警,焚烧炉出口氧含量偏高
2025-05-31 07:28:00,1,预警,焚烧炉出口氧含量偏高
2025-05-31 08:04:00,1,预警,焚烧炉出口氧含量偏高
2025-05-31 08:06:00,1,预警,焚烧炉出口氧含量偏高
2025-05-31 08:10:00,1,预警,焚烧炉出口氧含量偏高
2025-05-31 08:12:00,1,预警,焚烧炉出口氧含量偏高
2025-05-31 08:16:00,1,预警,焚烧炉出口氧含量偏高
2025-05-31 08:18:00,1,预警,焚烧炉出口氧含量偏高
2025-05-31 08:20:00,1,预警,焚烧炉出口氧含量偏高
2025-05-31 08:40:00,1,预警,焚烧炉出口氧含量偏高
2025-05-31 08:42:00,1,预警,焚烧炉出口氧含量偏高
2025-05-31 08:44:00,1,预警,焚烧炉出口氧含量偏高
2025-05-31 08:46:00,1,预警,焚烧炉出口氧含量偏高
2025-05-31 08:48:00,1,预警,焚烧炉出口氧含量偏高
2025-05-31 08:50:00,1,预警,焚烧炉出口氧含量偏高
2025-05-31 08:52:00,1,预警,焚烧炉出口氧含量偏高
2025-05-31 08:54:00,1,预警,焚烧炉出口氧含量偏高
2025-05-31 08:56:00,1,预警,焚烧炉出口氧含量偏高
2025-05-31 09:00:00,1,预警,焚烧炉出口氧含量偏高
2025-05-31 09:02:00,1,预警,焚烧炉出口氧含量偏高
2025-05-31 09:04:00,1,预警,焚烧炉出口氧含量偏高
2025-05-31 09:06:00,1,预警,焚烧炉出口氧含量偏高
2025-05-31 09:08:00,1,预警,焚烧炉出口氧含量偏高
2025-05-31 09:10:00,1,预警,焚烧炉出口氧含量偏高
2025-05-31 09:12:00,1,预警,焚烧炉出口氧含量偏高
2025-05-31 09:14:00,1,预警,焚烧炉出口氧含量偏高
2025-05-31 09:16:00,1,预警,焚烧炉出口氧含量偏高
2025-05-31 09:20:00,1,预警,焚烧炉出口氧含量偏高
2025-05-31 09:22:00,1,预警,焚烧炉出口氧含量偏高
2025-05-31 09:24:00,1,预警,焚烧炉出口氧含量偏高
2025-05-31 09:26:00,1,预警,焚烧炉出口氧含量偏高
2025-05-31 09:28:00,1,预警,焚烧炉出口氧含量偏高
2025-05-31 09:30:00,1,预警,焚烧炉出口氧含量偏高
2025-05-31 09:32:00,1,预警,焚烧炉出口氧含量偏高
2025-05-31 09:34:00,1,预警,焚烧炉出口氧含量偏高
2025-05-31 09:36:00,1,预警,焚烧炉出口氧含量偏高
2025-05-31 09:38:00,1,预警,焚烧炉出口氧含量偏高
2025-05-31 09:40:00,1,预警,焚烧炉出口氧含量偏高
2025-05-31 09:42:00,1,预警,焚烧炉出口氧含量偏高
2025-05-31 09:44:00,1,预警,焚烧炉出口氧含量偏高
2025-05-31 11:52:00,1,预警,焚烧炉出口氧含量偏高
2025-05-31 12:24:00,1,预警,焚烧炉出口氧含量偏高
2025-05-31 12:34:00,1,预警,焚烧炉出口氧含量偏高
2025-05-31 13:42:00,1,预警,焚烧炉出口氧含量偏高
2025-05-31 14:16:00,1,预警,焚烧炉出口氧含量偏高
2025-05-31 14:20:00,1,预警,焚烧炉出口氧含量偏高
2025-05-31 14:22:00,1,预警,焚烧炉出口氧含量偏高
2025-05-31 14:24:00,1,预警,焚烧炉出口氧含量偏高
2025-05-31 14:26:00,1,预警,焚烧炉出口氧含量偏高
2025-05-31 14:28:00,1,预警,焚烧炉出口氧含量偏高
2025-05-31 14:30:00,1,预警,焚烧炉出口氧含量偏高
2025-05-31 15:04:00,1,预警,焚烧炉出口氧含量偏高
2025-05-31 15:06:00,1,预警,焚烧炉出口氧含量偏高
2025-05-31 15:08:00,1,预警,焚烧炉出口氧含量偏高
2025-05-31 15:10:00,1,预警,焚烧炉出口氧含量偏高
2025-05-31 15:20:00,1,预警,焚烧炉出口氧含量偏高
2025-05-31 15:24:00,1,预警,焚烧炉出口氧含量偏高
2025-05-31 15:26:00,1,预警,焚烧炉出口氧含量偏高
2025-05-31 15:36:00,1,预警,焚烧炉出口氧含量偏高
2025-05-31 15:40:00,1,预警,焚烧炉出口氧含量偏高
2025-05-31 15:42:00,1,预警,焚烧炉出口氧含量偏高
2025-05-31 15:46:00,1,预警,布袋除尘器压力损失偏低
2025-05-31 15:48:00,1,预警,布袋除尘器压力损失偏低
2025-05-31 15:50:00,1,预警,布袋除尘器压力损失偏低
2025-05-31 15:52:00,1,预警,布袋除尘器压力损失偏低
2025-05-31 16:02:00,1,预警,焚烧炉出口氧含量偏高
2025-05-31 16:40:00,1,预警,焚烧炉出口氧含量偏高
2025-05-31 16:42:00,1,预警,焚烧炉出口氧含量偏高
2025-05-31 16:44:00,1,预警,焚烧炉出口氧含量偏高
2025-05-31 16:46:00,1,预警,焚烧炉出口氧含量偏高
2025-05-31 16:48:00,1,预警,焚烧炉出口氧含量偏高
2025-05-31 17:04:00,1,预警,焚烧炉出口氧含量偏高
2025-05-31 17:06:00,1,预警,焚烧炉出口氧含量偏高
2025-05-31 17:08:00,1,预警,焚烧炉出口氧含量偏高
2025-05-31 17:58:00,1,预警,焚烧炉出口氧含量偏高
2025-05-31 18:16:00,1,预警,焚烧炉出口氧含量偏高
2025-05-31 19:16:00,1,预警,焚烧炉出口氧含量偏高
2025-05-31 19:30:00,1,预警,焚烧炉出口氧含量偏高
2025-05-31 19:32:00,1,预警,焚烧炉出口氧含量偏高
2025-05-31 19:36:00,1,预警,焚烧炉出口氧含量偏高
2025-05-31 19:38:00,1,预警,焚烧炉出口氧含量偏高
2025-05-31 19:40:00,1,预警,焚烧炉出口氧含量偏高
2025-05-31 19:48:00,1,预警,焚烧炉出口氧含量偏高
2025-05-31 19:50:00,1,预警,焚烧炉出口氧含量偏高
2025-05-31 19:54:00,1,预警,焚烧炉出口氧含量偏高
2025-05-31 19:56:00,1,预警,焚烧炉出口氧含量偏高
2025-05-31 20:00:00,1,预警,焚烧炉出口氧含量偏高
2025-05-31 20:04:00,1,预警,焚烧炉出口氧含量偏高
2025-05-31 21:16:00,1,预警,焚烧炉出口氧含量偏高
2025-05-31 21:30:00,1,预警,焚烧炉出口氧含量偏高
2025-05-31 21:40:00,1,预警,焚烧炉出口氧含量偏高
2025-05-31 21:42:00,1,预警,焚烧炉出口氧含量偏高
2025-05-31 21:44:00,1,预警,焚烧炉出口氧含量偏高
2025-05-31 21:46:00,1,预警,焚烧炉出口氧含量偏高
2025-05-31 21:52:00,1,预警,焚烧炉出口氧含量偏高
2025-05-31 21:54:00,1,预警,焚烧炉出口氧含量偏高
2025-05-31 21:56:00,1,预警,焚烧炉出口氧含量偏高
2025-05-31 21:58:00,1,预警,焚烧炉出口氧含量偏高
2025-05-31 22:00:00,1,预警,焚烧炉出口氧含量偏高
2025-05-31 22:02:00,1,预警,焚烧炉出口氧含量偏高
2025-05-31 22:04:00,1,预警,焚烧炉出口氧含量偏高
2025-05-31 22:06:00,1,预警,焚烧炉出口氧含量偏高
2025-05-31 22:08:00,1,预警,焚烧炉出口氧含量偏高
2025-05-31 22:10:00,1,预警,焚烧炉出口氧含量偏高
2025-05-31 22:12:00,1,预警,焚烧炉出口氧含量偏高
2025-05-31 22:14:00,1,预警,焚烧炉出口氧含量偏高
2025-05-31 22:16:00,1,预警,焚烧炉出口氧含量偏高
2025-05-31 22:18:00,1,预警,焚烧炉出口氧含量偏高
2025-05-31 22:20:00,1,预警,焚烧炉出口氧含量偏高
2025-05-31 22:22:00,1,预警,焚烧炉出口氧含量偏高
2025-05-31 22:24:00,1,预警,焚烧炉出口氧含量偏高
2025-05-31 22:26:00,1,预警,焚烧炉出口氧含量偏高
2025-05-31 22:28:00,1,预警,焚烧炉出口氧含量偏高
2025-05-31 22:30:00,1,预警,焚烧炉出口氧含量偏高
2025-05-31 22:32:00,1,预警,焚烧炉出口氧含量偏高
2025-05-31 22:34:00,1,预警,焚烧炉出口氧含量偏高
2025-05-31 22:36:00,1,预警,焚烧炉出口氧含量偏高
2025-05-31 22:38:00,1,预警,焚烧炉出口氧含量偏高
2025-05-31 22:40:00,1,预警,焚烧炉出口氧含量偏高
2025-05-31 22:42:00,1,预警,焚烧炉出口氧含量偏高
2025-05-31 23:02:00,1,预警,焚烧炉出口氧含量偏高
2025-05-31 23:16:00,1,预警,焚烧炉出口氧含量偏高
2025-05-31 23:28:00,1,预警,焚烧炉出口氧含量偏高
2025-05-31 23:34:00,1,预警,焚烧炉出口氧含量偏高
2025-05-31 23:38:00,1,预警,焚烧炉出口氧含量偏高
2025-05-31 23:52:00,1,预警,焚烧炉出口氧含量偏高
