﻿时间,炉号,预警/报警类型,预警/报警事件
2025-06-10 00:00:00,1,预警,焚烧炉出口氧含量偏高
2025-06-10 00:02:00,1,预警,焚烧炉出口氧含量偏高
2025-06-10 00:04:00,1,预警,焚烧炉出口氧含量偏高
2025-06-10 00:06:00,1,预警,焚烧炉出口氧含量偏高
2025-06-10 00:08:00,1,预警,焚烧炉出口氧含量偏高
2025-06-10 00:10:00,1,预警,焚烧炉出口氧含量偏高
2025-06-10 00:12:00,1,预警,焚烧炉出口氧含量偏高
2025-06-10 00:14:00,1,预警,焚烧炉出口氧含量偏高
2025-06-10 00:16:00,1,预警,焚烧炉出口氧含量偏高
2025-06-10 00:18:00,1,预警,焚烧炉出口氧含量偏高
2025-06-10 00:20:00,1,预警,焚烧炉出口氧含量偏高
2025-06-10 00:22:00,1,预警,焚烧炉出口氧含量偏高
2025-06-10 00:24:00,1,预警,焚烧炉出口氧含量偏高
2025-06-10 00:26:00,1,预警,焚烧炉出口氧含量偏高
2025-06-10 00:28:00,1,预警,焚烧炉出口氧含量偏高
2025-06-10 00:30:00,1,预警,焚烧炉出口氧含量偏高
2025-06-10 00:32:00,1,预警,焚烧炉出口氧含量偏高
2025-06-10 00:34:00,1,预警,焚烧炉出口氧含量偏高
2025-06-10 00:38:00,1,预警,焚烧炉出口氧含量偏高
2025-06-10 00:42:00,1,预警,焚烧炉出口氧含量偏高
2025-06-10 00:44:00,1,预警,焚烧炉出口氧含量偏高
2025-06-10 00:46:00,1,预警,焚烧炉出口氧含量偏高
2025-06-10 00:54:00,1,预警,焚烧炉出口氧含量偏高
2025-06-10 00:56:00,1,预警,焚烧炉出口氧含量偏高
2025-06-10 00:58:00,1,预警,焚烧炉出口氧含量偏高
2025-06-10 01:00:00,1,预警,焚烧炉出口氧含量偏高
2025-06-10 01:02:00,1,预警,焚烧炉出口氧含量偏高
2025-06-10 01:04:00,1,预警,焚烧炉出口氧含量偏高
2025-06-10 01:06:00,1,预警,焚烧炉出口氧含量偏高
2025-06-10 01:08:00,1,预警,焚烧炉出口氧含量偏高
2025-06-10 01:10:00,1,预警,焚烧炉出口氧含量偏高
2025-06-10 01:12:00,1,预警,焚烧炉出口氧含量偏高
2025-06-10 01:14:00,1,预警,焚烧炉出口氧含量偏高
2025-06-10 01:16:00,1,预警,焚烧炉出口氧含量偏高
2025-06-10 01:18:00,1,预警,焚烧炉出口氧含量偏高
2025-06-10 01:22:00,1,预警,焚烧炉出口氧含量偏高
2025-06-10 01:24:00,1,预警,焚烧炉出口氧含量偏高
2025-06-10 01:26:00,1,预警,焚烧炉出口氧含量偏高
2025-06-10 01:28:00,1,预警,焚烧炉出口氧含量偏高
2025-06-10 01:36:00,1,预警,焚烧炉出口氧含量偏高
2025-06-10 01:42:00,1,预警,焚烧炉出口氧含量偏高
2025-06-10 01:44:00,1,预警,焚烧炉出口氧含量偏高
2025-06-10 02:24:00,1,预警,焚烧炉出口氧含量偏高
2025-06-10 02:26:00,1,预警,焚烧炉出口氧含量偏高
2025-06-10 02:28:00,1,预警,焚烧炉出口氧含量偏高
2025-06-10 02:30:00,1,预警,焚烧炉出口氧含量偏高
2025-06-10 02:32:00,1,预警,焚烧炉出口氧含量偏高
2025-06-10 02:34:00,1,预警,焚烧炉出口氧含量偏高
2025-06-10 02:36:00,1,预警,焚烧炉出口氧含量偏高
2025-06-10 03:40:00,1,预警,焚烧炉出口氧含量偏高
2025-06-10 03:42:00,1,预警,焚烧炉出口氧含量偏高
2025-06-10 03:46:00,1,预警,焚烧炉出口氧含量偏高
2025-06-10 03:48:00,1,预警,焚烧炉出口氧含量偏高
2025-06-10 03:50:00,1,预警,焚烧炉出口氧含量偏高
2025-06-10 03:54:00,1,预警,焚烧炉出口氧含量偏高
2025-06-10 03:58:00,1,预警,焚烧炉出口氧含量偏高
2025-06-10 04:00:00,1,预警,焚烧炉出口氧含量偏高
2025-06-10 04:02:00,1,预警,焚烧炉出口氧含量偏高
2025-06-10 04:04:00,1,预警,焚烧炉出口氧含量偏高
2025-06-10 04:06:00,1,预警,焚烧炉出口氧含量偏高
2025-06-10 04:10:00,1,预警,焚烧炉出口氧含量偏高
2025-06-10 04:16:00,1,预警,焚烧炉出口氧含量偏高
2025-06-10 04:18:00,1,预警,焚烧炉出口氧含量偏高
2025-06-10 04:20:00,1,预警,焚烧炉出口氧含量偏高
2025-06-10 04:22:00,1,预警,焚烧炉出口氧含量偏高
2025-06-10 04:24:00,1,预警,焚烧炉出口氧含量偏高
2025-06-10 04:26:00,1,预警,焚烧炉出口氧含量偏高
2025-06-10 04:28:00,1,预警,焚烧炉出口氧含量偏高
2025-06-10 04:30:00,1,预警,焚烧炉出口氧含量偏高
2025-06-10 04:32:00,1,预警,焚烧炉出口氧含量偏高
2025-06-10 04:34:00,1,预警,焚烧炉出口氧含量偏高
2025-06-10 04:36:00,1,预警,焚烧炉出口氧含量偏高
2025-06-10 04:38:00,1,预警,焚烧炉出口氧含量偏高
2025-06-10 04:40:00,1,预警,焚烧炉出口氧含量偏高
2025-06-10 04:42:00,1,预警,焚烧炉出口氧含量偏高
2025-06-10 04:44:00,1,预警,焚烧炉出口氧含量偏高
2025-06-10 04:46:00,1,预警,焚烧炉出口氧含量偏高
2025-06-10 04:48:00,1,预警,焚烧炉出口氧含量偏高
2025-06-10 04:56:00,1,预警,布袋除尘器压力损失偏低
2025-06-10 04:58:00,1,预警,布袋除尘器压力损失偏低
2025-06-10 05:00:00,1,预警,布袋除尘器压力损失偏低
2025-06-10 05:08:00,1,预警,布袋除尘器压力损失偏低
2025-06-10 05:24:00,1,预警,焚烧炉出口氧含量偏高
2025-06-10 05:26:00,1,预警,焚烧炉出口氧含量偏高
2025-06-10 05:28:00,1,预警,焚烧炉出口氧含量偏高
2025-06-10 05:30:00,1,预警,焚烧炉出口氧含量偏高
2025-06-10 05:32:00,1,预警,焚烧炉出口氧含量偏高
2025-06-10 05:34:00,1,预警,焚烧炉出口氧含量偏高
2025-06-10 05:36:00,1,预警,焚烧炉出口氧含量偏高
2025-06-10 05:38:00,1,预警,焚烧炉出口氧含量偏高
2025-06-10 05:40:00,1,预警,焚烧炉出口氧含量偏高
2025-06-10 05:42:00,1,预警,焚烧炉出口氧含量偏高
2025-06-10 05:44:00,1,预警,焚烧炉出口氧含量偏高
2025-06-10 05:46:00,1,预警,焚烧炉出口氧含量偏高
2025-06-10 06:00:00,1,预警,焚烧炉出口氧含量偏高
2025-06-10 06:02:00,1,预警,焚烧炉出口氧含量偏高
2025-06-10 06:06:00,1,预警,焚烧炉出口氧含量偏高
2025-06-10 06:16:00,1,预警,焚烧炉出口氧含量偏高
2025-06-10 06:18:00,1,预警,焚烧炉出口氧含量偏高
2025-06-10 06:20:00,1,预警,焚烧炉出口氧含量偏高
2025-06-10 06:22:00,1,预警,焚烧炉出口氧含量偏高
2025-06-10 06:24:00,1,预警,焚烧炉出口氧含量偏高
2025-06-10 06:26:00,1,预警,焚烧炉出口氧含量偏高
2025-06-10 06:28:00,1,预警,焚烧炉出口氧含量偏高
2025-06-10 06:30:00,1,预警,焚烧炉出口氧含量偏高
2025-06-10 06:32:00,1,预警,焚烧炉出口氧含量偏高
2025-06-10 06:34:00,1,预警,焚烧炉出口氧含量偏高
2025-06-10 06:36:00,1,预警,焚烧炉出口氧含量偏高
2025-06-10 06:42:00,1,预警,焚烧炉出口氧含量偏高
2025-06-10 06:44:00,1,预警,焚烧炉出口氧含量偏高
2025-06-10 06:46:00,1,预警,焚烧炉出口氧含量偏高
2025-06-10 07:12:00,1,预警,焚烧炉出口氧含量偏高
2025-06-10 07:14:00,1,预警,焚烧炉出口氧含量偏高
2025-06-10 07:16:00,1,预警,焚烧炉出口氧含量偏高
2025-06-10 07:24:00,1,预警,焚烧炉出口氧含量偏高
2025-06-10 07:28:00,1,预警,焚烧炉出口氧含量偏高
2025-06-10 07:30:00,1,预警,焚烧炉出口氧含量偏高
2025-06-10 07:48:00,1,预警,焚烧炉出口氧含量偏高
2025-06-10 07:52:00,1,预警,焚烧炉出口氧含量偏高
2025-06-10 07:58:00,1,预警,焚烧炉出口氧含量偏高
2025-06-10 08:02:00,1,预警,焚烧炉出口氧含量偏高
2025-06-10 08:06:00,1,预警,焚烧炉出口氧含量偏高
2025-06-10 08:08:00,1,预警,焚烧炉出口氧含量偏高
2025-06-10 08:10:00,1,预警,焚烧炉出口氧含量偏高
2025-06-10 08:12:00,1,预警,焚烧炉出口氧含量偏高
2025-06-10 08:14:00,1,预警,焚烧炉出口氧含量偏高
2025-06-10 08:16:00,1,预警,焚烧炉出口氧含量偏高
2025-06-10 08:18:00,1,预警,焚烧炉出口氧含量偏高
2025-06-10 08:20:00,1,预警,焚烧炉出口氧含量偏高
2025-06-10 08:26:00,1,预警,焚烧炉出口氧含量偏高
2025-06-10 08:42:00,1,预警,焚烧炉出口氧含量偏高
2025-06-10 08:48:00,1,预警,焚烧炉出口氧含量偏高
2025-06-10 08:50:00,1,预警,焚烧炉出口氧含量偏高
2025-06-10 08:52:00,1,预警,焚烧炉出口氧含量偏高
2025-06-10 08:58:00,1,预警,焚烧炉出口氧含量偏高
2025-06-10 09:00:00,1,预警,焚烧炉出口氧含量偏高
2025-06-10 09:02:00,1,预警,焚烧炉出口氧含量偏高
2025-06-10 09:04:01,1,预警,焚烧炉出口氧含量偏高
2025-06-10 09:06:00,1,预警,焚烧炉出口氧含量偏高
2025-06-10 09:08:00,1,预警,焚烧炉出口氧含量偏高
2025-06-10 09:10:00,1,预警,焚烧炉出口氧含量偏高
2025-06-10 09:12:00,1,预警,焚烧炉出口氧含量偏高
2025-06-10 09:14:00,1,预警,焚烧炉出口氧含量偏高
2025-06-10 09:16:00,1,预警,焚烧炉出口氧含量偏高
2025-06-10 09:18:00,1,预警,焚烧炉出口氧含量偏高
2025-06-10 09:20:00,1,预警,焚烧炉出口氧含量偏高
2025-06-10 09:22:00,1,预警,焚烧炉出口氧含量偏高
2025-06-10 09:24:00,1,预警,焚烧炉出口氧含量偏高
2025-06-10 09:26:00,1,预警,焚烧炉出口氧含量偏高
2025-06-10 09:28:00,1,预警,焚烧炉出口氧含量偏高
2025-06-10 09:30:00,1,预警,焚烧炉出口氧含量偏高
2025-06-10 09:32:00,1,预警,焚烧炉出口氧含量偏高
2025-06-10 09:34:00,1,预警,焚烧炉出口氧含量偏高
2025-06-10 09:36:00,1,预警,焚烧炉出口氧含量偏高
2025-06-10 09:38:00,1,预警,焚烧炉出口氧含量偏高
2025-06-10 09:40:00,1,预警,焚烧炉出口氧含量偏高
2025-06-10 09:42:00,1,预警,焚烧炉出口氧含量偏高
2025-06-10 09:44:00,1,预警,焚烧炉出口氧含量偏高
2025-06-10 09:46:00,1,预警,焚烧炉出口氧含量偏高
2025-06-10 09:48:01,1,预警,焚烧炉出口氧含量偏高
2025-06-10 09:50:00,1,预警,焚烧炉出口氧含量偏高
2025-06-10 09:52:00,1,预警,焚烧炉出口氧含量偏高
2025-06-10 09:54:00,1,预警,焚烧炉出口氧含量偏高
2025-06-10 09:56:00,1,预警,焚烧炉出口氧含量偏高
2025-06-10 09:58:00,1,预警,焚烧炉出口氧含量偏高
2025-06-10 10:00:00,1,预警,焚烧炉出口氧含量偏高
2025-06-10 10:02:00,1,预警,焚烧炉出口氧含量偏高
2025-06-10 10:04:00,1,预警,焚烧炉出口氧含量偏高
2025-06-10 10:08:00,1,预警,焚烧炉出口氧含量偏高
2025-06-10 10:44:00,1,预警,焚烧炉出口氧含量偏高
2025-06-10 10:46:00,1,预警,焚烧炉出口氧含量偏高
2025-06-10 10:56:00,1,预警,焚烧炉出口氧含量偏高
2025-06-10 10:58:00,1,预警,焚烧炉出口氧含量偏高
2025-06-10 11:06:00,1,预警,焚烧炉出口氧含量偏高
2025-06-10 11:08:00,1,预警,焚烧炉出口氧含量偏高
2025-06-10 11:10:00,1,预警,焚烧炉出口氧含量偏高
2025-06-10 11:14:00,1,预警,焚烧炉出口氧含量偏高
2025-06-10 11:58:00,1,预警,焚烧炉出口氧含量偏高
2025-06-10 12:00:00,1,预警,焚烧炉出口氧含量偏高
2025-06-10 12:02:00,1,预警,焚烧炉出口氧含量偏高
2025-06-10 12:04:00,1,预警,焚烧炉出口氧含量偏高
2025-06-10 12:06:00,1,预警,焚烧炉出口氧含量偏高
2025-06-10 12:08:00,1,预警,焚烧炉出口氧含量偏高
2025-06-10 12:10:00,1,预警,焚烧炉出口氧含量偏高
2025-06-10 12:12:00,1,预警,焚烧炉出口氧含量偏高
2025-06-10 12:14:00,1,预警,焚烧炉出口氧含量偏高
2025-06-10 12:16:00,1,预警,焚烧炉出口氧含量偏高
2025-06-10 12:18:00,1,预警,焚烧炉出口氧含量偏高
2025-06-10 12:20:00,1,预警,焚烧炉出口氧含量偏高
2025-06-10 12:28:00,1,预警,焚烧炉出口氧含量偏高
2025-06-10 12:32:00,1,预警,焚烧炉出口氧含量偏高
2025-06-10 12:34:00,1,预警,焚烧炉出口氧含量偏高
2025-06-10 12:36:00,1,预警,焚烧炉出口氧含量偏高
2025-06-10 12:38:00,1,预警,焚烧炉出口氧含量偏高
2025-06-10 12:40:00,1,预警,焚烧炉出口氧含量偏高
2025-06-10 12:42:00,1,预警,焚烧炉出口氧含量偏高
2025-06-10 12:44:00,1,预警,焚烧炉出口氧含量偏高
2025-06-10 12:46:00,1,预警,焚烧炉出口氧含量偏高
2025-06-10 12:52:00,1,预警,焚烧炉出口氧含量偏高
2025-06-10 12:54:00,1,预警,焚烧炉出口氧含量偏高
2025-06-10 12:56:00,1,预警,焚烧炉出口氧含量偏高
2025-06-10 12:58:01,1,预警,焚烧炉出口氧含量偏高
2025-06-10 13:00:00,1,预警,焚烧炉出口氧含量偏高
2025-06-10 13:02:00,1,预警,焚烧炉出口氧含量偏高
2025-06-10 13:04:00,1,预警,焚烧炉出口氧含量偏高
2025-06-10 13:06:00,1,预警,焚烧炉出口氧含量偏高
2025-06-10 13:08:00,1,预警,焚烧炉出口氧含量偏高
2025-06-10 13:10:00,1,预警,焚烧炉出口氧含量偏高
2025-06-10 13:12:00,1,预警,焚烧炉出口氧含量偏高
2025-06-10 13:14:00,1,预警,焚烧炉出口氧含量偏高
2025-06-10 13:16:00,1,预警,焚烧炉出口氧含量偏高
2025-06-10 13:18:00,1,预警,焚烧炉出口氧含量偏高
2025-06-10 13:20:00,1,预警,焚烧炉出口氧含量偏高
2025-06-10 13:22:00,1,预警,焚烧炉出口氧含量偏高
2025-06-10 13:24:00,1,预警,焚烧炉出口氧含量偏高
2025-06-10 13:26:00,1,预警,焚烧炉出口氧含量偏高
2025-06-10 13:28:00,1,预警,焚烧炉出口氧含量偏高
2025-06-10 13:42:00,1,预警,焚烧炉出口氧含量偏高
2025-06-10 13:44:00,1,预警,焚烧炉出口氧含量偏高
2025-06-10 13:46:00,1,预警,焚烧炉出口氧含量偏高
2025-06-10 13:48:00,1,预警,焚烧炉出口氧含量偏高
2025-06-10 13:50:00,1,预警,焚烧炉出口氧含量偏高
2025-06-10 14:26:00,1,预警,焚烧炉出口氧含量偏高
2025-06-10 14:28:00,1,预警,焚烧炉出口氧含量偏高
2025-06-10 14:30:00,1,预警,焚烧炉出口氧含量偏高
2025-06-10 14:32:00,1,预警,焚烧炉出口氧含量偏高
2025-06-10 14:34:00,1,预警,焚烧炉出口氧含量偏高
2025-06-10 14:36:00,1,预警,焚烧炉出口氧含量偏高
2025-06-10 14:38:00,1,预警,焚烧炉出口氧含量偏高
2025-06-10 14:42:00,1,预警,焚烧炉出口氧含量偏高
2025-06-10 14:46:00,1,预警,焚烧炉出口氧含量偏高
2025-06-10 14:48:00,1,预警,焚烧炉出口氧含量偏高
2025-06-10 14:50:00,1,预警,焚烧炉出口氧含量偏高
2025-06-10 14:56:00,1,预警,焚烧炉出口氧含量偏高
2025-06-10 15:14:00,1,预警,焚烧炉出口氧含量偏高
2025-06-10 15:18:00,1,预警,焚烧炉出口氧含量偏高
2025-06-10 15:20:00,1,预警,焚烧炉出口氧含量偏高
2025-06-10 15:24:00,1,预警,焚烧炉出口氧含量偏高
2025-06-10 15:36:00,1,预警,焚烧炉出口氧含量偏高
2025-06-10 16:24:00,1,预警,焚烧炉出口氧含量偏高
2025-06-10 16:30:00,1,预警,焚烧炉出口氧含量偏高
2025-06-10 16:32:00,1,预警,焚烧炉出口氧含量偏高
2025-06-10 16:34:00,1,预警,焚烧炉出口氧含量偏高
2025-06-10 16:36:00,1,预警,焚烧炉出口氧含量偏高
2025-06-10 16:38:00,1,预警,焚烧炉出口氧含量偏高
2025-06-10 16:40:00,1,预警,焚烧炉出口氧含量偏高
2025-06-10 16:42:00,1,预警,焚烧炉出口氧含量偏高
2025-06-10 16:44:00,1,预警,焚烧炉出口氧含量偏高
2025-06-10 16:46:00,1,预警,焚烧炉出口氧含量偏高
2025-06-10 16:48:00,1,预警,焚烧炉出口氧含量偏高
2025-06-10 16:50:00,1,预警,焚烧炉出口氧含量偏高
2025-06-10 16:52:00,1,预警,焚烧炉出口氧含量偏高
2025-06-10 16:54:00,1,预警,焚烧炉出口氧含量偏高
2025-06-10 16:56:00,1,预警,焚烧炉出口氧含量偏高
2025-06-10 16:58:00,1,预警,焚烧炉出口氧含量偏高
2025-06-10 17:00:00,1,预警,焚烧炉出口氧含量偏高
2025-06-10 17:02:00,1,预警,焚烧炉出口氧含量偏高
2025-06-10 17:04:00,1,预警,焚烧炉出口氧含量偏高
2025-06-10 17:06:00,1,预警,焚烧炉出口氧含量偏高
2025-06-10 17:08:00,1,预警,焚烧炉出口氧含量偏高
2025-06-10 17:10:00,1,预警,焚烧炉出口氧含量偏高
2025-06-10 17:12:00,1,预警,焚烧炉出口氧含量偏高
2025-06-10 17:14:00,1,预警,焚烧炉出口氧含量偏高
2025-06-10 17:16:00,1,预警,焚烧炉出口氧含量偏高
2025-06-10 17:18:00,1,预警,焚烧炉出口氧含量偏高
2025-06-10 17:20:00,1,预警,焚烧炉出口氧含量偏高
2025-06-10 17:22:00,1,预警,焚烧炉出口氧含量偏高
2025-06-10 17:24:00,1,预警,焚烧炉出口氧含量偏高
2025-06-10 17:26:00,1,预警,焚烧炉出口氧含量偏高
2025-06-10 17:28:00,1,预警,焚烧炉出口氧含量偏高
2025-06-10 17:30:00,1,预警,焚烧炉出口氧含量偏高
2025-06-10 17:32:00,1,预警,焚烧炉出口氧含量偏高
2025-06-10 17:34:00,1,预警,焚烧炉出口氧含量偏高
2025-06-10 17:36:00,1,预警,焚烧炉出口氧含量偏高
2025-06-10 17:38:00,1,预警,焚烧炉出口氧含量偏高
2025-06-10 17:40:00,1,预警,焚烧炉出口氧含量偏高
2025-06-10 17:42:00,1,预警,焚烧炉出口氧含量偏高
2025-06-10 17:44:00,1,预警,焚烧炉出口氧含量偏高
2025-06-10 17:48:00,1,预警,焚烧炉出口氧含量偏高
2025-06-10 17:54:00,1,预警,焚烧炉出口氧含量偏高
2025-06-10 17:56:00,1,预警,焚烧炉出口氧含量偏高
2025-06-10 17:58:00,1,预警,焚烧炉出口氧含量偏高
2025-06-10 18:00:00,1,预警,焚烧炉出口氧含量偏高
2025-06-10 18:02:00,1,预警,焚烧炉出口氧含量偏高
2025-06-10 18:04:00,1,预警,焚烧炉出口氧含量偏高
2025-06-10 18:06:00,1,预警,焚烧炉出口氧含量偏高
2025-06-10 18:08:00,1,预警,焚烧炉出口氧含量偏高
2025-06-10 18:10:00,1,预警,焚烧炉出口氧含量偏高
2025-06-10 18:12:00,1,预警,焚烧炉出口氧含量偏高
2025-06-10 18:20:00,1,预警,焚烧炉出口氧含量偏高
2025-06-10 18:22:00,1,预警,焚烧炉出口氧含量偏高
2025-06-10 18:26:00,1,预警,焚烧炉出口氧含量偏高
2025-06-10 18:28:00,1,预警,焚烧炉出口氧含量偏高
2025-06-10 18:54:00,1,预警,焚烧炉出口氧含量偏高
2025-06-10 19:08:00,1,预警,焚烧炉出口氧含量偏高
2025-06-10 19:14:00,1,预警,焚烧炉出口氧含量偏高
2025-06-10 19:26:00,1,预警,焚烧炉出口氧含量偏高
2025-06-10 19:28:00,1,预警,焚烧炉出口氧含量偏高
2025-06-10 19:32:00,1,预警,焚烧炉出口氧含量偏高
2025-06-10 19:34:00,1,预警,焚烧炉出口氧含量偏高
2025-06-10 19:38:00,1,预警,焚烧炉出口氧含量偏高
2025-06-10 19:40:00,1,预警,焚烧炉出口氧含量偏高
2025-06-10 19:42:00,1,预警,焚烧炉出口氧含量偏高
2025-06-10 19:44:00,1,预警,焚烧炉出口氧含量偏高
2025-06-10 19:46:00,1,预警,焚烧炉出口氧含量偏高
2025-06-10 19:48:00,1,预警,焚烧炉出口氧含量偏高
2025-06-10 19:50:00,1,预警,焚烧炉出口氧含量偏高
2025-06-10 19:52:00,1,预警,焚烧炉出口氧含量偏高
2025-06-10 19:54:00,1,预警,焚烧炉出口氧含量偏高
2025-06-10 19:56:00,1,预警,焚烧炉出口氧含量偏高
2025-06-10 19:58:00,1,预警,焚烧炉出口氧含量偏高
2025-06-10 20:00:00,1,预警,焚烧炉出口氧含量偏高
2025-06-10 20:02:00,1,预警,焚烧炉出口氧含量偏高
2025-06-10 20:04:00,1,预警,焚烧炉出口氧含量偏高
2025-06-10 20:06:00,1,预警,焚烧炉出口氧含量偏高
2025-06-10 20:08:00,1,预警,焚烧炉出口氧含量偏高
2025-06-10 20:10:00,1,预警,焚烧炉出口氧含量偏高
2025-06-10 20:12:00,1,预警,焚烧炉出口氧含量偏高
2025-06-10 20:14:00,1,预警,焚烧炉出口氧含量偏高
2025-06-10 20:16:00,1,预警,焚烧炉出口氧含量偏高
2025-06-10 20:18:00,1,预警,焚烧炉出口氧含量偏高
2025-06-10 20:20:00,1,预警,焚烧炉出口氧含量偏高
2025-06-10 20:22:00,1,预警,焚烧炉出口氧含量偏高
2025-06-10 20:24:00,1,预警,焚烧炉出口氧含量偏高
2025-06-10 20:26:00,1,预警,焚烧炉出口氧含量偏高
2025-06-10 20:28:00,1,预警,焚烧炉出口氧含量偏高
2025-06-10 20:30:00,1,预警,焚烧炉出口氧含量偏高
2025-06-10 20:32:00,1,预警,焚烧炉出口氧含量偏高
2025-06-10 20:34:00,1,预警,焚烧炉出口氧含量偏高
2025-06-10 20:36:00,1,预警,焚烧炉出口氧含量偏高
2025-06-10 20:38:00,1,预警,焚烧炉出口氧含量偏高
2025-06-10 20:40:00,1,预警,焚烧炉出口氧含量偏高
2025-06-10 20:42:00,1,预警,焚烧炉出口氧含量偏高
2025-06-10 20:44:00,1,预警,焚烧炉出口氧含量偏高
2025-06-10 20:50:00,1,预警,焚烧炉出口氧含量偏高
2025-06-10 20:52:00,1,预警,焚烧炉出口氧含量偏高
2025-06-10 20:54:00,1,预警,焚烧炉出口氧含量偏高
2025-06-10 20:56:00,1,预警,焚烧炉出口氧含量偏高
2025-06-10 20:58:00,1,预警,焚烧炉出口氧含量偏高
2025-06-10 21:00:00,1,预警,焚烧炉出口氧含量偏高
2025-06-10 21:02:00,1,预警,焚烧炉出口氧含量偏高
2025-06-10 21:04:00,1,预警,焚烧炉出口氧含量偏高
2025-06-10 21:06:00,1,预警,焚烧炉出口氧含量偏高
2025-06-10 21:08:00,1,预警,焚烧炉出口氧含量偏高
2025-06-10 21:10:00,1,预警,焚烧炉出口氧含量偏高
2025-06-10 21:12:00,1,预警,焚烧炉出口氧含量偏高
2025-06-10 21:14:00,1,预警,焚烧炉出口氧含量偏高
2025-06-10 21:16:00,1,预警,焚烧炉出口氧含量偏高
2025-06-10 21:18:00,1,预警,焚烧炉出口氧含量偏高
2025-06-10 21:20:00,1,预警,焚烧炉出口氧含量偏高
2025-06-10 21:22:00,1,预警,焚烧炉出口氧含量偏高
2025-06-10 21:24:00,1,预警,焚烧炉出口氧含量偏高
2025-06-10 21:26:00,1,预警,焚烧炉出口氧含量偏高
2025-06-10 21:28:00,1,预警,焚烧炉出口氧含量偏高
2025-06-10 21:30:00,1,预警,焚烧炉出口氧含量偏高
2025-06-10 21:32:00,1,预警,焚烧炉出口氧含量偏高
2025-06-10 21:34:00,1,预警,焚烧炉出口氧含量偏高
2025-06-10 21:36:00,1,预警,焚烧炉出口氧含量偏高
2025-06-10 21:38:00,1,预警,焚烧炉出口氧含量偏高
2025-06-10 21:52:00,1,预警,焚烧炉出口氧含量偏高
2025-06-10 21:58:00,1,预警,焚烧炉出口氧含量偏高
2025-06-10 22:00:00,1,预警,焚烧炉出口氧含量偏高
2025-06-10 22:04:00,1,预警,焚烧炉出口氧含量偏高
2025-06-10 22:16:00,1,预警,焚烧炉出口氧含量偏高
2025-06-10 22:18:00,1,预警,焚烧炉出口氧含量偏高
2025-06-10 22:20:00,1,预警,焚烧炉出口氧含量偏高
2025-06-10 22:22:00,1,预警,焚烧炉出口氧含量偏高
2025-06-10 22:24:00,1,预警,焚烧炉出口氧含量偏高
2025-06-10 22:26:00,1,预警,焚烧炉出口氧含量偏高
2025-06-10 22:28:00,1,预警,焚烧炉出口氧含量偏高
2025-06-10 22:30:00,1,预警,焚烧炉出口氧含量偏高
2025-06-10 22:32:00,1,预警,焚烧炉出口氧含量偏高
2025-06-10 22:34:00,1,预警,焚烧炉出口氧含量偏高
2025-06-10 22:36:00,1,预警,焚烧炉出口氧含量偏高
2025-06-10 22:38:00,1,预警,焚烧炉出口氧含量偏高
2025-06-10 22:40:00,1,预警,焚烧炉出口氧含量偏高
2025-06-10 22:42:00,1,预警,焚烧炉出口氧含量偏高
2025-06-10 22:44:00,1,预警,焚烧炉出口氧含量偏高
2025-06-10 22:46:00,1,预警,焚烧炉出口氧含量偏高
2025-06-10 22:48:00,1,预警,焚烧炉出口氧含量偏高
2025-06-10 22:50:00,1,预警,焚烧炉出口氧含量偏高
2025-06-10 22:52:00,1,预警,焚烧炉出口氧含量偏高
2025-06-10 22:54:00,1,预警,焚烧炉出口氧含量偏高
2025-06-10 22:56:00,1,预警,焚烧炉出口氧含量偏高
2025-06-10 22:58:01,1,预警,焚烧炉出口氧含量偏高
2025-06-10 23:00:00,1,预警,焚烧炉出口氧含量偏高
2025-06-10 23:02:00,1,预警,焚烧炉出口氧含量偏高
2025-06-10 23:04:00,1,预警,焚烧炉出口氧含量偏高
2025-06-10 23:08:00,1,预警,焚烧炉出口氧含量偏高
2025-06-10 23:10:00,1,预警,焚烧炉出口氧含量偏高
2025-06-10 23:12:00,1,预警,焚烧炉出口氧含量偏高
2025-06-10 23:14:00,1,预警,焚烧炉出口氧含量偏高
2025-06-10 23:16:00,1,预警,焚烧炉出口氧含量偏高
2025-06-10 23:18:00,1,预警,焚烧炉出口氧含量偏高
2025-06-10 23:20:00,1,预警,焚烧炉出口氧含量偏高
2025-06-10 23:22:00,1,预警,焚烧炉出口氧含量偏高
2025-06-10 23:24:00,1,预警,焚烧炉出口氧含量偏高
2025-06-10 23:26:00,1,预警,焚烧炉出口氧含量偏高
2025-06-10 23:28:00,1,预警,焚烧炉出口氧含量偏高
2025-06-10 23:30:00,1,预警,焚烧炉出口氧含量偏高
2025-06-10 23:40:00,1,预警,焚烧炉出口氧含量偏高
2025-06-10 23:42:00,1,预警,焚烧炉出口氧含量偏高
2025-06-10 23:44:00,1,预警,焚烧炉出口氧含量偏高
2025-06-10 23:46:00,1,预警,焚烧炉出口氧含量偏高
2025-06-10 23:48:00,1,预警,焚烧炉出口氧含量偏高
2025-06-10 23:50:00,1,预警,焚烧炉出口氧含量偏高
2025-06-10 23:54:00,1,预警,焚烧炉出口氧含量偏高
2025-06-10 23:56:00,1,预警,焚烧炉出口氧含量偏高
