﻿时间,炉号,预警/报警类型,预警/报警事件
2025-06-11 00:04:00,1,预警,焚烧炉出口氧含量偏高
2025-06-11 00:06:00,1,预警,焚烧炉出口氧含量偏高
2025-06-11 00:10:00,1,预警,焚烧炉出口氧含量偏高
2025-06-11 00:14:00,1,预警,焚烧炉出口氧含量偏高
2025-06-11 00:16:00,1,预警,焚烧炉出口氧含量偏高
2025-06-11 00:22:00,1,预警,焚烧炉出口氧含量偏高
2025-06-11 00:24:00,1,预警,焚烧炉出口氧含量偏高
2025-06-11 00:26:00,1,预警,焚烧炉出口氧含量偏高
2025-06-11 00:30:00,1,预警,焚烧炉出口氧含量偏高
2025-06-11 00:32:00,1,预警,焚烧炉出口氧含量偏高
2025-06-11 00:34:00,1,预警,焚烧炉出口氧含量偏高
2025-06-11 00:36:00,1,预警,焚烧炉出口氧含量偏高
2025-06-11 01:32:00,1,预警,焚烧炉出口氧含量偏高
2025-06-11 01:34:00,1,预警,焚烧炉出口氧含量偏高
2025-06-11 01:40:00,1,预警,焚烧炉出口氧含量偏高
2025-06-11 01:42:00,1,预警,焚烧炉出口氧含量偏高
2025-06-11 01:44:00,1,预警,焚烧炉出口氧含量偏高
2025-06-11 01:46:00,1,预警,焚烧炉出口氧含量偏高
2025-06-11 01:48:00,1,预警,焚烧炉出口氧含量偏高
2025-06-11 01:50:00,1,预警,焚烧炉出口氧含量偏高
2025-06-11 01:52:00,1,预警,焚烧炉出口氧含量偏高
2025-06-11 01:54:00,1,预警,焚烧炉出口氧含量偏高
2025-06-11 01:56:00,1,预警,焚烧炉出口氧含量偏高
2025-06-11 01:58:00,1,预警,焚烧炉出口氧含量偏高
2025-06-11 02:00:00,1,预警,焚烧炉出口氧含量偏高
2025-06-11 02:02:00,1,预警,焚烧炉出口氧含量偏高
2025-06-11 02:04:00,1,预警,焚烧炉出口氧含量偏高
2025-06-11 02:06:00,1,预警,焚烧炉出口氧含量偏高
2025-06-11 02:08:00,1,预警,焚烧炉出口氧含量偏高
2025-06-11 02:10:00,1,预警,焚烧炉出口氧含量偏高
2025-06-11 02:12:00,1,预警,焚烧炉出口氧含量偏高
2025-06-11 02:14:00,1,预警,焚烧炉出口氧含量偏高
2025-06-11 02:16:00,1,预警,焚烧炉出口氧含量偏高
2025-06-11 02:18:00,1,预警,焚烧炉出口氧含量偏高
2025-06-11 02:20:00,1,预警,焚烧炉出口氧含量偏高
2025-06-11 02:22:00,1,预警,焚烧炉出口氧含量偏高
2025-06-11 02:24:00,1,预警,焚烧炉出口氧含量偏高
2025-06-11 02:26:00,1,预警,焚烧炉出口氧含量偏高
2025-06-11 02:28:00,1,预警,焚烧炉出口氧含量偏高
2025-06-11 02:30:00,1,预警,焚烧炉出口氧含量偏高
2025-06-11 02:32:00,1,预警,焚烧炉出口氧含量偏高
2025-06-11 02:36:00,1,预警,焚烧炉出口氧含量偏高
2025-06-11 02:38:00,1,预警,焚烧炉出口氧含量偏高
2025-06-11 02:40:00,1,预警,焚烧炉出口氧含量偏高
2025-06-11 02:42:00,1,预警,焚烧炉出口氧含量偏高
2025-06-11 02:44:00,1,预警,焚烧炉出口氧含量偏高
2025-06-11 02:54:00,1,预警,焚烧炉出口氧含量偏高
2025-06-11 03:22:00,1,预警,焚烧炉出口氧含量偏高
2025-06-11 03:24:00,1,预警,焚烧炉出口氧含量偏高
2025-06-11 03:26:00,1,预警,焚烧炉出口氧含量偏高
2025-06-11 03:28:00,1,预警,焚烧炉出口氧含量偏高
2025-06-11 03:30:00,1,预警,焚烧炉出口氧含量偏高
2025-06-11 03:32:00,1,预警,焚烧炉出口氧含量偏高
2025-06-11 03:36:00,1,预警,焚烧炉出口氧含量偏高
2025-06-11 04:44:00,1,预警,焚烧炉出口氧含量偏高
2025-06-11 04:50:00,1,预警,焚烧炉出口氧含量偏高
2025-06-11 04:52:00,1,预警,焚烧炉出口氧含量偏高
2025-06-11 04:54:00,1,预警,焚烧炉出口氧含量偏高
2025-06-11 04:56:00,1,预警,焚烧炉出口氧含量偏高
2025-06-11 04:58:00,1,预警,焚烧炉出口氧含量偏高
2025-06-11 05:00:00,1,预警,焚烧炉出口氧含量偏高
2025-06-11 05:02:00,1,预警,焚烧炉出口氧含量偏高
2025-06-11 05:04:00,1,预警,焚烧炉出口氧含量偏高
2025-06-11 05:06:00,1,预警,焚烧炉出口氧含量偏高
2025-06-11 05:08:00,1,预警,焚烧炉出口氧含量偏高
2025-06-11 05:12:00,1,预警,焚烧炉出口氧含量偏高
2025-06-11 05:14:00,1,预警,焚烧炉出口氧含量偏高
2025-06-11 05:28:00,1,预警,焚烧炉出口氧含量偏高
2025-06-11 05:48:00,1,预警,焚烧炉出口氧含量偏高
2025-06-11 05:52:00,1,预警,焚烧炉出口氧含量偏高
2025-06-11 05:54:00,1,预警,焚烧炉出口氧含量偏高
2025-06-11 05:56:00,1,预警,焚烧炉出口氧含量偏高
2025-06-11 05:58:00,1,预警,焚烧炉出口氧含量偏高
2025-06-11 06:00:00,1,预警,焚烧炉出口氧含量偏高
2025-06-11 06:02:00,1,预警,焚烧炉出口氧含量偏高
2025-06-11 06:04:00,1,预警,焚烧炉出口氧含量偏高
2025-06-11 06:12:00,1,预警,焚烧炉出口氧含量偏高
2025-06-11 06:14:00,1,预警,焚烧炉出口氧含量偏高
2025-06-11 06:20:00,1,预警,焚烧炉出口氧含量偏高
2025-06-11 06:22:00,1,预警,焚烧炉出口氧含量偏高
2025-06-11 06:32:00,1,预警,焚烧炉出口氧含量偏高
2025-06-11 07:26:00,1,预警,焚烧炉出口氧含量偏高
2025-06-11 07:34:00,1,预警,焚烧炉出口氧含量偏高
2025-06-11 07:48:00,1,预警,焚烧炉出口氧含量偏高
2025-06-11 07:52:00,1,预警,焚烧炉出口氧含量偏高
2025-06-11 07:54:00,1,预警,焚烧炉出口氧含量偏高
2025-06-11 07:58:00,1,预警,焚烧炉出口氧含量偏高
2025-06-11 08:00:00,1,预警,焚烧炉出口氧含量偏高
2025-06-11 08:02:00,1,预警,焚烧炉出口氧含量偏高
2025-06-11 08:06:00,1,预警,焚烧炉出口氧含量偏高
2025-06-11 08:08:00,1,预警,焚烧炉出口氧含量偏高
2025-06-11 08:10:00,1,预警,焚烧炉出口氧含量偏高
2025-06-11 08:12:00,1,预警,焚烧炉出口氧含量偏高
2025-06-11 08:14:00,1,预警,焚烧炉出口氧含量偏高
2025-06-11 08:16:00,1,预警,焚烧炉出口氧含量偏高
2025-06-11 08:18:00,1,预警,焚烧炉出口氧含量偏高
2025-06-11 08:20:00,1,预警,焚烧炉出口氧含量偏高
2025-06-11 08:24:00,1,预警,焚烧炉出口氧含量偏高
2025-06-11 08:26:00,1,预警,焚烧炉出口氧含量偏高
2025-06-11 08:28:00,1,预警,焚烧炉出口氧含量偏高
2025-06-11 08:30:00,1,预警,焚烧炉出口氧含量偏高
2025-06-11 08:32:00,1,预警,焚烧炉出口氧含量偏高
2025-06-11 08:34:00,1,预警,焚烧炉出口氧含量偏高
2025-06-11 08:36:00,1,预警,焚烧炉出口氧含量偏高
2025-06-11 08:38:00,1,预警,焚烧炉出口氧含量偏高
2025-06-11 08:40:00,1,预警,焚烧炉出口氧含量偏高
2025-06-11 08:42:00,1,预警,焚烧炉出口氧含量偏高
2025-06-11 08:44:00,1,预警,焚烧炉出口氧含量偏高
2025-06-11 08:46:00,1,预警,焚烧炉出口氧含量偏高
2025-06-11 08:50:00,1,预警,焚烧炉出口氧含量偏高
2025-06-11 08:54:00,1,预警,焚烧炉出口氧含量偏高
2025-06-11 08:58:00,1,预警,焚烧炉出口氧含量偏高
2025-06-11 09:16:00,1,预警,焚烧炉出口氧含量偏高
2025-06-11 09:20:00,1,预警,焚烧炉出口氧含量偏高
2025-06-11 09:22:00,1,预警,焚烧炉出口氧含量偏高
2025-06-11 09:26:00,1,预警,焚烧炉出口氧含量偏高
2025-06-11 09:28:00,1,预警,焚烧炉出口氧含量偏高
2025-06-11 09:30:00,1,预警,焚烧炉出口氧含量偏高
2025-06-11 09:32:00,1,预警,焚烧炉出口氧含量偏高
2025-06-11 09:34:00,1,预警,焚烧炉出口氧含量偏高
2025-06-11 09:36:00,1,预警,焚烧炉出口氧含量偏高
2025-06-11 09:38:00,1,预警,焚烧炉出口氧含量偏高
2025-06-11 09:40:00,1,预警,焚烧炉出口氧含量偏高
2025-06-11 09:42:00,1,预警,焚烧炉出口氧含量偏高
2025-06-11 09:44:00,1,预警,焚烧炉出口氧含量偏高
2025-06-11 09:46:00,1,预警,焚烧炉出口氧含量偏高
2025-06-11 09:50:00,1,预警,焚烧炉出口氧含量偏高
2025-06-11 09:52:00,1,预警,焚烧炉出口氧含量偏高
2025-06-11 09:56:00,1,预警,焚烧炉出口氧含量偏高
2025-06-11 09:58:00,1,预警,焚烧炉出口氧含量偏高
2025-06-11 10:00:00,1,预警,焚烧炉出口氧含量偏高
2025-06-11 10:02:00,1,预警,焚烧炉出口氧含量偏高
2025-06-11 10:06:00,1,预警,焚烧炉出口氧含量偏高
2025-06-11 10:18:00,1,预警,焚烧炉出口氧含量偏高
2025-06-11 10:20:00,1,预警,焚烧炉出口氧含量偏高
2025-06-11 10:24:00,1,预警,焚烧炉出口氧含量偏高
2025-06-11 10:26:00,1,预警,焚烧炉出口氧含量偏高
2025-06-11 10:30:00,1,预警,焚烧炉出口氧含量偏高
2025-06-11 10:34:00,1,预警,焚烧炉出口氧含量偏高
2025-06-11 10:36:00,1,预警,焚烧炉出口氧含量偏高
2025-06-11 10:38:00,1,预警,焚烧炉出口氧含量偏高
2025-06-11 10:40:00,1,预警,焚烧炉出口氧含量偏高
2025-06-11 10:42:00,1,预警,焚烧炉出口氧含量偏高
2025-06-11 10:44:00,1,预警,焚烧炉出口氧含量偏高
2025-06-11 10:46:00,1,预警,焚烧炉出口氧含量偏高
2025-06-11 10:48:00,1,预警,焚烧炉出口氧含量偏高
2025-06-11 10:50:00,1,预警,焚烧炉出口氧含量偏高
2025-06-11 10:52:00,1,预警,焚烧炉出口氧含量偏高
2025-06-11 10:54:00,1,预警,焚烧炉出口氧含量偏高
2025-06-11 10:56:00,1,预警,焚烧炉出口氧含量偏高
2025-06-11 10:58:00,1,预警,焚烧炉出口氧含量偏高
2025-06-11 11:00:00,1,预警,焚烧炉出口氧含量偏高
2025-06-11 11:02:00,1,预警,焚烧炉出口氧含量偏高
2025-06-11 11:30:00,1,预警,焚烧炉出口氧含量偏高
2025-06-11 11:34:00,1,预警,焚烧炉出口氧含量偏高
2025-06-11 11:36:00,1,预警,焚烧炉出口氧含量偏高
2025-06-11 11:38:00,1,预警,焚烧炉出口氧含量偏高
2025-06-11 11:40:00,1,预警,焚烧炉出口氧含量偏高
2025-06-11 11:42:00,1,预警,焚烧炉出口氧含量偏高
2025-06-11 11:44:00,1,预警,焚烧炉出口氧含量偏高
2025-06-11 11:46:00,1,预警,焚烧炉出口氧含量偏高
2025-06-11 11:48:00,1,预警,焚烧炉出口氧含量偏高
2025-06-11 11:50:00,1,预警,焚烧炉出口氧含量偏高
2025-06-11 11:52:00,1,预警,焚烧炉出口氧含量偏高
2025-06-11 11:56:00,1,预警,焚烧炉出口氧含量偏高
2025-06-11 12:00:00,1,预警,焚烧炉出口氧含量偏高
2025-06-11 12:04:00,1,预警,焚烧炉出口氧含量偏高
2025-06-11 12:06:00,1,预警,焚烧炉出口氧含量偏高
2025-06-11 12:08:00,1,预警,焚烧炉出口氧含量偏高
2025-06-11 12:10:00,1,预警,焚烧炉出口氧含量偏高
2025-06-11 12:12:00,1,预警,焚烧炉出口氧含量偏高
2025-06-11 12:14:00,1,预警,焚烧炉出口氧含量偏高
2025-06-11 12:16:00,1,预警,焚烧炉出口氧含量偏高
2025-06-11 12:18:00,1,预警,焚烧炉出口氧含量偏高
2025-06-11 12:20:00,1,预警,焚烧炉出口氧含量偏高
2025-06-11 12:22:00,1,预警,焚烧炉出口氧含量偏高
2025-06-11 12:24:00,1,预警,焚烧炉出口氧含量偏高
2025-06-11 12:26:00,1,预警,焚烧炉出口氧含量偏高
2025-06-11 12:28:00,1,预警,焚烧炉出口氧含量偏高
2025-06-11 12:30:00,1,预警,焚烧炉出口氧含量偏高
2025-06-11 12:32:00,1,预警,焚烧炉出口氧含量偏高
2025-06-11 12:34:00,1,预警,焚烧炉出口氧含量偏高
2025-06-11 12:36:00,1,预警,焚烧炉出口氧含量偏高
2025-06-11 12:38:00,1,预警,焚烧炉出口氧含量偏高
2025-06-11 12:40:00,1,预警,焚烧炉出口氧含量偏高
2025-06-11 12:42:00,1,预警,焚烧炉出口氧含量偏高
2025-06-11 12:46:00,1,预警,焚烧炉出口氧含量偏高
2025-06-11 12:48:00,1,预警,焚烧炉出口氧含量偏高
2025-06-11 12:50:00,1,预警,焚烧炉出口氧含量偏高
2025-06-11 12:52:00,1,预警,焚烧炉出口氧含量偏高
2025-06-11 12:54:00,1,预警,焚烧炉出口氧含量偏高
2025-06-11 12:56:00,1,预警,焚烧炉出口氧含量偏高
2025-06-11 12:58:00,1,预警,焚烧炉出口氧含量偏高
2025-06-11 13:00:00,1,预警,焚烧炉出口氧含量偏高
2025-06-11 13:08:00,1,预警,焚烧炉出口氧含量偏高
2025-06-11 13:32:00,1,预警,焚烧炉出口氧含量偏高
2025-06-11 13:38:00,1,预警,焚烧炉出口氧含量偏高
2025-06-11 13:56:00,1,预警,焚烧炉出口氧含量偏高
2025-06-11 14:00:00,1,预警,焚烧炉出口氧含量偏高
2025-06-11 14:02:00,1,预警,焚烧炉出口氧含量偏高
2025-06-11 14:04:00,1,预警,焚烧炉出口氧含量偏高
2025-06-11 14:06:00,1,预警,焚烧炉出口氧含量偏高
2025-06-11 14:08:00,1,预警,焚烧炉出口氧含量偏高
2025-06-11 14:10:00,1,预警,焚烧炉出口氧含量偏高
2025-06-11 14:12:00,1,预警,焚烧炉出口氧含量偏高
2025-06-11 14:14:00,1,预警,焚烧炉出口氧含量偏高
2025-06-11 14:16:00,1,预警,焚烧炉出口氧含量偏高
2025-06-11 14:18:00,1,预警,焚烧炉出口氧含量偏高
2025-06-11 14:20:00,1,预警,焚烧炉出口氧含量偏高
2025-06-11 14:22:00,1,预警,焚烧炉出口氧含量偏高
2025-06-11 14:24:00,1,预警,焚烧炉出口氧含量偏高
2025-06-11 14:26:00,1,预警,焚烧炉出口氧含量偏高
2025-06-11 14:34:00,1,预警,焚烧炉出口氧含量偏高
2025-06-11 14:40:00,1,预警,焚烧炉出口氧含量偏高
2025-06-11 14:42:00,1,预警,焚烧炉出口氧含量偏高
2025-06-11 14:44:00,1,预警,焚烧炉出口氧含量偏高
2025-06-11 14:46:00,1,预警,焚烧炉出口氧含量偏高
2025-06-11 14:48:00,1,预警,焚烧炉出口氧含量偏高
2025-06-11 14:50:00,1,预警,焚烧炉出口氧含量偏高
2025-06-11 14:52:00,1,预警,焚烧炉出口氧含量偏高
2025-06-11 14:54:00,1,预警,焚烧炉出口氧含量偏高
2025-06-11 14:56:00,1,预警,焚烧炉出口氧含量偏高
2025-06-11 15:26:00,1,预警,焚烧炉出口氧含量偏高
2025-06-11 15:30:00,1,预警,焚烧炉出口氧含量偏高
2025-06-11 15:36:00,1,预警,焚烧炉出口氧含量偏高
2025-06-11 15:40:00,1,预警,焚烧炉出口氧含量偏高
2025-06-11 15:42:00,1,预警,焚烧炉出口氧含量偏高
2025-06-11 15:44:00,1,预警,焚烧炉出口氧含量偏高
2025-06-11 15:46:00,1,预警,焚烧炉出口氧含量偏高
2025-06-11 15:50:00,1,预警,焚烧炉出口氧含量偏高
2025-06-11 15:52:00,1,预警,焚烧炉出口氧含量偏高
2025-06-11 15:54:00,1,预警,焚烧炉出口氧含量偏高
2025-06-11 15:56:00,1,预警,焚烧炉出口氧含量偏高
2025-06-11 15:58:00,1,预警,焚烧炉出口氧含量偏高
2025-06-11 16:00:00,1,预警,焚烧炉出口氧含量偏高
2025-06-11 16:02:00,1,预警,焚烧炉出口氧含量偏高
2025-06-11 16:04:00,1,预警,焚烧炉出口氧含量偏高
2025-06-11 16:06:00,1,预警,焚烧炉出口氧含量偏高
2025-06-11 16:08:00,1,预警,焚烧炉出口氧含量偏高
2025-06-11 16:10:00,1,预警,焚烧炉出口氧含量偏高
2025-06-11 16:14:00,1,预警,焚烧炉出口氧含量偏高
2025-06-11 16:16:00,1,预警,焚烧炉出口氧含量偏高
2025-06-11 16:18:00,1,预警,焚烧炉出口氧含量偏高
2025-06-11 16:20:00,1,预警,焚烧炉出口氧含量偏高
2025-06-11 16:22:00,1,预警,焚烧炉出口氧含量偏高
2025-06-11 16:24:00,1,预警,焚烧炉出口氧含量偏高
2025-06-11 16:26:00,1,预警,焚烧炉出口氧含量偏高
2025-06-11 16:28:00,1,预警,焚烧炉出口氧含量偏高
2025-06-11 16:30:00,1,预警,焚烧炉出口氧含量偏高
2025-06-11 16:32:00,1,预警,焚烧炉出口氧含量偏高
2025-06-11 16:34:00,1,预警,焚烧炉出口氧含量偏高
2025-06-11 16:36:00,1,预警,焚烧炉出口氧含量偏高
2025-06-11 16:38:00,1,预警,焚烧炉出口氧含量偏高
2025-06-11 16:40:00,1,预警,焚烧炉出口氧含量偏高
2025-06-11 16:42:00,1,预警,焚烧炉出口氧含量偏高
2025-06-11 16:44:00,1,预警,焚烧炉出口氧含量偏高
2025-06-11 16:48:00,1,预警,焚烧炉出口氧含量偏高
2025-06-11 16:50:00,1,预警,焚烧炉出口氧含量偏高
2025-06-11 16:52:00,1,预警,焚烧炉出口氧含量偏高
2025-06-11 16:54:00,1,预警,焚烧炉出口氧含量偏高
2025-06-11 16:56:00,1,预警,焚烧炉出口氧含量偏高
2025-06-11 17:04:00,1,预警,焚烧炉出口氧含量偏高
2025-06-11 17:08:00,1,预警,焚烧炉出口氧含量偏高
2025-06-11 17:10:00,1,预警,焚烧炉出口氧含量偏高
2025-06-11 17:12:00,1,预警,焚烧炉出口氧含量偏高
2025-06-11 17:14:00,1,预警,焚烧炉出口氧含量偏高
2025-06-11 18:50:00,1,预警,焚烧炉出口氧含量偏高
2025-06-11 18:52:00,1,预警,焚烧炉出口氧含量偏高
2025-06-11 18:54:00,1,预警,焚烧炉出口氧含量偏高
2025-06-11 18:58:00,1,预警,焚烧炉出口氧含量偏高
2025-06-11 19:00:00,1,预警,焚烧炉出口氧含量偏高
2025-06-11 19:02:00,1,预警,焚烧炉出口氧含量偏高
2025-06-11 19:04:00,1,预警,焚烧炉出口氧含量偏高
2025-06-11 19:04:00,1,预警,布袋除尘器压力损失偏低
2025-06-11 19:06:00,1,预警,焚烧炉出口氧含量偏高
2025-06-11 19:08:00,1,预警,焚烧炉出口氧含量偏高
2025-06-11 19:10:00,1,预警,焚烧炉出口氧含量偏高
2025-06-11 19:12:00,1,预警,焚烧炉出口氧含量偏高
2025-06-11 19:14:00,1,预警,焚烧炉出口氧含量偏高
2025-06-11 19:16:00,1,预警,焚烧炉出口氧含量偏高
2025-06-11 19:18:00,1,预警,焚烧炉出口氧含量偏高
2025-06-11 19:20:00,1,预警,焚烧炉出口氧含量偏高
2025-06-11 19:22:00,1,预警,焚烧炉出口氧含量偏高
2025-06-11 19:24:00,1,预警,焚烧炉出口氧含量偏高
2025-06-11 19:26:00,1,预警,焚烧炉出口氧含量偏高
2025-06-11 19:28:00,1,预警,焚烧炉出口氧含量偏高
2025-06-11 19:30:00,1,预警,焚烧炉出口氧含量偏高
2025-06-11 19:32:00,1,预警,焚烧炉出口氧含量偏高
2025-06-11 19:34:00,1,预警,焚烧炉出口氧含量偏高
2025-06-11 19:36:00,1,预警,焚烧炉出口氧含量偏高
2025-06-11 19:38:00,1,预警,焚烧炉出口氧含量偏高
2025-06-11 19:40:00,1,预警,焚烧炉出口氧含量偏高
2025-06-11 19:42:00,1,预警,焚烧炉出口氧含量偏高
2025-06-11 19:44:00,1,预警,焚烧炉出口氧含量偏高
2025-06-11 19:46:00,1,预警,焚烧炉出口氧含量偏高
2025-06-11 19:48:00,1,预警,焚烧炉出口氧含量偏高
2025-06-11 19:50:00,1,预警,焚烧炉出口氧含量偏高
2025-06-11 19:52:00,1,预警,焚烧炉出口氧含量偏高
2025-06-11 19:54:00,1,预警,焚烧炉出口氧含量偏高
2025-06-11 19:56:00,1,预警,焚烧炉出口氧含量偏高
2025-06-11 19:58:00,1,预警,焚烧炉出口氧含量偏高
2025-06-11 20:00:00,1,预警,焚烧炉出口氧含量偏高
2025-06-11 20:02:00,1,预警,焚烧炉出口氧含量偏高
2025-06-11 20:04:00,1,预警,焚烧炉出口氧含量偏高
2025-06-11 20:06:00,1,预警,焚烧炉出口氧含量偏高
2025-06-11 20:08:00,1,预警,焚烧炉出口氧含量偏高
2025-06-11 20:10:00,1,预警,焚烧炉出口氧含量偏高
2025-06-11 20:12:00,1,预警,焚烧炉出口氧含量偏高
2025-06-11 20:14:00,1,预警,焚烧炉出口氧含量偏高
2025-06-11 20:18:00,1,预警,焚烧炉出口氧含量偏高
2025-06-11 20:20:00,1,预警,焚烧炉出口氧含量偏高
2025-06-11 20:22:00,1,预警,焚烧炉出口氧含量偏高
2025-06-11 20:26:00,1,预警,焚烧炉出口氧含量偏高
2025-06-11 20:28:00,1,预警,焚烧炉出口氧含量偏高
2025-06-11 20:30:00,1,预警,焚烧炉出口氧含量偏高
2025-06-11 20:32:00,1,预警,焚烧炉出口氧含量偏高
2025-06-11 20:34:00,1,预警,焚烧炉出口氧含量偏高
2025-06-11 20:36:00,1,预警,焚烧炉出口氧含量偏高
2025-06-11 20:38:00,1,预警,焚烧炉出口氧含量偏高
2025-06-11 20:40:01,1,预警,焚烧炉出口氧含量偏高
2025-06-11 20:42:00,1,预警,焚烧炉出口氧含量偏高
2025-06-11 20:44:00,1,预警,焚烧炉出口氧含量偏高
2025-06-11 20:46:00,1,预警,焚烧炉出口氧含量偏高
2025-06-11 20:48:00,1,预警,焚烧炉出口氧含量偏高
2025-06-11 20:50:00,1,预警,焚烧炉出口氧含量偏高
2025-06-11 20:52:00,1,预警,焚烧炉出口氧含量偏高
2025-06-11 20:54:00,1,预警,焚烧炉出口氧含量偏高
2025-06-11 20:56:00,1,预警,焚烧炉出口氧含量偏高
2025-06-11 20:58:00,1,预警,焚烧炉出口氧含量偏高
2025-06-11 21:00:00,1,预警,焚烧炉出口氧含量偏高
2025-06-11 21:02:00,1,预警,焚烧炉出口氧含量偏高
2025-06-11 21:04:00,1,预警,焚烧炉出口氧含量偏高
2025-06-11 21:06:00,1,预警,焚烧炉出口氧含量偏高
2025-06-11 21:08:00,1,预警,焚烧炉出口氧含量偏高
2025-06-11 21:10:00,1,预警,焚烧炉出口氧含量偏高
2025-06-11 21:12:00,1,预警,焚烧炉出口氧含量偏高
2025-06-11 21:14:00,1,预警,焚烧炉出口氧含量偏高
2025-06-11 21:16:00,1,预警,焚烧炉出口氧含量偏高
2025-06-11 21:18:00,1,预警,焚烧炉出口氧含量偏高
2025-06-11 21:20:00,1,预警,焚烧炉出口氧含量偏高
2025-06-11 21:24:00,1,预警,焚烧炉出口氧含量偏高
2025-06-11 21:28:00,1,预警,焚烧炉出口氧含量偏高
2025-06-11 21:30:00,1,预警,焚烧炉出口氧含量偏高
2025-06-11 21:32:00,1,预警,焚烧炉出口氧含量偏高
2025-06-11 22:28:00,1,预警,焚烧炉出口氧含量偏高
2025-06-11 22:30:00,1,预警,焚烧炉出口氧含量偏高
2025-06-11 22:32:00,1,预警,焚烧炉出口氧含量偏高
2025-06-11 22:34:00,1,预警,焚烧炉出口氧含量偏高
2025-06-11 22:36:00,1,预警,焚烧炉出口氧含量偏高
2025-06-11 22:38:00,1,预警,焚烧炉出口氧含量偏高
2025-06-11 22:40:00,1,预警,焚烧炉出口氧含量偏高
2025-06-11 22:52:00,1,预警,焚烧炉出口氧含量偏高
2025-06-11 22:56:00,1,预警,焚烧炉出口氧含量偏高
2025-06-11 22:58:00,1,预警,焚烧炉出口氧含量偏高
2025-06-11 23:00:00,1,预警,焚烧炉出口氧含量偏高
2025-06-11 23:02:00,1,预警,焚烧炉出口氧含量偏高
2025-06-11 23:04:00,1,预警,焚烧炉出口氧含量偏高
2025-06-11 23:06:00,1,预警,焚烧炉出口氧含量偏高
2025-06-11 23:08:00,1,预警,焚烧炉出口氧含量偏高
