﻿时间,炉号,预警/报警类型,预警/报警事件
2025-06-12 00:22:00,1,预警,焚烧炉出口氧含量偏高
2025-06-12 00:36:00,1,预警,焚烧炉出口氧含量偏高
2025-06-12 00:38:00,1,预警,焚烧炉出口氧含量偏高
2025-06-12 00:40:00,1,预警,焚烧炉出口氧含量偏高
2025-06-12 00:42:00,1,预警,焚烧炉出口氧含量偏高
2025-06-12 00:44:00,1,预警,焚烧炉出口氧含量偏高
2025-06-12 00:46:00,1,预警,焚烧炉出口氧含量偏高
2025-06-12 01:26:00,1,预警,焚烧炉出口氧含量偏高
2025-06-12 01:40:00,1,预警,焚烧炉出口氧含量偏高
2025-06-12 01:46:00,1,预警,焚烧炉出口氧含量偏高
2025-06-12 02:20:00,1,预警,焚烧炉出口氧含量偏高
2025-06-12 02:22:00,1,预警,焚烧炉出口氧含量偏高
2025-06-12 02:24:00,1,预警,焚烧炉出口氧含量偏高
2025-06-12 02:32:00,1,预警,焚烧炉出口氧含量偏高
2025-06-12 02:40:00,1,预警,焚烧炉出口氧含量偏高
2025-06-12 03:02:00,1,预警,焚烧炉出口氧含量偏高
2025-06-12 03:04:00,1,预警,焚烧炉出口氧含量偏高
2025-06-12 03:06:00,1,预警,焚烧炉出口氧含量偏高
2025-06-12 03:10:00,1,预警,焚烧炉出口氧含量偏高
2025-06-12 03:18:00,1,预警,焚烧炉出口氧含量偏高
2025-06-12 03:20:00,1,预警,焚烧炉出口氧含量偏高
2025-06-12 03:22:00,1,预警,焚烧炉出口氧含量偏高
2025-06-12 03:24:00,1,预警,焚烧炉出口氧含量偏高
2025-06-12 03:26:00,1,预警,焚烧炉出口氧含量偏高
2025-06-12 03:28:00,1,预警,焚烧炉出口氧含量偏高
2025-06-12 03:30:00,1,预警,焚烧炉出口氧含量偏高
2025-06-12 03:32:00,1,预警,焚烧炉出口氧含量偏高
2025-06-12 03:34:00,1,预警,焚烧炉出口氧含量偏高
2025-06-12 03:38:00,1,预警,焚烧炉出口氧含量偏高
2025-06-12 03:54:00,1,预警,焚烧炉出口氧含量偏高
2025-06-12 03:56:00,1,预警,焚烧炉出口氧含量偏高
2025-06-12 03:58:00,1,预警,焚烧炉出口氧含量偏高
2025-06-12 04:00:00,1,预警,焚烧炉出口氧含量偏高
2025-06-12 04:02:00,1,预警,焚烧炉出口氧含量偏高
2025-06-12 04:04:00,1,预警,焚烧炉出口氧含量偏高
2025-06-12 04:06:00,1,预警,焚烧炉出口氧含量偏高
2025-06-12 04:08:00,1,预警,焚烧炉出口氧含量偏高
2025-06-12 04:10:00,1,预警,焚烧炉出口氧含量偏高
2025-06-12 04:12:00,1,预警,焚烧炉出口氧含量偏高
2025-06-12 04:14:00,1,预警,焚烧炉出口氧含量偏高
2025-06-12 04:16:00,1,预警,焚烧炉出口氧含量偏高
2025-06-12 04:18:00,1,预警,焚烧炉出口氧含量偏高
2025-06-12 04:20:00,1,预警,焚烧炉出口氧含量偏高
2025-06-12 04:22:00,1,预警,焚烧炉出口氧含量偏高
2025-06-12 06:06:00,1,预警,焚烧炉出口氧含量偏高
2025-06-12 06:10:00,1,预警,焚烧炉出口氧含量偏高
2025-06-12 06:12:00,1,预警,焚烧炉出口氧含量偏高
2025-06-12 06:14:00,1,预警,焚烧炉出口氧含量偏高
2025-06-12 06:36:00,1,预警,焚烧炉出口氧含量偏高
2025-06-12 06:38:00,1,预警,焚烧炉出口氧含量偏高
2025-06-12 06:40:00,1,预警,焚烧炉出口氧含量偏高
2025-06-12 06:42:00,1,预警,焚烧炉出口氧含量偏高
2025-06-12 06:44:00,1,预警,焚烧炉出口氧含量偏高
2025-06-12 06:48:00,1,预警,焚烧炉出口氧含量偏高
2025-06-12 07:10:00,1,预警,焚烧炉出口氧含量偏高
2025-06-12 07:12:00,1,预警,焚烧炉出口氧含量偏高
2025-06-12 07:20:00,1,预警,焚烧炉出口氧含量偏高
2025-06-12 07:22:00,1,预警,焚烧炉出口氧含量偏高
2025-06-12 07:24:00,1,预警,焚烧炉出口氧含量偏高
2025-06-12 07:34:00,1,预警,焚烧炉出口氧含量偏高
2025-06-12 08:30:00,1,预警,焚烧炉出口氧含量偏高
2025-06-12 08:32:00,1,预警,焚烧炉出口氧含量偏高
2025-06-12 08:34:00,1,预警,焚烧炉出口氧含量偏高
2025-06-12 08:36:00,1,预警,焚烧炉出口氧含量偏高
2025-06-12 08:38:00,1,预警,焚烧炉出口氧含量偏高
2025-06-12 08:40:00,1,预警,焚烧炉出口氧含量偏高
2025-06-12 08:42:00,1,预警,焚烧炉出口氧含量偏高
2025-06-12 08:44:00,1,预警,焚烧炉出口氧含量偏高
2025-06-12 08:46:00,1,预警,焚烧炉出口氧含量偏高
2025-06-12 08:48:00,1,预警,焚烧炉出口氧含量偏高
2025-06-12 08:50:00,1,预警,焚烧炉出口氧含量偏高
2025-06-12 08:52:00,1,预警,焚烧炉出口氧含量偏高
2025-06-12 08:54:00,1,预警,焚烧炉出口氧含量偏高
2025-06-12 08:56:00,1,预警,焚烧炉出口氧含量偏高
2025-06-12 09:04:00,1,预警,焚烧炉出口氧含量偏高
2025-06-12 09:24:00,1,预警,焚烧炉出口氧含量偏高
2025-06-12 09:38:00,1,预警,焚烧炉出口氧含量偏高
2025-06-12 09:40:00,1,预警,焚烧炉出口氧含量偏高
2025-06-12 09:42:00,1,预警,焚烧炉出口氧含量偏高
2025-06-12 09:44:00,1,预警,焚烧炉出口氧含量偏高
2025-06-12 09:46:00,1,预警,焚烧炉出口氧含量偏高
2025-06-12 09:48:00,1,预警,焚烧炉出口氧含量偏低
2025-06-12 09:50:00,1,预警,焚烧炉出口氧含量偏低
2025-06-12 09:52:00,1,预警,焚烧炉出口氧含量偏高
2025-06-12 09:54:00,1,预警,焚烧炉出口氧含量偏低
2025-06-12 09:56:00,1,预警,焚烧炉出口氧含量偏低
2025-06-12 09:58:00,1,预警,焚烧炉出口氧含量偏低
2025-06-12 10:00:00,1,预警,焚烧炉出口氧含量偏低
2025-06-12 10:02:00,1,预警,焚烧炉出口氧含量偏低
2025-06-12 10:04:00,1,预警,焚烧炉出口氧含量偏低
2025-06-12 10:06:00,1,预警,焚烧炉出口氧含量偏低
2025-06-12 10:08:00,1,预警,焚烧炉出口氧含量偏低
2025-06-12 10:10:00,1,预警,焚烧炉出口氧含量偏低
2025-06-12 10:12:00,1,预警,焚烧炉出口氧含量偏低
2025-06-12 10:14:00,1,预警,焚烧炉出口氧含量偏低
2025-06-12 10:16:00,1,预警,焚烧炉出口氧含量偏低
2025-06-12 10:18:00,1,预警,焚烧炉出口氧含量偏低
2025-06-12 10:20:00,1,预警,焚烧炉出口氧含量偏低
2025-06-12 10:22:00,1,预警,焚烧炉出口氧含量偏低
2025-06-12 10:24:00,1,预警,焚烧炉出口氧含量偏低
2025-06-12 10:26:00,1,预警,焚烧炉出口氧含量偏低
2025-06-12 10:28:00,1,预警,焚烧炉出口氧含量偏低
2025-06-12 10:30:00,1,预警,焚烧炉出口氧含量偏低
2025-06-12 10:32:00,1,预警,焚烧炉出口氧含量偏低
2025-06-12 10:34:00,1,预警,焚烧炉出口氧含量偏低
2025-06-12 10:36:00,1,预警,焚烧炉出口氧含量偏低
2025-06-12 10:38:00,1,预警,焚烧炉出口氧含量偏低
2025-06-12 10:40:00,1,预警,焚烧炉出口氧含量偏低
2025-06-12 10:42:00,1,预警,焚烧炉出口氧含量偏低
2025-06-12 10:44:00,1,预警,焚烧炉出口氧含量偏低
2025-06-12 10:46:00,1,预警,焚烧炉出口氧含量偏低
2025-06-12 11:10:00,1,预警,焚烧炉出口氧含量偏高
2025-06-12 11:22:00,1,预警,焚烧炉出口氧含量偏高
2025-06-12 11:42:00,1,预警,焚烧炉出口氧含量偏高
2025-06-12 11:44:00,1,预警,焚烧炉出口氧含量偏高
2025-06-12 11:46:00,1,预警,焚烧炉出口氧含量偏高
2025-06-12 11:48:00,1,预警,焚烧炉出口氧含量偏高
2025-06-12 11:50:00,1,预警,焚烧炉出口氧含量偏高
2025-06-12 11:52:00,1,预警,焚烧炉出口氧含量偏高
2025-06-12 11:54:00,1,预警,焚烧炉出口氧含量偏高
2025-06-12 11:58:00,1,预警,焚烧炉出口氧含量偏高
2025-06-12 12:00:00,1,预警,焚烧炉出口氧含量偏高
2025-06-12 12:02:00,1,预警,焚烧炉出口氧含量偏高
2025-06-12 12:04:00,1,预警,焚烧炉出口氧含量偏高
2025-06-12 12:06:00,1,预警,焚烧炉出口氧含量偏高
2025-06-12 12:08:00,1,预警,焚烧炉出口氧含量偏高
2025-06-12 12:10:00,1,预警,焚烧炉出口氧含量偏高
2025-06-12 12:12:00,1,预警,焚烧炉出口氧含量偏高
2025-06-12 12:14:00,1,预警,焚烧炉出口氧含量偏高
2025-06-12 12:16:00,1,预警,焚烧炉出口氧含量偏高
2025-06-12 12:24:00,1,预警,焚烧炉出口氧含量偏高
2025-06-12 12:26:00,1,预警,焚烧炉出口氧含量偏高
2025-06-12 12:32:00,1,预警,焚烧炉出口氧含量偏高
2025-06-12 12:54:00,1,预警,焚烧炉出口氧含量偏高
2025-06-12 13:38:00,1,预警,焚烧炉出口氧含量偏高
2025-06-12 13:42:00,1,预警,焚烧炉出口氧含量偏高
2025-06-12 13:46:00,1,预警,焚烧炉出口氧含量偏高
2025-06-12 13:58:00,1,预警,焚烧炉出口氧含量偏高
2025-06-12 14:00:00,1,预警,焚烧炉出口氧含量偏高
2025-06-12 14:10:00,1,预警,焚烧炉出口氧含量偏高
2025-06-12 14:12:00,1,预警,焚烧炉出口氧含量偏高
2025-06-12 14:14:00,1,预警,焚烧炉出口氧含量偏高
2025-06-12 14:16:00,1,预警,焚烧炉出口氧含量偏高
2025-06-12 14:18:00,1,预警,焚烧炉出口氧含量偏高
2025-06-12 14:20:00,1,预警,焚烧炉出口氧含量偏高
2025-06-12 14:22:00,1,预警,焚烧炉出口氧含量偏高
2025-06-12 14:24:00,1,预警,焚烧炉出口氧含量偏高
2025-06-12 14:26:00,1,预警,焚烧炉出口氧含量偏高
2025-06-12 14:28:00,1,预警,焚烧炉出口氧含量偏高
2025-06-12 14:30:00,1,预警,焚烧炉出口氧含量偏高
2025-06-12 14:32:00,1,预警,焚烧炉出口氧含量偏高
2025-06-12 14:34:00,1,预警,焚烧炉出口氧含量偏高
2025-06-12 14:36:00,1,预警,焚烧炉出口氧含量偏高
2025-06-12 14:38:00,1,预警,焚烧炉出口氧含量偏高
2025-06-12 14:40:00,1,预警,焚烧炉出口氧含量偏高
2025-06-12 14:42:00,1,预警,焚烧炉出口氧含量偏高
2025-06-12 14:44:00,1,预警,焚烧炉出口氧含量偏高
2025-06-12 14:46:00,1,预警,焚烧炉出口氧含量偏高
2025-06-12 14:48:00,1,预警,焚烧炉出口氧含量偏高
2025-06-12 14:50:00,1,预警,焚烧炉出口氧含量偏高
2025-06-12 14:52:00,1,预警,焚烧炉出口氧含量偏高
2025-06-12 14:54:00,1,预警,焚烧炉出口氧含量偏高
2025-06-12 14:56:00,1,预警,焚烧炉出口氧含量偏高
2025-06-12 15:00:00,1,预警,焚烧炉出口氧含量偏高
2025-06-12 15:02:00,1,预警,焚烧炉出口氧含量偏高
2025-06-12 15:04:00,1,预警,焚烧炉出口氧含量偏高
2025-06-12 15:06:00,1,预警,焚烧炉出口氧含量偏高
2025-06-12 15:08:00,1,预警,焚烧炉出口氧含量偏高
2025-06-12 15:12:00,1,预警,焚烧炉出口氧含量偏高
2025-06-12 15:14:00,1,预警,焚烧炉出口氧含量偏高
2025-06-12 15:16:00,1,预警,焚烧炉出口氧含量偏高
2025-06-12 15:20:00,1,预警,焚烧炉出口氧含量偏高
2025-06-12 15:30:00,1,预警,焚烧炉出口氧含量偏高
2025-06-12 15:32:00,1,预警,焚烧炉出口氧含量偏高
2025-06-12 16:20:00,1,预警,焚烧炉出口氧含量偏高
2025-06-12 16:22:00,1,预警,焚烧炉出口氧含量偏高
2025-06-12 16:24:00,1,预警,焚烧炉出口氧含量偏高
2025-06-12 16:26:00,1,预警,焚烧炉出口氧含量偏高
2025-06-12 16:28:00,1,预警,焚烧炉出口氧含量偏高
2025-06-12 16:30:00,1,预警,焚烧炉出口氧含量偏高
2025-06-12 17:02:00,1,预警,布袋除尘器压力损失偏低
2025-06-12 17:04:00,1,预警,布袋除尘器压力损失偏低
2025-06-12 17:18:00,1,预警,焚烧炉出口氧含量偏高
2025-06-12 18:50:00,1,预警,焚烧炉出口氧含量偏高
2025-06-12 18:54:00,1,预警,焚烧炉出口氧含量偏高
2025-06-12 18:56:00,1,预警,焚烧炉出口氧含量偏高
2025-06-12 18:58:00,1,预警,焚烧炉出口氧含量偏高
2025-06-12 19:00:00,1,预警,焚烧炉出口氧含量偏高
2025-06-12 19:02:00,1,预警,焚烧炉出口氧含量偏高
2025-06-12 19:04:00,1,预警,焚烧炉出口氧含量偏高
2025-06-12 19:06:00,1,预警,焚烧炉出口氧含量偏高
2025-06-12 19:08:00,1,预警,焚烧炉出口氧含量偏高
2025-06-12 19:10:00,1,预警,焚烧炉出口氧含量偏高
2025-06-12 19:12:00,1,预警,焚烧炉出口氧含量偏高
2025-06-12 19:14:00,1,预警,焚烧炉出口氧含量偏高
2025-06-12 19:40:00,1,预警,焚烧炉出口氧含量偏高
2025-06-12 19:44:00,1,预警,焚烧炉出口氧含量偏高
2025-06-12 19:50:00,1,预警,焚烧炉出口氧含量偏高
2025-06-12 19:52:00,1,预警,焚烧炉出口氧含量偏高
2025-06-12 19:54:00,1,预警,焚烧炉出口氧含量偏高
2025-06-12 19:56:00,1,预警,焚烧炉出口氧含量偏高
2025-06-12 20:00:00,1,预警,焚烧炉出口氧含量偏高
2025-06-12 20:02:00,1,预警,焚烧炉出口氧含量偏高
2025-06-12 20:04:00,1,预警,焚烧炉出口氧含量偏高
2025-06-12 20:06:00,1,预警,焚烧炉出口氧含量偏高
2025-06-12 20:08:00,1,预警,焚烧炉出口氧含量偏高
2025-06-12 20:12:00,1,预警,焚烧炉出口氧含量偏高
2025-06-12 20:18:00,1,预警,焚烧炉出口氧含量偏高
2025-06-12 21:22:00,1,预警,焚烧炉出口氧含量偏高
2025-06-12 21:24:00,1,预警,焚烧炉出口氧含量偏高
2025-06-12 21:26:00,1,预警,焚烧炉出口氧含量偏高
2025-06-12 21:28:00,1,预警,焚烧炉出口氧含量偏高
2025-06-12 21:38:00,1,预警,焚烧炉出口氧含量偏高
2025-06-12 21:44:00,1,预警,焚烧炉出口氧含量偏高
2025-06-12 21:46:00,1,预警,焚烧炉出口氧含量偏高
2025-06-12 21:48:00,1,预警,焚烧炉出口氧含量偏高
2025-06-12 21:50:00,1,预警,焚烧炉出口氧含量偏高
2025-06-12 21:52:00,1,预警,焚烧炉出口氧含量偏高
2025-06-12 21:58:00,1,预警,焚烧炉出口氧含量偏高
2025-06-12 22:00:00,1,预警,焚烧炉出口氧含量偏高
2025-06-12 22:02:00,1,预警,焚烧炉出口氧含量偏高
2025-06-12 22:04:00,1,预警,焚烧炉出口氧含量偏高
2025-06-12 22:06:00,1,预警,焚烧炉出口氧含量偏高
2025-06-12 22:08:00,1,预警,焚烧炉出口氧含量偏高
2025-06-12 22:10:00,1,预警,焚烧炉出口氧含量偏高
2025-06-12 22:12:00,1,预警,焚烧炉出口氧含量偏高
2025-06-12 22:16:00,1,预警,焚烧炉出口氧含量偏高
2025-06-12 23:12:00,1,预警,焚烧炉出口氧含量偏高
2025-06-12 23:24:00,1,预警,焚烧炉出口氧含量偏高
2025-06-12 23:40:00,1,预警,焚烧炉出口氧含量偏高
2025-06-12 23:42:00,1,预警,焚烧炉出口氧含量偏高
2025-06-12 23:44:00,1,预警,焚烧炉出口氧含量偏高
2025-06-12 23:48:00,1,预警,焚烧炉出口氧含量偏高
2025-06-12 23:50:00,1,预警,焚烧炉出口氧含量偏高
2025-06-12 23:52:00,1,预警,焚烧炉出口氧含量偏高
2025-06-12 23:54:00,1,预警,焚烧炉出口氧含量偏高
2025-06-12 23:56:00,1,预警,焚烧炉出口氧含量偏高
2025-06-12 23:58:00,1,预警,焚烧炉出口氧含量偏高
