﻿时间,炉号,预警/报警类型,预警/报警事件
2025-06-13 00:00:00,1,预警,焚烧炉出口氧含量偏高
2025-06-13 00:02:00,1,预警,焚烧炉出口氧含量偏高
2025-06-13 00:04:00,1,预警,焚烧炉出口氧含量偏高
2025-06-13 00:06:00,1,预警,焚烧炉出口氧含量偏高
2025-06-13 00:08:00,1,预警,焚烧炉出口氧含量偏高
2025-06-13 00:10:00,1,预警,焚烧炉出口氧含量偏高
2025-06-13 00:12:00,1,预警,焚烧炉出口氧含量偏高
2025-06-13 00:14:00,1,预警,焚烧炉出口氧含量偏高
2025-06-13 00:16:00,1,预警,焚烧炉出口氧含量偏高
2025-06-13 00:18:00,1,预警,焚烧炉出口氧含量偏高
2025-06-13 00:22:00,1,预警,焚烧炉出口氧含量偏高
2025-06-13 00:24:00,1,预警,焚烧炉出口氧含量偏高
2025-06-13 01:22:00,1,预警,焚烧炉出口氧含量偏高
2025-06-13 01:24:00,1,预警,焚烧炉出口氧含量偏高
2025-06-13 01:26:00,1,预警,焚烧炉出口氧含量偏高
2025-06-13 01:34:00,1,预警,焚烧炉出口氧含量偏高
2025-06-13 01:36:00,1,预警,焚烧炉出口氧含量偏高
2025-06-13 01:38:00,1,预警,焚烧炉出口氧含量偏高
2025-06-13 01:40:00,1,预警,焚烧炉出口氧含量偏高
2025-06-13 01:42:00,1,预警,焚烧炉出口氧含量偏高
2025-06-13 01:44:00,1,预警,焚烧炉出口氧含量偏高
2025-06-13 01:46:00,1,预警,焚烧炉出口氧含量偏高
2025-06-13 01:48:00,1,预警,焚烧炉出口氧含量偏高
2025-06-13 01:50:00,1,预警,焚烧炉出口氧含量偏高
2025-06-13 01:52:00,1,预警,焚烧炉出口氧含量偏高
2025-06-13 01:54:00,1,预警,焚烧炉出口氧含量偏高
2025-06-13 01:56:00,1,预警,焚烧炉出口氧含量偏高
2025-06-13 01:58:00,1,预警,焚烧炉出口氧含量偏高
2025-06-13 02:00:00,1,预警,焚烧炉出口氧含量偏高
2025-06-13 02:02:00,1,预警,焚烧炉出口氧含量偏高
2025-06-13 02:04:00,1,预警,焚烧炉出口氧含量偏高
2025-06-13 02:06:00,1,预警,焚烧炉出口氧含量偏高
2025-06-13 02:40:00,1,预警,焚烧炉出口氧含量偏高
2025-06-13 02:42:00,1,预警,焚烧炉出口氧含量偏高
2025-06-13 02:44:00,1,预警,焚烧炉出口氧含量偏高
2025-06-13 02:46:00,1,预警,焚烧炉出口氧含量偏高
2025-06-13 02:48:00,1,预警,焚烧炉出口氧含量偏高
2025-06-13 02:50:00,1,预警,焚烧炉出口氧含量偏高
2025-06-13 02:52:00,1,预警,焚烧炉出口氧含量偏高
2025-06-13 02:54:00,1,预警,焚烧炉出口氧含量偏高
2025-06-13 02:56:00,1,预警,焚烧炉出口氧含量偏高
2025-06-13 03:02:00,1,预警,焚烧炉出口氧含量偏高
2025-06-13 03:04:00,1,预警,焚烧炉出口氧含量偏高
2025-06-13 03:06:00,1,预警,焚烧炉出口氧含量偏高
2025-06-13 03:08:00,1,预警,焚烧炉出口氧含量偏高
2025-06-13 03:10:00,1,预警,焚烧炉出口氧含量偏高
2025-06-13 03:12:00,1,预警,焚烧炉出口氧含量偏高
2025-06-13 03:14:00,1,预警,焚烧炉出口氧含量偏高
2025-06-13 03:16:00,1,预警,焚烧炉出口氧含量偏高
2025-06-13 03:18:00,1,预警,焚烧炉出口氧含量偏高
2025-06-13 03:20:00,1,预警,焚烧炉出口氧含量偏高
2025-06-13 03:22:00,1,预警,焚烧炉出口氧含量偏高
2025-06-13 03:24:00,1,预警,焚烧炉出口氧含量偏高
2025-06-13 03:26:00,1,预警,焚烧炉出口氧含量偏高
2025-06-13 03:28:00,1,预警,焚烧炉出口氧含量偏高
2025-06-13 03:30:00,1,预警,焚烧炉出口氧含量偏高
2025-06-13 03:32:00,1,预警,焚烧炉出口氧含量偏高
2025-06-13 03:34:00,1,预警,焚烧炉出口氧含量偏高
2025-06-13 03:36:00,1,预警,焚烧炉出口氧含量偏高
2025-06-13 03:38:00,1,预警,焚烧炉出口氧含量偏高
2025-06-13 03:40:00,1,预警,焚烧炉出口氧含量偏高
2025-06-13 03:42:00,1,预警,焚烧炉出口氧含量偏高
2025-06-13 03:44:00,1,预警,焚烧炉出口氧含量偏高
2025-06-13 03:46:00,1,预警,焚烧炉出口氧含量偏高
2025-06-13 03:48:00,1,预警,焚烧炉出口氧含量偏高
2025-06-13 03:50:00,1,预警,焚烧炉出口氧含量偏高
2025-06-13 03:52:00,1,预警,焚烧炉出口氧含量偏高
2025-06-13 03:54:00,1,预警,焚烧炉出口氧含量偏高
2025-06-13 03:56:00,1,预警,焚烧炉出口氧含量偏高
2025-06-13 03:58:00,1,预警,焚烧炉出口氧含量偏高
2025-06-13 04:00:00,1,预警,焚烧炉出口氧含量偏高
2025-06-13 04:02:00,1,预警,焚烧炉出口氧含量偏高
2025-06-13 04:04:00,1,预警,焚烧炉出口氧含量偏高
2025-06-13 04:06:00,1,预警,焚烧炉出口氧含量偏高
2025-06-13 04:14:00,1,预警,焚烧炉出口氧含量偏高
2025-06-13 04:16:00,1,预警,焚烧炉出口氧含量偏高
2025-06-13 04:18:00,1,预警,焚烧炉出口氧含量偏高
2025-06-13 04:20:00,1,预警,焚烧炉出口氧含量偏高
2025-06-13 04:22:00,1,预警,焚烧炉出口氧含量偏高
2025-06-13 04:24:00,1,预警,焚烧炉出口氧含量偏高
2025-06-13 04:26:00,1,预警,焚烧炉出口氧含量偏高
2025-06-13 04:28:00,1,预警,焚烧炉出口氧含量偏高
2025-06-13 04:30:00,1,预警,焚烧炉出口氧含量偏高
2025-06-13 04:32:00,1,预警,焚烧炉出口氧含量偏高
2025-06-13 04:34:00,1,预警,焚烧炉出口氧含量偏高
2025-06-13 04:42:00,1,预警,焚烧炉出口氧含量偏高
2025-06-13 05:00:00,1,预警,焚烧炉出口氧含量偏高
2025-06-13 05:02:00,1,预警,焚烧炉出口氧含量偏高
2025-06-13 05:04:00,1,预警,焚烧炉出口氧含量偏高
2025-06-13 05:06:00,1,预警,焚烧炉出口氧含量偏高
2025-06-13 05:18:00,1,预警,焚烧炉出口氧含量偏高
2025-06-13 05:22:00,1,预警,焚烧炉出口氧含量偏高
2025-06-13 05:24:00,1,预警,焚烧炉出口氧含量偏高
2025-06-13 05:26:00,1,预警,焚烧炉出口氧含量偏高
2025-06-13 05:28:00,1,预警,焚烧炉出口氧含量偏高
2025-06-13 05:30:00,1,预警,焚烧炉出口氧含量偏高
2025-06-13 05:32:00,1,预警,焚烧炉出口氧含量偏高
2025-06-13 05:34:00,1,预警,焚烧炉出口氧含量偏高
2025-06-13 05:36:00,1,预警,焚烧炉出口氧含量偏高
2025-06-13 05:38:00,1,预警,焚烧炉出口氧含量偏高
2025-06-13 05:40:00,1,预警,焚烧炉出口氧含量偏高
2025-06-13 05:44:00,1,预警,焚烧炉出口氧含量偏高
2025-06-13 05:46:00,1,预警,焚烧炉出口氧含量偏高
2025-06-13 05:48:00,1,预警,焚烧炉出口氧含量偏高
2025-06-13 05:50:00,1,预警,焚烧炉出口氧含量偏高
2025-06-13 05:52:00,1,预警,焚烧炉出口氧含量偏高
2025-06-13 05:54:00,1,预警,焚烧炉出口氧含量偏高
2025-06-13 05:56:00,1,预警,焚烧炉出口氧含量偏高
2025-06-13 05:58:00,1,预警,焚烧炉出口氧含量偏高
2025-06-13 06:00:00,1,预警,焚烧炉出口氧含量偏高
2025-06-13 06:02:00,1,预警,焚烧炉出口氧含量偏高
2025-06-13 06:04:00,1,预警,焚烧炉出口氧含量偏高
2025-06-13 06:06:00,1,预警,焚烧炉出口氧含量偏高
2025-06-13 06:10:00,1,预警,焚烧炉出口氧含量偏高
2025-06-13 06:12:00,1,预警,焚烧炉出口氧含量偏高
2025-06-13 06:14:00,1,预警,焚烧炉出口氧含量偏高
2025-06-13 06:16:00,1,预警,焚烧炉出口氧含量偏高
2025-06-13 06:18:00,1,预警,焚烧炉出口氧含量偏高
2025-06-13 06:20:00,1,预警,焚烧炉出口氧含量偏高
2025-06-13 06:28:00,1,预警,焚烧炉出口氧含量偏高
2025-06-13 06:30:00,1,预警,焚烧炉出口氧含量偏高
2025-06-13 06:32:00,1,预警,焚烧炉出口氧含量偏高
2025-06-13 06:34:00,1,预警,焚烧炉出口氧含量偏高
2025-06-13 06:36:00,1,预警,焚烧炉出口氧含量偏高
2025-06-13 06:38:00,1,预警,焚烧炉出口氧含量偏高
2025-06-13 06:40:00,1,预警,焚烧炉出口氧含量偏高
2025-06-13 06:42:00,1,预警,焚烧炉出口氧含量偏高
2025-06-13 06:44:00,1,预警,焚烧炉出口氧含量偏高
2025-06-13 06:46:00,1,预警,焚烧炉出口氧含量偏高
2025-06-13 09:24:00,1,预警,焚烧炉出口氧含量偏高
2025-06-13 09:26:00,1,预警,焚烧炉出口氧含量偏高
2025-06-13 09:40:00,1,预警,焚烧炉出口氧含量偏高
2025-06-13 11:00:00,1,预警,布袋除尘器压力损失偏低
2025-06-13 11:02:00,1,预警,布袋除尘器压力损失偏低
2025-06-13 11:04:00,1,预警,焚烧炉出口氧含量偏高
2025-06-13 11:04:00,1,预警,布袋除尘器压力损失偏低
2025-06-13 11:06:00,1,预警,布袋除尘器压力损失偏低
2025-06-13 11:06:00,1,预警,焚烧炉出口氧含量偏高
2025-06-13 11:08:00,1,预警,布袋除尘器压力损失偏低
2025-06-13 11:08:00,1,预警,焚烧炉出口氧含量偏高
2025-06-13 11:10:00,1,预警,布袋除尘器压力损失偏低
2025-06-13 11:10:00,1,预警,焚烧炉出口氧含量偏高
2025-06-13 11:12:00,1,预警,布袋除尘器压力损失偏低
2025-06-13 11:12:00,1,预警,焚烧炉出口氧含量偏高
2025-06-13 11:14:00,1,预警,布袋除尘器压力损失偏低
2025-06-13 11:14:00,1,预警,焚烧炉出口氧含量偏高
2025-06-13 11:16:00,1,预警,布袋除尘器压力损失偏低
2025-06-13 11:18:00,1,预警,焚烧炉出口氧含量偏高
2025-06-13 11:20:00,1,预警,布袋除尘器压力损失偏低
2025-06-13 11:22:00,1,预警,焚烧炉出口氧含量偏高
2025-06-13 11:34:00,1,预警,焚烧炉出口氧含量偏高
2025-06-13 11:36:00,1,预警,焚烧炉出口氧含量偏高
2025-06-13 11:38:00,1,预警,焚烧炉出口氧含量偏高
2025-06-13 11:40:00,1,预警,焚烧炉出口氧含量偏高
2025-06-13 11:44:00,1,预警,焚烧炉出口氧含量偏高
2025-06-13 11:48:00,1,预警,焚烧炉出口氧含量偏高
2025-06-13 11:52:00,1,预警,焚烧炉出口氧含量偏高
2025-06-13 11:54:00,1,预警,焚烧炉出口氧含量偏高
2025-06-13 11:58:00,1,预警,焚烧炉出口氧含量偏高
2025-06-13 12:00:00,1,预警,焚烧炉出口氧含量偏高
2025-06-13 12:16:00,1,预警,焚烧炉出口氧含量偏高
2025-06-13 12:18:00,1,预警,焚烧炉出口氧含量偏高
2025-06-13 12:20:00,1,预警,焚烧炉出口氧含量偏高
2025-06-13 12:22:00,1,预警,焚烧炉出口氧含量偏高
2025-06-13 12:24:00,1,预警,焚烧炉出口氧含量偏高
2025-06-13 12:26:00,1,预警,焚烧炉出口氧含量偏高
2025-06-13 12:28:00,1,预警,焚烧炉出口氧含量偏高
2025-06-13 12:30:00,1,预警,焚烧炉出口氧含量偏高
2025-06-13 12:32:00,1,预警,焚烧炉出口氧含量偏高
2025-06-13 12:34:00,1,预警,焚烧炉出口氧含量偏高
2025-06-13 12:36:00,1,预警,焚烧炉出口氧含量偏高
2025-06-13 12:38:00,1,预警,焚烧炉出口氧含量偏高
2025-06-13 12:40:00,1,预警,焚烧炉出口氧含量偏高
2025-06-13 12:42:00,1,预警,焚烧炉出口氧含量偏高
2025-06-13 12:44:00,1,预警,焚烧炉出口氧含量偏高
2025-06-13 12:46:00,1,预警,焚烧炉出口氧含量偏高
2025-06-13 12:48:00,1,预警,焚烧炉出口氧含量偏高
2025-06-13 12:50:00,1,预警,焚烧炉出口氧含量偏高
2025-06-13 12:52:00,1,预警,焚烧炉出口氧含量偏高
2025-06-13 12:54:00,1,预警,焚烧炉出口氧含量偏高
2025-06-13 12:56:00,1,预警,焚烧炉出口氧含量偏高
2025-06-13 12:58:00,1,预警,焚烧炉出口氧含量偏高
2025-06-13 13:00:00,1,预警,焚烧炉出口氧含量偏高
2025-06-13 13:02:00,1,预警,焚烧炉出口氧含量偏高
2025-06-13 13:04:00,1,预警,焚烧炉出口氧含量偏高
2025-06-13 13:06:00,1,预警,焚烧炉出口氧含量偏高
2025-06-13 13:08:00,1,预警,焚烧炉出口氧含量偏高
2025-06-13 13:10:00,1,预警,焚烧炉出口氧含量偏高
2025-06-13 13:12:00,1,预警,焚烧炉出口氧含量偏高
2025-06-13 13:14:00,1,预警,焚烧炉出口氧含量偏高
2025-06-13 13:16:00,1,预警,焚烧炉出口氧含量偏高
2025-06-13 13:18:00,1,预警,焚烧炉出口氧含量偏高
2025-06-13 14:20:00,1,预警,焚烧炉出口氧含量偏高
2025-06-13 14:24:00,1,预警,焚烧炉出口氧含量偏高
2025-06-13 14:30:00,1,预警,焚烧炉出口氧含量偏高
2025-06-13 14:34:00,1,预警,焚烧炉出口氧含量偏高
2025-06-13 14:54:00,1,预警,焚烧炉出口氧含量偏高
2025-06-13 14:56:00,1,预警,焚烧炉出口氧含量偏高
2025-06-13 15:16:00,1,预警,焚烧炉出口氧含量偏高
2025-06-13 15:20:00,1,预警,焚烧炉出口氧含量偏高
2025-06-13 15:22:00,1,预警,焚烧炉出口氧含量偏高
2025-06-13 15:24:00,1,预警,焚烧炉出口氧含量偏高
2025-06-13 15:26:00,1,预警,焚烧炉出口氧含量偏高
2025-06-13 15:28:00,1,预警,焚烧炉出口氧含量偏高
2025-06-13 15:30:00,1,预警,焚烧炉出口氧含量偏高
2025-06-13 15:32:00,1,预警,焚烧炉出口氧含量偏高
2025-06-13 15:34:00,1,预警,焚烧炉出口氧含量偏高
2025-06-13 15:36:00,1,预警,焚烧炉出口氧含量偏高
2025-06-13 15:38:00,1,预警,焚烧炉出口氧含量偏高
2025-06-13 15:40:00,1,预警,焚烧炉出口氧含量偏高
2025-06-13 15:42:00,1,预警,焚烧炉出口氧含量偏高
2025-06-13 15:44:00,1,预警,焚烧炉出口氧含量偏高
2025-06-13 15:46:00,1,预警,焚烧炉出口氧含量偏高
2025-06-13 15:48:00,1,预警,焚烧炉出口氧含量偏高
2025-06-13 15:50:00,1,预警,焚烧炉出口氧含量偏高
2025-06-13 15:52:00,1,预警,焚烧炉出口氧含量偏高
2025-06-13 15:54:00,1,预警,焚烧炉出口氧含量偏高
2025-06-13 15:56:00,1,预警,焚烧炉出口氧含量偏高
2025-06-13 15:58:00,1,预警,焚烧炉出口氧含量偏高
2025-06-13 16:00:00,1,预警,焚烧炉出口氧含量偏高
2025-06-13 16:02:00,1,预警,焚烧炉出口氧含量偏高
2025-06-13 16:04:00,1,预警,焚烧炉出口氧含量偏高
2025-06-13 16:06:00,1,预警,焚烧炉出口氧含量偏高
2025-06-13 16:08:00,1,预警,焚烧炉出口氧含量偏高
2025-06-13 16:10:00,1,预警,焚烧炉出口氧含量偏高
2025-06-13 16:12:00,1,预警,焚烧炉出口氧含量偏高
2025-06-13 16:14:00,1,预警,焚烧炉出口氧含量偏高
2025-06-13 16:16:00,1,预警,焚烧炉出口氧含量偏高
2025-06-13 16:18:00,1,预警,焚烧炉出口氧含量偏高
2025-06-13 16:20:00,1,预警,焚烧炉出口氧含量偏高
2025-06-13 16:22:00,1,预警,焚烧炉出口氧含量偏高
2025-06-13 16:24:00,1,预警,焚烧炉出口氧含量偏高
2025-06-13 16:26:01,1,预警,焚烧炉出口氧含量偏高
2025-06-13 16:28:00,1,预警,焚烧炉出口氧含量偏高
2025-06-13 16:30:00,1,预警,焚烧炉出口氧含量偏高
2025-06-13 16:32:00,1,预警,焚烧炉出口氧含量偏高
2025-06-13 16:34:00,1,预警,焚烧炉出口氧含量偏高
2025-06-13 16:36:00,1,预警,焚烧炉出口氧含量偏高
2025-06-13 16:38:00,1,预警,焚烧炉出口氧含量偏高
2025-06-13 16:40:00,1,预警,焚烧炉出口氧含量偏高
2025-06-13 16:42:00,1,预警,焚烧炉出口氧含量偏高
2025-06-13 16:44:00,1,预警,焚烧炉出口氧含量偏高
2025-06-13 16:46:00,1,预警,焚烧炉出口氧含量偏高
2025-06-13 16:48:00,1,预警,焚烧炉出口氧含量偏高
2025-06-13 16:50:00,1,预警,焚烧炉出口氧含量偏高
2025-06-13 16:52:00,1,预警,焚烧炉出口氧含量偏高
2025-06-13 16:54:00,1,预警,焚烧炉出口氧含量偏高
2025-06-13 16:56:00,1,预警,焚烧炉出口氧含量偏高
2025-06-13 16:58:00,1,预警,焚烧炉出口氧含量偏高
2025-06-13 17:00:00,1,预警,焚烧炉出口氧含量偏高
2025-06-13 17:02:00,1,预警,焚烧炉出口氧含量偏高
2025-06-13 17:04:00,1,预警,焚烧炉出口氧含量偏高
2025-06-13 17:06:00,1,预警,焚烧炉出口氧含量偏高
2025-06-13 17:08:00,1,预警,焚烧炉出口氧含量偏高
2025-06-13 17:10:00,1,预警,焚烧炉出口氧含量偏高
2025-06-13 17:12:00,1,预警,焚烧炉出口氧含量偏高
2025-06-13 17:14:00,1,预警,焚烧炉出口氧含量偏高
2025-06-13 17:16:00,1,预警,焚烧炉出口氧含量偏高
2025-06-13 17:18:00,1,预警,焚烧炉出口氧含量偏高
2025-06-13 17:20:00,1,预警,焚烧炉出口氧含量偏高
2025-06-13 17:22:00,1,预警,焚烧炉出口氧含量偏高
2025-06-13 17:24:00,1,预警,焚烧炉出口氧含量偏高
2025-06-13 17:26:00,1,预警,焚烧炉出口氧含量偏高
2025-06-13 17:28:00,1,预警,焚烧炉出口氧含量偏高
2025-06-13 17:30:00,1,预警,焚烧炉出口氧含量偏高
2025-06-13 17:32:00,1,预警,焚烧炉出口氧含量偏高
2025-06-13 17:34:00,1,预警,焚烧炉出口氧含量偏高
2025-06-13 17:36:00,1,预警,焚烧炉出口氧含量偏高
2025-06-13 17:38:00,1,预警,焚烧炉出口氧含量偏高
2025-06-13 17:40:00,1,预警,焚烧炉出口氧含量偏高
2025-06-13 17:42:00,1,预警,焚烧炉出口氧含量偏高
2025-06-13 17:44:00,1,预警,焚烧炉出口氧含量偏高
2025-06-13 17:46:00,1,预警,焚烧炉出口氧含量偏高
2025-06-13 17:48:00,1,预警,焚烧炉出口氧含量偏高
2025-06-13 17:50:00,1,预警,焚烧炉出口氧含量偏高
2025-06-13 17:52:00,1,预警,焚烧炉出口氧含量偏高
2025-06-13 17:54:00,1,预警,焚烧炉出口氧含量偏高
2025-06-13 17:56:00,1,预警,焚烧炉出口氧含量偏高
2025-06-13 17:58:00,1,预警,焚烧炉出口氧含量偏高
2025-06-13 18:00:00,1,预警,焚烧炉出口氧含量偏高
2025-06-13 18:02:00,1,预警,焚烧炉出口氧含量偏高
2025-06-13 18:04:00,1,预警,焚烧炉出口氧含量偏高
2025-06-13 18:06:00,1,预警,焚烧炉出口氧含量偏高
2025-06-13 18:08:00,1,预警,焚烧炉出口氧含量偏高
2025-06-13 18:10:00,1,预警,焚烧炉出口氧含量偏高
2025-06-13 18:12:00,1,预警,焚烧炉出口氧含量偏高
2025-06-13 18:14:00,1,预警,焚烧炉出口氧含量偏高
2025-06-13 18:16:00,1,预警,焚烧炉出口氧含量偏高
2025-06-13 18:18:00,1,预警,焚烧炉出口氧含量偏高
2025-06-13 18:20:00,1,预警,焚烧炉出口氧含量偏高
2025-06-13 18:22:00,1,预警,焚烧炉出口氧含量偏高
2025-06-13 18:24:00,1,预警,焚烧炉出口氧含量偏高
2025-06-13 18:26:00,1,预警,焚烧炉出口氧含量偏高
2025-06-13 18:28:00,1,预警,焚烧炉出口氧含量偏高
2025-06-13 18:30:00,1,预警,焚烧炉出口氧含量偏高
2025-06-13 18:32:00,1,预警,焚烧炉出口氧含量偏高
2025-06-13 18:34:00,1,预警,焚烧炉出口氧含量偏高
2025-06-13 18:36:00,1,预警,焚烧炉出口氧含量偏高
2025-06-13 18:38:00,1,预警,焚烧炉出口氧含量偏高
2025-06-13 18:40:00,1,预警,焚烧炉出口氧含量偏高
2025-06-13 18:42:00,1,预警,焚烧炉出口氧含量偏高
2025-06-13 18:44:00,1,预警,焚烧炉出口氧含量偏高
2025-06-13 18:46:00,1,预警,焚烧炉出口氧含量偏高
2025-06-13 18:48:00,1,预警,焚烧炉出口氧含量偏高
2025-06-13 18:50:00,1,预警,焚烧炉出口氧含量偏高
2025-06-13 18:52:00,1,预警,焚烧炉出口氧含量偏高
2025-06-13 18:54:00,1,预警,焚烧炉出口氧含量偏高
2025-06-13 18:56:00,1,预警,焚烧炉出口氧含量偏高
2025-06-13 18:58:00,1,预警,焚烧炉出口氧含量偏高
2025-06-13 19:00:00,1,预警,焚烧炉出口氧含量偏高
2025-06-13 19:02:00,1,预警,焚烧炉出口氧含量偏高
2025-06-13 19:04:00,1,预警,焚烧炉出口氧含量偏高
2025-06-13 19:06:00,1,预警,焚烧炉出口氧含量偏高
2025-06-13 19:08:00,1,预警,焚烧炉出口氧含量偏高
2025-06-13 19:10:00,1,预警,焚烧炉出口氧含量偏高
2025-06-13 19:12:00,1,预警,焚烧炉出口氧含量偏高
2025-06-13 19:14:00,1,预警,焚烧炉出口氧含量偏高
2025-06-13 19:16:00,1,预警,焚烧炉出口氧含量偏高
2025-06-13 19:18:00,1,预警,焚烧炉出口氧含量偏高
2025-06-13 19:20:00,1,预警,焚烧炉出口氧含量偏高
2025-06-13 19:22:00,1,预警,焚烧炉出口氧含量偏高
2025-06-13 19:24:00,1,预警,焚烧炉出口氧含量偏高
2025-06-13 19:26:00,1,预警,焚烧炉出口氧含量偏高
2025-06-13 19:30:00,1,预警,焚烧炉出口氧含量偏高
2025-06-13 19:32:00,1,预警,焚烧炉出口氧含量偏高
2025-06-13 19:34:00,1,预警,焚烧炉出口氧含量偏高
2025-06-13 19:36:00,1,预警,焚烧炉出口氧含量偏高
2025-06-13 19:38:00,1,预警,焚烧炉出口氧含量偏高
2025-06-13 19:42:00,1,预警,焚烧炉出口氧含量偏高
2025-06-13 19:44:00,1,预警,焚烧炉出口氧含量偏高
2025-06-13 19:46:00,1,预警,焚烧炉出口氧含量偏高
2025-06-13 19:48:00,1,预警,焚烧炉出口氧含量偏高
2025-06-13 19:50:00,1,预警,焚烧炉出口氧含量偏高
2025-06-13 19:52:00,1,预警,焚烧炉出口氧含量偏高
2025-06-13 19:54:00,1,预警,焚烧炉出口氧含量偏高
2025-06-13 19:56:00,1,预警,焚烧炉出口氧含量偏高
2025-06-13 19:58:00,1,预警,焚烧炉出口氧含量偏高
2025-06-13 20:00:00,1,预警,焚烧炉出口氧含量偏高
2025-06-13 20:02:00,1,预警,焚烧炉出口氧含量偏高
2025-06-13 20:04:00,1,预警,焚烧炉出口氧含量偏高
2025-06-13 20:16:00,1,预警,焚烧炉出口氧含量偏高
2025-06-13 20:42:00,1,预警,焚烧炉出口氧含量偏高
2025-06-13 20:46:00,1,预警,焚烧炉出口氧含量偏高
2025-06-13 21:06:00,1,预警,焚烧炉出口氧含量偏高
2025-06-13 21:10:00,1,预警,焚烧炉出口氧含量偏高
2025-06-13 21:14:00,1,预警,焚烧炉出口氧含量偏高
2025-06-13 21:16:00,1,预警,焚烧炉出口氧含量偏高
2025-06-13 21:20:00,1,预警,焚烧炉出口氧含量偏高
2025-06-13 22:04:00,1,预警,焚烧炉出口氧含量偏高
2025-06-13 23:04:00,1,预警,焚烧炉出口氧含量偏高
2025-06-13 23:36:00,1,预警,焚烧炉出口氧含量偏高
