﻿时间,炉号,预警/报警类型,预警/报警事件
2025-06-14 00:18:00,1,预警,焚烧炉出口氧含量偏高
2025-06-14 00:40:00,1,预警,焚烧炉出口氧含量偏高
2025-06-14 00:50:00,1,预警,焚烧炉出口氧含量偏高
2025-06-14 01:20:00,1,预警,焚烧炉出口氧含量偏高
2025-06-14 01:22:00,1,预警,焚烧炉出口氧含量偏高
2025-06-14 01:24:00,1,预警,焚烧炉出口氧含量偏高
2025-06-14 01:26:00,1,预警,焚烧炉出口氧含量偏高
2025-06-14 01:28:00,1,预警,焚烧炉出口氧含量偏高
2025-06-14 01:30:00,1,预警,焚烧炉出口氧含量偏高
2025-06-14 01:32:00,1,预警,焚烧炉出口氧含量偏高
2025-06-14 01:34:00,1,预警,焚烧炉出口氧含量偏高
2025-06-14 01:36:00,1,预警,焚烧炉出口氧含量偏高
2025-06-14 02:10:00,1,预警,焚烧炉出口氧含量偏高
2025-06-14 02:12:00,1,预警,焚烧炉出口氧含量偏高
2025-06-14 02:14:00,1,预警,焚烧炉出口氧含量偏高
2025-06-14 02:18:00,1,预警,焚烧炉出口氧含量偏高
2025-06-14 02:22:00,1,预警,焚烧炉出口氧含量偏高
2025-06-14 02:28:00,1,预警,焚烧炉出口氧含量偏高
2025-06-14 03:30:00,1,预警,焚烧炉出口氧含量偏高
2025-06-14 03:38:00,1,预警,焚烧炉出口氧含量偏高
2025-06-14 03:42:00,1,预警,焚烧炉出口氧含量偏高
2025-06-14 03:46:00,1,预警,焚烧炉出口氧含量偏高
2025-06-14 04:30:00,1,预警,焚烧炉出口氧含量偏高
2025-06-14 04:32:00,1,预警,焚烧炉出口氧含量偏高
2025-06-14 04:34:00,1,预警,焚烧炉出口氧含量偏高
2025-06-14 04:36:00,1,预警,焚烧炉出口氧含量偏高
2025-06-14 04:38:00,1,预警,焚烧炉出口氧含量偏高
2025-06-14 04:40:00,1,预警,焚烧炉出口氧含量偏高
2025-06-14 04:44:00,1,预警,焚烧炉出口氧含量偏高
2025-06-14 04:46:00,1,预警,焚烧炉出口氧含量偏高
2025-06-14 04:48:00,1,预警,焚烧炉出口氧含量偏高
2025-06-14 04:50:00,1,预警,焚烧炉出口氧含量偏高
2025-06-14 04:52:00,1,预警,焚烧炉出口氧含量偏高
2025-06-14 04:54:00,1,预警,焚烧炉出口氧含量偏高
2025-06-14 05:00:00,1,预警,焚烧炉出口氧含量偏高
2025-06-14 05:04:00,1,预警,焚烧炉出口氧含量偏高
2025-06-14 05:08:00,1,预警,焚烧炉出口氧含量偏高
2025-06-14 05:10:00,1,预警,焚烧炉出口氧含量偏高
2025-06-14 05:12:00,1,预警,焚烧炉出口氧含量偏高
2025-06-14 05:18:00,1,预警,焚烧炉出口氧含量偏高
2025-06-14 05:24:00,1,预警,焚烧炉出口氧含量偏高
2025-06-14 05:26:00,1,预警,焚烧炉出口氧含量偏高
2025-06-14 05:28:00,1,预警,焚烧炉出口氧含量偏高
2025-06-14 05:30:00,1,预警,焚烧炉出口氧含量偏高
2025-06-14 05:40:00,1,预警,焚烧炉出口氧含量偏高
2025-06-14 06:24:00,1,预警,焚烧炉出口氧含量偏高
2025-06-14 06:40:00,1,预警,焚烧炉出口氧含量偏高
2025-06-14 06:42:00,1,预警,焚烧炉出口氧含量偏高
2025-06-14 06:44:00,1,预警,焚烧炉出口氧含量偏高
2025-06-14 06:46:00,1,预警,焚烧炉出口氧含量偏高
2025-06-14 06:48:00,1,预警,焚烧炉出口氧含量偏高
2025-06-14 06:50:00,1,预警,焚烧炉出口氧含量偏高
2025-06-14 06:52:00,1,预警,焚烧炉出口氧含量偏高
2025-06-14 06:56:00,1,预警,焚烧炉出口氧含量偏高
2025-06-14 06:58:00,1,预警,焚烧炉出口氧含量偏高
2025-06-14 07:00:00,1,预警,焚烧炉出口氧含量偏高
2025-06-14 07:02:00,1,预警,焚烧炉出口氧含量偏高
2025-06-14 07:04:00,1,预警,焚烧炉出口氧含量偏高
2025-06-14 07:06:00,1,预警,焚烧炉出口氧含量偏高
2025-06-14 07:08:00,1,预警,焚烧炉出口氧含量偏高
2025-06-14 07:10:00,1,预警,焚烧炉出口氧含量偏高
2025-06-14 07:12:00,1,预警,焚烧炉出口氧含量偏高
2025-06-14 07:14:00,1,预警,焚烧炉出口氧含量偏高
2025-06-14 07:16:00,1,预警,焚烧炉出口氧含量偏高
2025-06-14 07:18:00,1,预警,焚烧炉出口氧含量偏高
2025-06-14 07:20:00,1,预警,焚烧炉出口氧含量偏高
2025-06-14 07:22:00,1,预警,焚烧炉出口氧含量偏高
2025-06-14 07:24:00,1,预警,焚烧炉出口氧含量偏高
2025-06-14 07:26:00,1,预警,焚烧炉出口氧含量偏高
2025-06-14 07:28:00,1,预警,焚烧炉出口氧含量偏高
2025-06-14 07:30:00,1,预警,焚烧炉出口氧含量偏高
2025-06-14 07:32:00,1,预警,焚烧炉出口氧含量偏高
2025-06-14 07:34:00,1,预警,焚烧炉出口氧含量偏高
2025-06-14 07:36:00,1,预警,焚烧炉出口氧含量偏高
2025-06-14 07:38:00,1,预警,焚烧炉出口氧含量偏高
2025-06-14 07:40:00,1,预警,焚烧炉出口氧含量偏高
2025-06-14 07:42:00,1,预警,焚烧炉出口氧含量偏高
2025-06-14 07:44:00,1,预警,焚烧炉出口氧含量偏高
2025-06-14 07:46:00,1,预警,焚烧炉出口氧含量偏高
2025-06-14 07:48:00,1,预警,焚烧炉出口氧含量偏高
2025-06-14 07:50:00,1,预警,焚烧炉出口氧含量偏高
2025-06-14 07:52:00,1,预警,焚烧炉出口氧含量偏高
2025-06-14 07:54:00,1,预警,焚烧炉出口氧含量偏高
2025-06-14 07:56:00,1,预警,焚烧炉出口氧含量偏高
2025-06-14 07:58:00,1,预警,焚烧炉出口氧含量偏高
2025-06-14 08:06:00,1,预警,焚烧炉出口氧含量偏高
2025-06-14 08:08:00,1,预警,焚烧炉出口氧含量偏高
2025-06-14 08:10:00,1,预警,焚烧炉出口氧含量偏高
2025-06-14 08:12:00,1,预警,焚烧炉出口氧含量偏高
2025-06-14 08:44:00,1,预警,焚烧炉出口氧含量偏高
2025-06-14 08:46:00,1,预警,焚烧炉出口氧含量偏高
2025-06-14 08:46:00,1,预警,布袋除尘器压力损失偏低
2025-06-14 08:48:00,1,预警,布袋除尘器压力损失偏低
2025-06-14 08:48:00,1,预警,焚烧炉出口氧含量偏高
2025-06-14 08:50:00,1,预警,焚烧炉出口氧含量偏高
2025-06-14 09:04:00,1,预警,焚烧炉出口氧含量偏高
2025-06-14 09:08:00,1,预警,焚烧炉出口氧含量偏高
2025-06-14 09:10:00,1,预警,焚烧炉出口氧含量偏高
2025-06-14 09:14:00,1,预警,焚烧炉出口氧含量偏高
2025-06-14 09:16:00,1,预警,焚烧炉出口氧含量偏高
2025-06-14 09:18:00,1,预警,焚烧炉出口氧含量偏高
2025-06-14 09:20:00,1,预警,焚烧炉出口氧含量偏高
2025-06-14 09:22:00,1,预警,焚烧炉出口氧含量偏高
2025-06-14 09:24:00,1,预警,焚烧炉出口氧含量偏高
2025-06-14 09:26:00,1,预警,焚烧炉出口氧含量偏高
2025-06-14 09:36:00,1,预警,焚烧炉出口氧含量偏高
2025-06-14 09:38:00,1,预警,焚烧炉出口氧含量偏高
2025-06-14 09:40:00,1,预警,焚烧炉出口氧含量偏高
2025-06-14 09:42:00,1,预警,焚烧炉出口氧含量偏高
2025-06-14 09:44:00,1,预警,焚烧炉出口氧含量偏高
2025-06-14 09:46:00,1,预警,焚烧炉出口氧含量偏高
2025-06-14 09:48:00,1,预警,焚烧炉出口氧含量偏高
2025-06-14 10:32:00,1,预警,焚烧炉出口氧含量偏高
2025-06-14 10:36:00,1,预警,焚烧炉出口氧含量偏高
2025-06-14 10:38:00,1,预警,焚烧炉出口氧含量偏高
2025-06-14 10:40:00,1,预警,焚烧炉出口氧含量偏高
2025-06-14 12:38:00,1,预警,焚烧炉出口氧含量偏高
2025-06-14 12:40:00,1,预警,焚烧炉出口氧含量偏高
2025-06-14 12:42:00,1,预警,焚烧炉出口氧含量偏高
2025-06-14 12:44:00,1,预警,焚烧炉出口氧含量偏高
2025-06-14 12:46:00,1,预警,焚烧炉出口氧含量偏高
2025-06-14 12:48:00,1,预警,焚烧炉出口氧含量偏高
2025-06-14 12:50:00,1,预警,焚烧炉出口氧含量偏高
2025-06-14 12:52:00,1,预警,焚烧炉出口氧含量偏高
2025-06-14 12:54:00,1,预警,焚烧炉出口氧含量偏高
2025-06-14 13:14:00,1,预警,焚烧炉出口氧含量偏高
2025-06-14 13:16:00,1,预警,焚烧炉出口氧含量偏高
2025-06-14 13:18:00,1,预警,焚烧炉出口氧含量偏高
2025-06-14 13:20:00,1,预警,焚烧炉出口氧含量偏高
2025-06-14 13:24:00,1,预警,焚烧炉出口氧含量偏高
2025-06-14 13:30:00,1,预警,焚烧炉出口氧含量偏高
2025-06-14 13:32:00,1,预警,焚烧炉出口氧含量偏高
2025-06-14 14:04:00,1,预警,焚烧炉出口氧含量偏高
2025-06-14 14:06:00,1,预警,焚烧炉出口氧含量偏高
2025-06-14 14:08:00,1,预警,焚烧炉出口氧含量偏高
2025-06-14 14:22:00,1,预警,焚烧炉出口氧含量偏高
2025-06-14 14:24:00,1,预警,焚烧炉出口氧含量偏高
2025-06-14 14:26:00,1,预警,焚烧炉出口氧含量偏高
2025-06-14 16:10:00,1,预警,焚烧炉出口氧含量偏高
2025-06-14 16:12:00,1,预警,焚烧炉出口氧含量偏高
2025-06-14 16:14:00,1,预警,焚烧炉出口氧含量偏高
2025-06-14 16:16:00,1,预警,焚烧炉出口氧含量偏高
2025-06-14 16:18:00,1,预警,焚烧炉出口氧含量偏高
2025-06-14 16:20:00,1,预警,焚烧炉出口氧含量偏高
2025-06-14 16:22:00,1,预警,焚烧炉出口氧含量偏高
2025-06-14 16:24:00,1,预警,焚烧炉出口氧含量偏高
2025-06-14 16:26:00,1,预警,焚烧炉出口氧含量偏高
2025-06-14 16:28:00,1,预警,焚烧炉出口氧含量偏高
2025-06-14 16:30:00,1,预警,焚烧炉出口氧含量偏高
2025-06-14 16:32:00,1,预警,焚烧炉出口氧含量偏高
2025-06-14 16:34:00,1,预警,焚烧炉出口氧含量偏高
2025-06-14 16:36:00,1,预警,焚烧炉出口氧含量偏高
2025-06-14 16:38:00,1,预警,焚烧炉出口氧含量偏高
2025-06-14 16:40:00,1,预警,焚烧炉出口氧含量偏高
2025-06-14 16:42:00,1,预警,焚烧炉出口氧含量偏高
2025-06-14 16:44:00,1,预警,焚烧炉出口氧含量偏高
2025-06-14 16:46:00,1,预警,焚烧炉出口氧含量偏高
2025-06-14 16:48:00,1,预警,焚烧炉出口氧含量偏高
2025-06-14 16:50:00,1,预警,焚烧炉出口氧含量偏高
2025-06-14 16:52:00,1,预警,焚烧炉出口氧含量偏高
2025-06-14 16:54:00,1,预警,焚烧炉出口氧含量偏高
2025-06-14 16:56:00,1,预警,焚烧炉出口氧含量偏高
2025-06-14 16:58:00,1,预警,焚烧炉出口氧含量偏高
2025-06-14 17:00:00,1,预警,焚烧炉出口氧含量偏高
2025-06-14 17:02:00,1,预警,焚烧炉出口氧含量偏高
2025-06-14 17:04:00,1,预警,焚烧炉出口氧含量偏高
2025-06-14 17:06:00,1,预警,焚烧炉出口氧含量偏高
2025-06-14 17:08:00,1,预警,焚烧炉出口氧含量偏高
2025-06-14 17:10:00,1,预警,焚烧炉出口氧含量偏高
2025-06-14 17:12:00,1,预警,焚烧炉出口氧含量偏高
2025-06-14 17:32:00,1,预警,焚烧炉出口氧含量偏高
2025-06-14 17:36:00,1,预警,焚烧炉出口氧含量偏高
2025-06-14 17:38:00,1,预警,焚烧炉出口氧含量偏高
2025-06-14 17:40:00,1,预警,焚烧炉出口氧含量偏高
2025-06-14 17:52:00,1,预警,焚烧炉出口氧含量偏高
2025-06-14 18:56:00,1,预警,焚烧炉出口氧含量偏高
2025-06-14 19:52:00,1,预警,焚烧炉出口氧含量偏高
2025-06-14 19:54:00,1,预警,焚烧炉出口氧含量偏高
2025-06-14 20:00:00,1,预警,焚烧炉出口氧含量偏高
2025-06-14 20:02:00,1,预警,焚烧炉出口氧含量偏高
2025-06-14 20:04:00,1,预警,焚烧炉出口氧含量偏高
2025-06-14 20:06:00,1,预警,焚烧炉出口氧含量偏高
2025-06-14 20:08:00,1,预警,焚烧炉出口氧含量偏高
2025-06-14 20:10:00,1,预警,焚烧炉出口氧含量偏高
2025-06-14 20:12:00,1,预警,焚烧炉出口氧含量偏高
2025-06-14 20:14:00,1,预警,焚烧炉出口氧含量偏高
2025-06-14 20:16:00,1,预警,焚烧炉出口氧含量偏高
2025-06-14 20:18:00,1,预警,焚烧炉出口氧含量偏高
2025-06-14 20:20:00,1,预警,焚烧炉出口氧含量偏高
2025-06-14 20:22:00,1,预警,焚烧炉出口氧含量偏高
2025-06-14 20:24:00,1,预警,焚烧炉出口氧含量偏高
2025-06-14 20:26:00,1,预警,焚烧炉出口氧含量偏高
2025-06-14 20:28:00,1,预警,焚烧炉出口氧含量偏高
2025-06-14 20:30:00,1,预警,焚烧炉出口氧含量偏高
2025-06-14 20:32:00,1,预警,焚烧炉出口氧含量偏高
2025-06-14 20:34:00,1,预警,焚烧炉出口氧含量偏高
2025-06-14 20:36:00,1,预警,焚烧炉出口氧含量偏高
2025-06-14 20:38:00,1,预警,焚烧炉出口氧含量偏高
2025-06-14 20:40:00,1,预警,焚烧炉出口氧含量偏高
2025-06-14 20:42:00,1,预警,焚烧炉出口氧含量偏高
2025-06-14 20:44:00,1,预警,焚烧炉出口氧含量偏高
2025-06-14 20:46:00,1,预警,焚烧炉出口氧含量偏高
2025-06-14 20:48:00,1,预警,焚烧炉出口氧含量偏高
2025-06-14 20:50:00,1,预警,焚烧炉出口氧含量偏高
2025-06-14 20:52:00,1,预警,焚烧炉出口氧含量偏高
2025-06-14 20:54:00,1,预警,焚烧炉出口氧含量偏高
2025-06-14 20:56:00,1,预警,焚烧炉出口氧含量偏高
2025-06-14 20:58:00,1,预警,焚烧炉出口氧含量偏高
2025-06-14 21:00:00,1,预警,焚烧炉出口氧含量偏高
2025-06-14 21:02:00,1,预警,焚烧炉出口氧含量偏高
2025-06-14 21:04:00,1,预警,焚烧炉出口氧含量偏高
2025-06-14 21:06:00,1,预警,焚烧炉出口氧含量偏高
2025-06-14 21:08:00,1,预警,焚烧炉出口氧含量偏高
2025-06-14 21:10:00,1,预警,焚烧炉出口氧含量偏高
2025-06-14 21:12:00,1,预警,焚烧炉出口氧含量偏高
2025-06-14 21:14:00,1,预警,焚烧炉出口氧含量偏高
2025-06-14 21:34:00,1,预警,焚烧炉出口氧含量偏高
2025-06-14 22:08:00,1,预警,焚烧炉出口氧含量偏高
2025-06-14 22:10:00,1,预警,焚烧炉出口氧含量偏高
2025-06-14 22:14:00,1,预警,焚烧炉出口氧含量偏高
2025-06-14 22:30:00,1,预警,焚烧炉出口氧含量偏高
2025-06-14 22:32:00,1,预警,焚烧炉出口氧含量偏高
2025-06-14 22:36:00,1,预警,焚烧炉出口氧含量偏高
2025-06-14 22:38:00,1,预警,焚烧炉出口氧含量偏高
2025-06-14 22:40:00,1,预警,焚烧炉出口氧含量偏高
2025-06-14 22:52:00,1,预警,焚烧炉出口氧含量偏高
2025-06-14 22:54:00,1,预警,焚烧炉出口氧含量偏高
2025-06-14 22:56:00,1,预警,焚烧炉出口氧含量偏高
2025-06-14 22:58:00,1,预警,焚烧炉出口氧含量偏高
2025-06-14 23:00:00,1,预警,焚烧炉出口氧含量偏高
2025-06-14 23:02:00,1,预警,焚烧炉出口氧含量偏高
2025-06-14 23:04:00,1,预警,焚烧炉出口氧含量偏高
2025-06-14 23:06:00,1,预警,焚烧炉出口氧含量偏高
2025-06-14 23:08:00,1,预警,焚烧炉出口氧含量偏高
2025-06-14 23:10:00,1,预警,焚烧炉出口氧含量偏高
2025-06-14 23:12:00,1,预警,焚烧炉出口氧含量偏高
2025-06-14 23:14:00,1,预警,焚烧炉出口氧含量偏高
2025-06-14 23:16:00,1,预警,焚烧炉出口氧含量偏高
2025-06-14 23:18:00,1,预警,焚烧炉出口氧含量偏高
2025-06-14 23:20:00,1,预警,焚烧炉出口氧含量偏高
2025-06-14 23:22:00,1,预警,焚烧炉出口氧含量偏高
2025-06-14 23:24:00,1,预警,焚烧炉出口氧含量偏高
2025-06-14 23:26:00,1,预警,焚烧炉出口氧含量偏高
2025-06-14 23:28:00,1,预警,焚烧炉出口氧含量偏高
2025-06-14 23:30:00,1,预警,焚烧炉出口氧含量偏高
2025-06-14 23:32:00,1,预警,焚烧炉出口氧含量偏高
2025-06-14 23:34:00,1,预警,焚烧炉出口氧含量偏高
2025-06-14 23:48:00,1,预警,焚烧炉出口氧含量偏高
2025-06-14 23:50:00,1,预警,焚烧炉出口氧含量偏高
2025-06-14 23:52:00,1,预警,焚烧炉出口氧含量偏高
2025-06-14 23:54:00,1,预警,焚烧炉出口氧含量偏高
2025-06-14 23:56:00,1,预警,焚烧炉出口氧含量偏高
2025-06-14 23:58:00,1,预警,焚烧炉出口氧含量偏高
