﻿时间,炉号,预警/报警类型,预警/报警事件
2025-06-15 00:00:00,1,预警,焚烧炉出口氧含量偏高
2025-06-15 00:02:00,1,预警,焚烧炉出口氧含量偏高
2025-06-15 00:04:00,1,预警,焚烧炉出口氧含量偏高
2025-06-15 00:06:00,1,预警,焚烧炉出口氧含量偏高
2025-06-15 00:08:00,1,预警,焚烧炉出口氧含量偏高
2025-06-15 00:10:00,1,预警,焚烧炉出口氧含量偏高
2025-06-15 00:12:00,1,预警,焚烧炉出口氧含量偏高
2025-06-15 00:14:00,1,预警,焚烧炉出口氧含量偏高
2025-06-15 00:16:00,1,预警,焚烧炉出口氧含量偏高
2025-06-15 00:18:00,1,预警,焚烧炉出口氧含量偏高
2025-06-15 00:20:00,1,预警,焚烧炉出口氧含量偏高
2025-06-15 00:22:00,1,预警,焚烧炉出口氧含量偏高
2025-06-15 00:24:00,1,预警,焚烧炉出口氧含量偏高
2025-06-15 00:26:00,1,预警,焚烧炉出口氧含量偏高
2025-06-15 00:28:00,1,预警,焚烧炉出口氧含量偏高
2025-06-15 00:30:00,1,预警,焚烧炉出口氧含量偏高
2025-06-15 01:08:00,1,预警,焚烧炉出口氧含量偏高
2025-06-15 01:10:00,1,预警,焚烧炉出口氧含量偏高
2025-06-15 01:12:00,1,预警,焚烧炉出口氧含量偏高
2025-06-15 01:14:00,1,预警,焚烧炉出口氧含量偏高
2025-06-15 01:16:00,1,预警,焚烧炉出口氧含量偏高
2025-06-15 01:18:00,1,预警,焚烧炉出口氧含量偏高
2025-06-15 01:20:00,1,预警,焚烧炉出口氧含量偏高
2025-06-15 01:22:00,1,预警,焚烧炉出口氧含量偏高
2025-06-15 01:24:00,1,预警,焚烧炉出口氧含量偏高
2025-06-15 01:26:00,1,预警,焚烧炉出口氧含量偏高
2025-06-15 01:28:00,1,预警,焚烧炉出口氧含量偏高
2025-06-15 01:30:00,1,预警,焚烧炉出口氧含量偏高
2025-06-15 01:30:00,1,预警,布袋除尘器压力损失偏低
2025-06-15 01:32:00,1,预警,布袋除尘器压力损失偏低
2025-06-15 01:32:00,1,预警,焚烧炉出口氧含量偏高
2025-06-15 01:34:00,1,预警,焚烧炉出口氧含量偏高
2025-06-15 01:34:00,1,预警,布袋除尘器压力损失偏低
2025-06-15 01:36:00,1,预警,布袋除尘器压力损失偏低
2025-06-15 01:36:00,1,预警,焚烧炉出口氧含量偏高
2025-06-15 01:38:00,1,预警,焚烧炉出口氧含量偏高
2025-06-15 01:38:00,1,预警,布袋除尘器压力损失偏低
2025-06-15 01:40:00,1,预警,焚烧炉出口氧含量偏高
2025-06-15 01:40:00,1,预警,布袋除尘器压力损失偏低
2025-06-15 01:42:00,1,预警,焚烧炉出口氧含量偏高
2025-06-15 01:42:00,1,预警,布袋除尘器压力损失偏低
2025-06-15 01:44:00,1,预警,焚烧炉出口氧含量偏高
2025-06-15 01:44:00,1,预警,布袋除尘器压力损失偏低
2025-06-15 01:46:00,1,预警,布袋除尘器压力损失偏低
2025-06-15 01:46:00,1,预警,焚烧炉出口氧含量偏高
2025-06-15 01:48:00,1,预警,焚烧炉出口氧含量偏高
2025-06-15 01:48:00,1,预警,布袋除尘器压力损失偏低
2025-06-15 01:50:00,1,预警,布袋除尘器压力损失偏低
2025-06-15 01:50:00,1,预警,焚烧炉出口氧含量偏高
2025-06-15 01:52:00,1,预警,焚烧炉出口氧含量偏高
2025-06-15 01:52:00,1,预警,布袋除尘器压力损失偏低
2025-06-15 01:54:00,1,预警,布袋除尘器压力损失偏低
2025-06-15 01:54:00,1,预警,焚烧炉出口氧含量偏高
2025-06-15 01:56:00,1,预警,焚烧炉出口氧含量偏高
2025-06-15 01:58:00,1,预警,焚烧炉出口氧含量偏高
2025-06-15 01:58:00,1,预警,布袋除尘器压力损失偏低
2025-06-15 02:00:00,1,预警,焚烧炉出口氧含量偏高
2025-06-15 02:02:00,1,预警,焚烧炉出口氧含量偏高
2025-06-15 02:02:00,1,预警,布袋除尘器压力损失偏低
2025-06-15 02:04:00,1,预警,布袋除尘器压力损失偏低
2025-06-15 02:04:00,1,预警,焚烧炉出口氧含量偏高
2025-06-15 02:06:00,1,预警,布袋除尘器压力损失偏低
2025-06-15 02:06:00,1,预警,焚烧炉出口氧含量偏高
2025-06-15 02:08:00,1,预警,焚烧炉出口氧含量偏高
2025-06-15 02:08:00,1,预警,布袋除尘器压力损失偏低
2025-06-15 02:10:00,1,预警,焚烧炉出口氧含量偏高
2025-06-15 02:10:00,1,预警,布袋除尘器压力损失偏低
2025-06-15 02:12:00,1,预警,焚烧炉出口氧含量偏高
2025-06-15 02:12:00,1,预警,布袋除尘器压力损失偏低
2025-06-15 02:14:00,1,预警,布袋除尘器压力损失偏低
2025-06-15 02:14:00,1,预警,焚烧炉出口氧含量偏高
2025-06-15 02:16:00,1,预警,焚烧炉出口氧含量偏高
2025-06-15 02:16:00,1,预警,布袋除尘器压力损失偏低
2025-06-15 02:18:00,1,预警,布袋除尘器压力损失偏低
2025-06-15 02:18:00,1,预警,焚烧炉出口氧含量偏高
2025-06-15 02:24:00,1,预警,布袋除尘器压力损失偏低
2025-06-15 02:26:00,1,预警,布袋除尘器压力损失偏低
2025-06-15 02:26:00,1,预警,焚烧炉出口氧含量偏高
2025-06-15 02:28:00,1,预警,布袋除尘器压力损失偏低
2025-06-15 02:32:00,1,预警,布袋除尘器压力损失偏低
2025-06-15 02:42:00,1,预警,焚烧炉出口氧含量偏高
2025-06-15 02:50:00,1,预警,焚烧炉出口氧含量偏高
2025-06-15 02:52:00,1,预警,焚烧炉出口氧含量偏高
2025-06-15 02:54:00,1,预警,焚烧炉出口氧含量偏高
2025-06-15 02:56:00,1,预警,焚烧炉出口氧含量偏高
2025-06-15 02:58:00,1,预警,焚烧炉出口氧含量偏高
2025-06-15 03:00:00,1,预警,焚烧炉出口氧含量偏高
2025-06-15 03:02:00,1,预警,焚烧炉出口氧含量偏高
2025-06-15 03:04:00,1,预警,焚烧炉出口氧含量偏高
2025-06-15 03:06:00,1,预警,焚烧炉出口氧含量偏高
2025-06-15 06:18:00,1,预警,焚烧炉出口氧含量偏高
2025-06-15 06:20:00,1,预警,焚烧炉出口氧含量偏高
2025-06-15 06:24:00,1,预警,焚烧炉出口氧含量偏高
2025-06-15 06:26:00,1,预警,焚烧炉出口氧含量偏高
2025-06-15 06:30:00,1,预警,焚烧炉出口氧含量偏高
2025-06-15 06:32:00,1,预警,焚烧炉出口氧含量偏高
2025-06-15 06:36:00,1,预警,焚烧炉出口氧含量偏高
2025-06-15 06:38:00,1,预警,焚烧炉出口氧含量偏高
2025-06-15 06:40:00,1,预警,焚烧炉出口氧含量偏高
2025-06-15 06:42:00,1,预警,焚烧炉出口氧含量偏高
2025-06-15 06:44:00,1,预警,焚烧炉出口氧含量偏高
2025-06-15 06:46:00,1,预警,焚烧炉出口氧含量偏高
2025-06-15 06:48:00,1,预警,焚烧炉出口氧含量偏高
2025-06-15 06:50:00,1,预警,焚烧炉出口氧含量偏高
2025-06-15 06:52:00,1,预警,焚烧炉出口氧含量偏高
2025-06-15 06:54:00,1,预警,焚烧炉出口氧含量偏高
2025-06-15 06:56:00,1,预警,焚烧炉出口氧含量偏高
2025-06-15 06:58:00,1,预警,焚烧炉出口氧含量偏高
2025-06-15 07:00:00,1,预警,焚烧炉出口氧含量偏高
2025-06-15 07:02:00,1,预警,焚烧炉出口氧含量偏高
2025-06-15 07:04:00,1,预警,焚烧炉出口氧含量偏高
2025-06-15 07:06:00,1,预警,焚烧炉出口氧含量偏高
2025-06-15 07:08:00,1,预警,焚烧炉出口氧含量偏高
2025-06-15 07:10:00,1,预警,焚烧炉出口氧含量偏高
2025-06-15 07:12:00,1,预警,焚烧炉出口氧含量偏高
2025-06-15 07:14:00,1,预警,焚烧炉出口氧含量偏高
2025-06-15 07:16:00,1,预警,焚烧炉出口氧含量偏高
2025-06-15 07:18:00,1,预警,焚烧炉出口氧含量偏高
2025-06-15 07:20:00,1,预警,焚烧炉出口氧含量偏高
2025-06-15 07:22:00,1,预警,焚烧炉出口氧含量偏高
2025-06-15 07:24:00,1,预警,焚烧炉出口氧含量偏高
2025-06-15 07:26:00,1,预警,焚烧炉出口氧含量偏高
2025-06-15 07:28:00,1,预警,焚烧炉出口氧含量偏高
2025-06-15 07:30:00,1,预警,焚烧炉出口氧含量偏高
2025-06-15 07:32:00,1,预警,焚烧炉出口氧含量偏高
2025-06-15 07:34:00,1,预警,焚烧炉出口氧含量偏高
2025-06-15 07:36:00,1,预警,焚烧炉出口氧含量偏高
2025-06-15 07:38:00,1,预警,焚烧炉出口氧含量偏高
2025-06-15 07:40:00,1,预警,焚烧炉出口氧含量偏高
2025-06-15 07:42:00,1,预警,焚烧炉出口氧含量偏高
2025-06-15 07:44:00,1,预警,焚烧炉出口氧含量偏高
2025-06-15 07:46:00,1,预警,焚烧炉出口氧含量偏高
2025-06-15 07:48:00,1,预警,焚烧炉出口氧含量偏高
2025-06-15 07:50:00,1,预警,焚烧炉出口氧含量偏高
2025-06-15 07:52:00,1,预警,焚烧炉出口氧含量偏高
2025-06-15 07:54:00,1,预警,焚烧炉出口氧含量偏高
2025-06-15 07:56:00,1,预警,焚烧炉出口氧含量偏高
2025-06-15 07:58:00,1,预警,焚烧炉出口氧含量偏高
2025-06-15 08:00:00,1,预警,焚烧炉出口氧含量偏高
2025-06-15 08:12:00,1,预警,焚烧炉出口氧含量偏高
2025-06-15 08:18:00,1,预警,焚烧炉出口氧含量偏高
2025-06-15 08:20:00,1,预警,焚烧炉出口氧含量偏高
2025-06-15 08:22:00,1,预警,焚烧炉出口氧含量偏高
2025-06-15 08:24:00,1,预警,焚烧炉出口氧含量偏高
2025-06-15 08:26:00,1,预警,焚烧炉出口氧含量偏高
2025-06-15 08:28:00,1,预警,焚烧炉出口氧含量偏高
2025-06-15 08:30:00,1,预警,焚烧炉出口氧含量偏高
2025-06-15 08:32:00,1,预警,焚烧炉出口氧含量偏高
2025-06-15 08:34:00,1,预警,焚烧炉出口氧含量偏高
2025-06-15 08:36:00,1,预警,焚烧炉出口氧含量偏高
2025-06-15 08:38:00,1,预警,焚烧炉出口氧含量偏高
2025-06-15 08:40:00,1,预警,焚烧炉出口氧含量偏高
2025-06-15 08:42:00,1,预警,焚烧炉出口氧含量偏高
2025-06-15 08:44:00,1,预警,焚烧炉出口氧含量偏高
2025-06-15 08:46:00,1,预警,焚烧炉出口氧含量偏高
2025-06-15 08:48:00,1,预警,焚烧炉出口氧含量偏高
2025-06-15 08:50:00,1,预警,焚烧炉出口氧含量偏高
2025-06-15 08:52:00,1,预警,焚烧炉出口氧含量偏高
2025-06-15 08:54:00,1,预警,焚烧炉出口氧含量偏高
2025-06-15 08:56:00,1,预警,焚烧炉出口氧含量偏高
2025-06-15 08:58:00,1,预警,焚烧炉出口氧含量偏高
2025-06-15 09:00:00,1,预警,焚烧炉出口氧含量偏高
2025-06-15 09:02:00,1,预警,焚烧炉出口氧含量偏高
2025-06-15 09:04:00,1,预警,焚烧炉出口氧含量偏高
2025-06-15 09:06:00,1,预警,焚烧炉出口氧含量偏高
2025-06-15 09:08:00,1,预警,焚烧炉出口氧含量偏高
2025-06-15 09:10:00,1,预警,焚烧炉出口氧含量偏高
2025-06-15 09:14:00,1,预警,焚烧炉出口氧含量偏高
2025-06-15 09:26:00,1,预警,焚烧炉出口氧含量偏高
2025-06-15 09:28:00,1,预警,焚烧炉出口氧含量偏高
2025-06-15 09:32:00,1,预警,焚烧炉出口氧含量偏高
2025-06-15 09:36:00,1,预警,焚烧炉出口氧含量偏高
2025-06-15 09:38:00,1,预警,焚烧炉出口氧含量偏高
2025-06-15 09:40:00,1,预警,焚烧炉出口氧含量偏高
2025-06-15 09:42:00,1,预警,焚烧炉出口氧含量偏高
2025-06-15 09:44:00,1,预警,焚烧炉出口氧含量偏高
2025-06-15 09:46:00,1,预警,焚烧炉出口氧含量偏高
2025-06-15 09:48:00,1,预警,焚烧炉出口氧含量偏高
2025-06-15 12:06:00,1,预警,焚烧炉出口氧含量偏高
2025-06-15 12:08:00,1,预警,焚烧炉出口氧含量偏高
2025-06-15 12:10:00,1,预警,焚烧炉出口氧含量偏高
2025-06-15 12:12:00,1,预警,焚烧炉出口氧含量偏高
2025-06-15 12:14:00,1,预警,焚烧炉出口氧含量偏高
2025-06-15 12:16:00,1,预警,焚烧炉出口氧含量偏高
2025-06-15 12:18:00,1,预警,焚烧炉出口氧含量偏高
2025-06-15 12:20:00,1,预警,焚烧炉出口氧含量偏高
2025-06-15 12:22:00,1,预警,焚烧炉出口氧含量偏高
2025-06-15 12:24:00,1,预警,焚烧炉出口氧含量偏高
2025-06-15 12:26:00,1,预警,焚烧炉出口氧含量偏高
2025-06-15 12:28:00,1,预警,焚烧炉出口氧含量偏高
2025-06-15 12:30:00,1,预警,焚烧炉出口氧含量偏高
2025-06-15 12:32:00,1,预警,焚烧炉出口氧含量偏高
2025-06-15 12:34:00,1,预警,焚烧炉出口氧含量偏高
2025-06-15 12:36:00,1,预警,焚烧炉出口氧含量偏高
2025-06-15 12:38:00,1,预警,焚烧炉出口氧含量偏高
2025-06-15 12:44:00,1,预警,焚烧炉出口氧含量偏高
2025-06-15 12:46:00,1,预警,焚烧炉出口氧含量偏高
2025-06-15 12:50:00,1,预警,焚烧炉出口氧含量偏高
2025-06-15 13:24:00,1,预警,焚烧炉出口氧含量偏高
2025-06-15 13:26:00,1,预警,焚烧炉出口氧含量偏高
2025-06-15 13:40:00,1,预警,焚烧炉出口氧含量偏高
2025-06-15 13:42:00,1,预警,焚烧炉出口氧含量偏高
2025-06-15 13:54:00,1,预警,焚烧炉出口氧含量偏高
2025-06-15 13:56:00,1,预警,焚烧炉出口氧含量偏高
2025-06-15 13:58:00,1,预警,焚烧炉出口氧含量偏高
2025-06-15 14:00:00,1,预警,焚烧炉出口氧含量偏高
2025-06-15 14:04:00,1,预警,焚烧炉出口氧含量偏高
2025-06-15 14:08:00,1,预警,焚烧炉出口氧含量偏高
2025-06-15 15:24:00,1,预警,焚烧炉出口氧含量偏高
2025-06-15 15:30:00,1,预警,焚烧炉出口氧含量偏高
2025-06-15 15:32:00,1,预警,焚烧炉出口氧含量偏高
2025-06-15 15:34:00,1,预警,焚烧炉出口氧含量偏高
2025-06-15 15:36:00,1,预警,焚烧炉出口氧含量偏高
2025-06-15 15:38:00,1,预警,焚烧炉出口氧含量偏高
2025-06-15 15:40:00,1,预警,焚烧炉出口氧含量偏高
2025-06-15 15:42:00,1,预警,焚烧炉出口氧含量偏高
2025-06-15 17:10:00,1,预警,焚烧炉出口氧含量偏高
2025-06-15 17:18:00,1,预警,焚烧炉出口氧含量偏高
2025-06-15 17:22:00,1,预警,焚烧炉出口氧含量偏高
2025-06-15 17:28:00,1,预警,焚烧炉出口氧含量偏高
2025-06-15 18:34:00,1,预警,焚烧炉出口氧含量偏高
2025-06-15 18:36:00,1,预警,焚烧炉出口氧含量偏高
2025-06-15 18:54:00,1,预警,焚烧炉出口氧含量偏高
2025-06-15 18:56:00,1,预警,焚烧炉出口氧含量偏高
2025-06-15 18:58:00,1,预警,焚烧炉出口氧含量偏高
2025-06-15 19:02:00,1,预警,焚烧炉出口氧含量偏高
2025-06-15 19:04:00,1,预警,焚烧炉出口氧含量偏高
2025-06-15 19:06:00,1,预警,焚烧炉出口氧含量偏高
2025-06-15 19:10:00,1,预警,焚烧炉出口氧含量偏高
2025-06-15 19:16:00,1,预警,焚烧炉出口氧含量偏高
2025-06-15 19:22:00,1,预警,焚烧炉出口氧含量偏高
2025-06-15 19:24:00,1,预警,焚烧炉出口氧含量偏高
2025-06-15 19:26:00,1,预警,焚烧炉出口氧含量偏高
2025-06-15 19:28:00,1,预警,焚烧炉出口氧含量偏高
2025-06-15 19:30:00,1,预警,焚烧炉出口氧含量偏高
2025-06-15 19:52:00,1,预警,焚烧炉出口氧含量偏高
2025-06-15 19:54:00,1,预警,焚烧炉出口氧含量偏高
2025-06-15 19:56:00,1,预警,焚烧炉出口氧含量偏高
2025-06-15 19:58:00,1,预警,焚烧炉出口氧含量偏高
2025-06-15 20:00:00,1,预警,焚烧炉出口氧含量偏高
2025-06-15 20:02:00,1,预警,焚烧炉出口氧含量偏高
2025-06-15 20:04:00,1,预警,焚烧炉出口氧含量偏高
2025-06-15 20:06:00,1,预警,焚烧炉出口氧含量偏高
2025-06-15 20:08:00,1,预警,焚烧炉出口氧含量偏高
2025-06-15 20:10:00,1,预警,焚烧炉出口氧含量偏高
2025-06-15 20:12:00,1,预警,焚烧炉出口氧含量偏高
2025-06-15 20:30:00,1,预警,焚烧炉出口氧含量偏高
2025-06-15 20:32:00,1,预警,焚烧炉出口氧含量偏高
2025-06-15 20:36:00,1,预警,焚烧炉出口氧含量偏高
2025-06-15 20:38:00,1,预警,焚烧炉出口氧含量偏高
2025-06-15 20:58:00,1,预警,焚烧炉出口氧含量偏高
2025-06-15 21:24:00,1,预警,焚烧炉出口氧含量偏高
2025-06-15 21:28:00,1,预警,焚烧炉出口氧含量偏高
2025-06-15 21:36:00,1,预警,焚烧炉出口氧含量偏高
2025-06-15 21:40:00,1,预警,焚烧炉出口氧含量偏高
2025-06-15 21:42:00,1,预警,焚烧炉出口氧含量偏高
2025-06-15 21:44:00,1,预警,焚烧炉出口氧含量偏高
2025-06-15 21:46:00,1,预警,焚烧炉出口氧含量偏高
2025-06-15 21:48:00,1,预警,焚烧炉出口氧含量偏高
2025-06-15 21:50:00,1,预警,焚烧炉出口氧含量偏高
2025-06-15 21:52:00,1,预警,焚烧炉出口氧含量偏高
2025-06-15 21:54:00,1,预警,焚烧炉出口氧含量偏高
2025-06-15 21:56:00,1,预警,焚烧炉出口氧含量偏高
2025-06-15 21:58:00,1,预警,焚烧炉出口氧含量偏高
2025-06-15 22:00:00,1,预警,焚烧炉出口氧含量偏高
2025-06-15 22:02:00,1,预警,焚烧炉出口氧含量偏高
2025-06-15 22:04:00,1,预警,焚烧炉出口氧含量偏高
2025-06-15 22:08:00,1,预警,焚烧炉出口氧含量偏高
2025-06-15 22:10:00,1,预警,焚烧炉出口氧含量偏高
2025-06-15 22:18:00,1,预警,焚烧炉出口氧含量偏高
2025-06-15 22:22:00,1,预警,焚烧炉出口氧含量偏高
2025-06-15 22:24:00,1,预警,焚烧炉出口氧含量偏高
2025-06-15 22:32:00,1,预警,焚烧炉出口氧含量偏高
2025-06-15 22:34:00,1,预警,焚烧炉出口氧含量偏高
2025-06-15 22:36:00,1,预警,焚烧炉出口氧含量偏高
2025-06-15 22:38:00,1,预警,焚烧炉出口氧含量偏高
2025-06-15 22:40:00,1,预警,焚烧炉出口氧含量偏高
2025-06-15 22:42:00,1,预警,焚烧炉出口氧含量偏高
2025-06-15 22:44:00,1,预警,焚烧炉出口氧含量偏高
2025-06-15 22:46:00,1,预警,焚烧炉出口氧含量偏高
2025-06-15 22:48:00,1,预警,焚烧炉出口氧含量偏高
2025-06-15 22:50:00,1,预警,焚烧炉出口氧含量偏高
2025-06-15 23:00:00,1,预警,焚烧炉出口氧含量偏高
2025-06-15 23:02:00,1,预警,焚烧炉出口氧含量偏高
2025-06-15 23:06:00,1,预警,焚烧炉出口氧含量偏高
