﻿时间,炉号,预警/报警类型,预警/报警事件
2025-06-16 00:04:00,1,预警,焚烧炉出口氧含量偏高
2025-06-16 00:06:00,1,预警,焚烧炉出口氧含量偏高
2025-06-16 00:08:00,1,预警,焚烧炉出口氧含量偏高
2025-06-16 00:10:00,1,预警,焚烧炉出口氧含量偏高
2025-06-16 00:12:00,1,预警,焚烧炉出口氧含量偏高
2025-06-16 00:14:00,1,预警,焚烧炉出口氧含量偏高
2025-06-16 00:16:00,1,预警,焚烧炉出口氧含量偏高
2025-06-16 00:18:00,1,预警,焚烧炉出口氧含量偏高
2025-06-16 00:20:00,1,预警,焚烧炉出口氧含量偏高
2025-06-16 00:22:00,1,预警,焚烧炉出口氧含量偏高
2025-06-16 00:24:00,1,预警,焚烧炉出口氧含量偏高
2025-06-16 00:26:00,1,预警,焚烧炉出口氧含量偏高
2025-06-16 00:28:00,1,预警,焚烧炉出口氧含量偏高
2025-06-16 00:30:00,1,预警,焚烧炉出口氧含量偏高
2025-06-16 00:32:00,1,预警,焚烧炉出口氧含量偏高
2025-06-16 00:34:00,1,预警,焚烧炉出口氧含量偏高
2025-06-16 00:36:00,1,预警,焚烧炉出口氧含量偏高
2025-06-16 00:38:00,1,预警,焚烧炉出口氧含量偏高
2025-06-16 00:40:00,1,预警,焚烧炉出口氧含量偏高
2025-06-16 00:42:00,1,预警,焚烧炉出口氧含量偏高
2025-06-16 00:44:00,1,预警,焚烧炉出口氧含量偏高
2025-06-16 00:46:00,1,预警,焚烧炉出口氧含量偏高
2025-06-16 00:48:00,1,预警,焚烧炉出口氧含量偏高
2025-06-16 00:50:00,1,预警,焚烧炉出口氧含量偏高
2025-06-16 00:52:00,1,预警,焚烧炉出口氧含量偏高
2025-06-16 00:54:00,1,预警,焚烧炉出口氧含量偏高
2025-06-16 00:56:00,1,预警,焚烧炉出口氧含量偏高
2025-06-16 00:56:00,1,预警,布袋除尘器压力损失偏低
2025-06-16 00:58:00,1,预警,焚烧炉出口氧含量偏高
2025-06-16 01:00:00,1,预警,焚烧炉出口氧含量偏高
2025-06-16 01:02:00,1,预警,焚烧炉出口氧含量偏高
2025-06-16 01:04:00,1,预警,焚烧炉出口氧含量偏高
2025-06-16 01:06:00,1,预警,焚烧炉出口氧含量偏高
2025-06-16 01:08:00,1,预警,焚烧炉出口氧含量偏高
2025-06-16 01:10:00,1,预警,焚烧炉出口氧含量偏高
2025-06-16 01:12:00,1,预警,焚烧炉出口氧含量偏高
2025-06-16 01:14:00,1,预警,焚烧炉出口氧含量偏高
2025-06-16 01:16:00,1,预警,焚烧炉出口氧含量偏高
2025-06-16 01:18:00,1,预警,焚烧炉出口氧含量偏高
2025-06-16 01:20:00,1,预警,焚烧炉出口氧含量偏高
2025-06-16 01:22:00,1,预警,焚烧炉出口氧含量偏高
2025-06-16 01:24:00,1,预警,焚烧炉出口氧含量偏高
2025-06-16 01:26:00,1,预警,焚烧炉出口氧含量偏高
2025-06-16 01:28:00,1,预警,焚烧炉出口氧含量偏高
2025-06-16 01:30:00,1,预警,焚烧炉出口氧含量偏高
2025-06-16 01:32:00,1,预警,焚烧炉出口氧含量偏高
2025-06-16 02:28:00,1,预警,焚烧炉出口氧含量偏高
2025-06-16 02:30:00,1,预警,焚烧炉出口氧含量偏高
2025-06-16 02:32:00,1,预警,焚烧炉出口氧含量偏高
2025-06-16 02:34:00,1,预警,焚烧炉出口氧含量偏高
2025-06-16 02:56:00,1,预警,焚烧炉出口氧含量偏高
2025-06-16 04:00:00,1,预警,焚烧炉出口氧含量偏高
2025-06-16 04:02:00,1,预警,焚烧炉出口氧含量偏高
2025-06-16 04:04:00,1,预警,焚烧炉出口氧含量偏高
2025-06-16 04:06:00,1,预警,焚烧炉出口氧含量偏高
2025-06-16 04:12:00,1,预警,焚烧炉出口氧含量偏高
2025-06-16 04:16:00,1,预警,焚烧炉出口氧含量偏高
2025-06-16 04:20:00,1,预警,焚烧炉出口氧含量偏高
2025-06-16 04:22:00,1,预警,焚烧炉出口氧含量偏高
2025-06-16 04:24:00,1,预警,焚烧炉出口氧含量偏高
2025-06-16 04:26:00,1,预警,焚烧炉出口氧含量偏高
2025-06-16 04:28:00,1,预警,焚烧炉出口氧含量偏高
2025-06-16 04:30:00,1,预警,焚烧炉出口氧含量偏高
2025-06-16 04:32:00,1,预警,焚烧炉出口氧含量偏高
2025-06-16 04:34:00,1,预警,焚烧炉出口氧含量偏高
2025-06-16 04:36:00,1,预警,焚烧炉出口氧含量偏高
2025-06-16 04:38:00,1,预警,焚烧炉出口氧含量偏高
2025-06-16 04:40:00,1,预警,焚烧炉出口氧含量偏高
2025-06-16 04:42:00,1,预警,焚烧炉出口氧含量偏高
2025-06-16 04:44:00,1,预警,焚烧炉出口氧含量偏高
2025-06-16 04:46:00,1,预警,焚烧炉出口氧含量偏高
2025-06-16 05:56:00,1,预警,焚烧炉出口氧含量偏高
2025-06-16 05:58:00,1,预警,焚烧炉出口氧含量偏高
2025-06-16 06:00:00,1,预警,焚烧炉出口氧含量偏高
2025-06-16 06:02:00,1,预警,焚烧炉出口氧含量偏高
2025-06-16 06:04:00,1,预警,焚烧炉出口氧含量偏高
2025-06-16 06:08:00,1,预警,焚烧炉出口氧含量偏高
2025-06-16 06:10:00,1,预警,焚烧炉出口氧含量偏高
2025-06-16 06:12:00,1,预警,焚烧炉出口氧含量偏高
2025-06-16 06:14:00,1,预警,焚烧炉出口氧含量偏高
2025-06-16 06:48:00,1,预警,焚烧炉出口氧含量偏高
2025-06-16 06:52:00,1,预警,焚烧炉出口氧含量偏高
2025-06-16 06:54:00,1,预警,焚烧炉出口氧含量偏高
2025-06-16 06:56:00,1,预警,焚烧炉出口氧含量偏高
2025-06-16 06:58:00,1,预警,焚烧炉出口氧含量偏高
2025-06-16 07:00:00,1,预警,焚烧炉出口氧含量偏高
2025-06-16 07:02:00,1,预警,焚烧炉出口氧含量偏高
2025-06-16 07:04:00,1,预警,焚烧炉出口氧含量偏高
2025-06-16 07:06:00,1,预警,焚烧炉出口氧含量偏高
2025-06-16 07:08:00,1,预警,焚烧炉出口氧含量偏高
2025-06-16 07:10:00,1,预警,焚烧炉出口氧含量偏高
2025-06-16 07:12:00,1,预警,焚烧炉出口氧含量偏高
2025-06-16 07:14:00,1,预警,焚烧炉出口氧含量偏高
2025-06-16 07:16:00,1,预警,焚烧炉出口氧含量偏高
2025-06-16 07:18:00,1,预警,焚烧炉出口氧含量偏高
2025-06-16 07:56:00,1,预警,焚烧炉出口氧含量偏高
2025-06-16 07:58:00,1,预警,焚烧炉出口氧含量偏高
2025-06-16 08:00:00,1,预警,焚烧炉出口氧含量偏高
2025-06-16 08:02:00,1,预警,焚烧炉出口氧含量偏高
2025-06-16 08:06:00,1,预警,焚烧炉出口氧含量偏高
2025-06-16 08:08:00,1,预警,焚烧炉出口氧含量偏高
2025-06-16 08:12:00,1,预警,焚烧炉出口氧含量偏高
2025-06-16 08:16:00,1,预警,焚烧炉出口氧含量偏高
2025-06-16 08:18:00,1,预警,焚烧炉出口氧含量偏高
2025-06-16 08:20:00,1,预警,焚烧炉出口氧含量偏高
2025-06-16 08:22:00,1,预警,焚烧炉出口氧含量偏高
2025-06-16 08:24:00,1,预警,焚烧炉出口氧含量偏高
2025-06-16 10:38:00,1,预警,焚烧炉出口氧含量偏高
2025-06-16 10:56:00,1,预警,焚烧炉出口氧含量偏高
2025-06-16 10:58:00,1,预警,焚烧炉出口氧含量偏高
2025-06-16 11:00:00,1,预警,焚烧炉出口氧含量偏高
2025-06-16 11:02:00,1,预警,焚烧炉出口氧含量偏高
2025-06-16 11:04:00,1,预警,焚烧炉出口氧含量偏高
2025-06-16 11:06:00,1,预警,焚烧炉出口氧含量偏高
2025-06-16 11:08:00,1,预警,焚烧炉出口氧含量偏高
2025-06-16 11:10:00,1,预警,焚烧炉出口氧含量偏高
2025-06-16 11:12:00,1,预警,焚烧炉出口氧含量偏高
2025-06-16 11:14:00,1,预警,焚烧炉出口氧含量偏高
2025-06-16 11:16:00,1,预警,焚烧炉出口氧含量偏高
2025-06-16 11:18:00,1,预警,焚烧炉出口氧含量偏高
2025-06-16 11:20:00,1,预警,焚烧炉出口氧含量偏高
2025-06-16 11:22:00,1,预警,焚烧炉出口氧含量偏高
2025-06-16 11:24:00,1,预警,焚烧炉出口氧含量偏高
2025-06-16 11:26:00,1,预警,焚烧炉出口氧含量偏高
2025-06-16 11:28:00,1,预警,焚烧炉出口氧含量偏高
2025-06-16 11:30:00,1,预警,焚烧炉出口氧含量偏高
2025-06-16 11:32:00,1,预警,焚烧炉出口氧含量偏高
2025-06-16 11:34:00,1,预警,焚烧炉出口氧含量偏高
2025-06-16 11:36:00,1,预警,焚烧炉出口氧含量偏高
2025-06-16 11:38:00,1,预警,焚烧炉出口氧含量偏高
2025-06-16 11:40:00,1,预警,焚烧炉出口氧含量偏高
2025-06-16 11:42:00,1,预警,焚烧炉出口氧含量偏高
2025-06-16 11:44:00,1,预警,焚烧炉出口氧含量偏高
2025-06-16 11:46:00,1,预警,焚烧炉出口氧含量偏高
2025-06-16 11:48:00,1,预警,焚烧炉出口氧含量偏高
2025-06-16 11:50:00,1,预警,焚烧炉出口氧含量偏高
2025-06-16 11:52:00,1,预警,焚烧炉出口氧含量偏高
2025-06-16 12:00:00,1,预警,焚烧炉出口氧含量偏高
2025-06-16 12:24:00,1,预警,焚烧炉出口氧含量偏高
2025-06-16 12:44:00,1,预警,焚烧炉出口氧含量偏高
2025-06-16 12:46:00,1,预警,焚烧炉出口氧含量偏高
2025-06-16 12:50:00,1,预警,焚烧炉出口氧含量偏高
2025-06-16 12:52:00,1,预警,焚烧炉出口氧含量偏高
2025-06-16 12:54:00,1,预警,焚烧炉出口氧含量偏高
2025-06-16 12:56:00,1,预警,焚烧炉出口氧含量偏高
2025-06-16 12:58:00,1,预警,焚烧炉出口氧含量偏高
2025-06-16 13:00:00,1,预警,焚烧炉出口氧含量偏高
2025-06-16 13:02:00,1,预警,焚烧炉出口氧含量偏高
2025-06-16 13:04:00,1,预警,焚烧炉出口氧含量偏高
2025-06-16 13:06:00,1,预警,焚烧炉出口氧含量偏高
2025-06-16 13:08:00,1,预警,焚烧炉出口氧含量偏高
2025-06-16 13:10:00,1,预警,焚烧炉出口氧含量偏高
2025-06-16 13:12:00,1,预警,焚烧炉出口氧含量偏高
2025-06-16 13:14:00,1,预警,焚烧炉出口氧含量偏高
2025-06-16 13:16:00,1,预警,焚烧炉出口氧含量偏高
2025-06-16 13:18:00,1,预警,焚烧炉出口氧含量偏高
2025-06-16 13:20:00,1,预警,焚烧炉出口氧含量偏高
2025-06-16 13:22:00,1,预警,焚烧炉出口氧含量偏高
2025-06-16 13:24:00,1,预警,焚烧炉出口氧含量偏高
2025-06-16 13:26:00,1,预警,焚烧炉出口氧含量偏高
2025-06-16 13:28:00,1,预警,焚烧炉出口氧含量偏高
2025-06-16 13:30:00,1,预警,焚烧炉出口氧含量偏高
2025-06-16 13:32:00,1,预警,焚烧炉出口氧含量偏高
2025-06-16 13:34:00,1,预警,焚烧炉出口氧含量偏高
2025-06-16 13:36:00,1,预警,焚烧炉出口氧含量偏高
2025-06-16 13:38:00,1,预警,焚烧炉出口氧含量偏高
2025-06-16 13:40:00,1,预警,焚烧炉出口氧含量偏高
2025-06-16 13:42:00,1,预警,焚烧炉出口氧含量偏高
2025-06-16 13:46:00,1,预警,焚烧炉出口氧含量偏高
2025-06-16 13:48:00,1,预警,焚烧炉出口氧含量偏高
2025-06-16 13:50:00,1,预警,焚烧炉出口氧含量偏高
2025-06-16 13:52:00,1,预警,焚烧炉出口氧含量偏高
2025-06-16 13:54:00,1,预警,焚烧炉出口氧含量偏高
2025-06-16 13:56:00,1,预警,焚烧炉出口氧含量偏高
2025-06-16 13:58:00,1,预警,焚烧炉出口氧含量偏高
2025-06-16 14:00:00,1,预警,焚烧炉出口氧含量偏高
2025-06-16 14:02:00,1,预警,焚烧炉出口氧含量偏高
2025-06-16 14:04:00,1,预警,焚烧炉出口氧含量偏高
2025-06-16 14:06:00,1,预警,焚烧炉出口氧含量偏高
2025-06-16 14:08:00,1,预警,焚烧炉出口氧含量偏高
2025-06-16 14:10:00,1,预警,焚烧炉出口氧含量偏高
2025-06-16 14:12:00,1,预警,焚烧炉出口氧含量偏高
2025-06-16 14:14:00,1,预警,焚烧炉出口氧含量偏高
2025-06-16 14:16:00,1,预警,焚烧炉出口氧含量偏高
2025-06-16 14:18:00,1,预警,焚烧炉出口氧含量偏高
2025-06-16 14:20:00,1,预警,焚烧炉出口氧含量偏高
2025-06-16 14:22:00,1,预警,焚烧炉出口氧含量偏高
2025-06-16 14:24:00,1,预警,焚烧炉出口氧含量偏高
2025-06-16 14:26:00,1,预警,焚烧炉出口氧含量偏高
2025-06-16 14:28:00,1,预警,焚烧炉出口氧含量偏高
2025-06-16 14:30:00,1,预警,焚烧炉出口氧含量偏高
2025-06-16 14:32:00,1,预警,焚烧炉出口氧含量偏高
2025-06-16 14:34:00,1,预警,焚烧炉出口氧含量偏高
2025-06-16 14:36:00,1,预警,焚烧炉出口氧含量偏高
2025-06-16 14:38:00,1,预警,焚烧炉出口氧含量偏高
2025-06-16 14:40:00,1,预警,焚烧炉出口氧含量偏高
2025-06-16 14:42:00,1,预警,焚烧炉出口氧含量偏高
2025-06-16 14:44:00,1,预警,焚烧炉出口氧含量偏高
2025-06-16 14:46:00,1,预警,焚烧炉出口氧含量偏高
2025-06-16 14:48:00,1,预警,焚烧炉出口氧含量偏高
2025-06-16 14:50:00,1,预警,焚烧炉出口氧含量偏高
2025-06-16 14:52:00,1,预警,焚烧炉出口氧含量偏高
2025-06-16 14:54:00,1,预警,焚烧炉出口氧含量偏高
2025-06-16 14:56:00,1,预警,焚烧炉出口氧含量偏高
2025-06-16 14:58:00,1,预警,焚烧炉出口氧含量偏高
2025-06-16 15:00:00,1,预警,焚烧炉出口氧含量偏高
2025-06-16 15:02:00,1,预警,焚烧炉出口氧含量偏高
2025-06-16 15:04:00,1,预警,焚烧炉出口氧含量偏高
2025-06-16 15:06:00,1,预警,焚烧炉出口氧含量偏高
2025-06-16 15:08:00,1,预警,焚烧炉出口氧含量偏高
2025-06-16 15:10:00,1,预警,焚烧炉出口氧含量偏高
2025-06-16 15:12:00,1,预警,焚烧炉出口氧含量偏高
2025-06-16 15:14:00,1,预警,焚烧炉出口氧含量偏高
2025-06-16 15:16:00,1,预警,焚烧炉出口氧含量偏高
2025-06-16 15:22:00,1,预警,焚烧炉出口氧含量偏高
2025-06-16 15:24:00,1,预警,焚烧炉出口氧含量偏高
2025-06-16 15:26:00,1,预警,焚烧炉出口氧含量偏高
2025-06-16 15:28:00,1,预警,焚烧炉出口氧含量偏高
2025-06-16 15:30:00,1,预警,焚烧炉出口氧含量偏高
2025-06-16 15:32:00,1,预警,焚烧炉出口氧含量偏高
2025-06-16 15:34:00,1,预警,焚烧炉出口氧含量偏高
2025-06-16 15:36:00,1,预警,焚烧炉出口氧含量偏高
2025-06-16 15:38:00,1,预警,焚烧炉出口氧含量偏高
2025-06-16 15:40:00,1,预警,焚烧炉出口氧含量偏高
2025-06-16 15:42:00,1,预警,焚烧炉出口氧含量偏高
2025-06-16 15:44:00,1,预警,焚烧炉出口氧含量偏高
2025-06-16 15:46:00,1,预警,焚烧炉出口氧含量偏高
2025-06-16 15:50:00,1,预警,焚烧炉出口氧含量偏高
2025-06-16 15:56:00,1,预警,焚烧炉出口氧含量偏高
2025-06-16 16:24:00,1,预警,焚烧炉出口氧含量偏高
2025-06-16 16:38:00,1,预警,焚烧炉出口氧含量偏高
2025-06-16 16:44:00,1,预警,焚烧炉出口氧含量偏高
2025-06-16 16:46:00,1,预警,焚烧炉出口氧含量偏高
2025-06-16 16:48:00,1,预警,焚烧炉出口氧含量偏高
2025-06-16 16:50:00,1,预警,焚烧炉出口氧含量偏高
2025-06-16 16:52:00,1,预警,焚烧炉出口氧含量偏高
2025-06-16 16:54:00,1,预警,焚烧炉出口氧含量偏高
2025-06-16 16:56:00,1,预警,焚烧炉出口氧含量偏高
2025-06-16 16:58:00,1,预警,焚烧炉出口氧含量偏高
2025-06-16 17:00:00,1,预警,焚烧炉出口氧含量偏高
2025-06-16 17:02:00,1,预警,焚烧炉出口氧含量偏高
2025-06-16 17:04:00,1,预警,焚烧炉出口氧含量偏高
2025-06-16 17:06:00,1,预警,焚烧炉出口氧含量偏高
2025-06-16 17:08:00,1,预警,焚烧炉出口氧含量偏高
2025-06-16 17:10:00,1,预警,焚烧炉出口氧含量偏高
2025-06-16 17:12:00,1,预警,焚烧炉出口氧含量偏高
2025-06-16 17:14:00,1,预警,焚烧炉出口氧含量偏高
2025-06-16 17:16:00,1,预警,焚烧炉出口氧含量偏高
2025-06-16 17:18:00,1,预警,焚烧炉出口氧含量偏高
2025-06-16 17:20:00,1,预警,焚烧炉出口氧含量偏高
2025-06-16 17:22:00,1,预警,焚烧炉出口氧含量偏高
2025-06-16 17:24:00,1,预警,焚烧炉出口氧含量偏高
2025-06-16 17:26:00,1,预警,焚烧炉出口氧含量偏高
2025-06-16 17:28:00,1,预警,焚烧炉出口氧含量偏高
2025-06-16 17:30:00,1,预警,焚烧炉出口氧含量偏高
2025-06-16 17:32:00,1,预警,焚烧炉出口氧含量偏高
2025-06-16 17:34:00,1,预警,焚烧炉出口氧含量偏高
2025-06-16 17:36:00,1,预警,焚烧炉出口氧含量偏高
2025-06-16 17:38:00,1,预警,焚烧炉出口氧含量偏高
2025-06-16 17:42:00,1,预警,焚烧炉出口氧含量偏高
2025-06-16 17:44:00,1,预警,焚烧炉出口氧含量偏高
2025-06-16 17:46:00,1,预警,焚烧炉出口氧含量偏高
2025-06-16 17:48:00,1,预警,焚烧炉出口氧含量偏高
2025-06-16 17:50:00,1,预警,焚烧炉出口氧含量偏高
2025-06-16 17:52:00,1,预警,焚烧炉出口氧含量偏高
2025-06-16 17:54:00,1,预警,焚烧炉出口氧含量偏高
2025-06-16 17:56:00,1,预警,焚烧炉出口氧含量偏高
2025-06-16 17:58:00,1,预警,焚烧炉出口氧含量偏高
2025-06-16 18:00:00,1,预警,焚烧炉出口氧含量偏高
2025-06-16 18:08:00,1,预警,焚烧炉出口氧含量偏高
2025-06-16 18:24:00,1,预警,焚烧炉出口氧含量偏高
2025-06-16 18:26:00,1,预警,焚烧炉出口氧含量偏高
2025-06-16 18:36:00,1,预警,焚烧炉出口氧含量偏高
2025-06-16 18:42:00,1,预警,焚烧炉出口氧含量偏高
2025-06-16 18:48:00,1,预警,焚烧炉出口氧含量偏高
2025-06-16 20:02:00,1,预警,焚烧炉出口氧含量偏高
2025-06-16 20:08:00,1,预警,焚烧炉出口氧含量偏高
2025-06-16 20:12:00,1,预警,焚烧炉出口氧含量偏高
2025-06-16 20:14:00,1,预警,焚烧炉出口氧含量偏高
2025-06-16 20:22:00,1,预警,焚烧炉出口氧含量偏高
2025-06-16 20:26:00,1,预警,焚烧炉出口氧含量偏高
2025-06-16 20:28:00,1,预警,焚烧炉出口氧含量偏高
2025-06-16 20:32:00,1,预警,焚烧炉出口氧含量偏高
2025-06-16 20:36:00,1,预警,焚烧炉出口氧含量偏高
2025-06-16 20:50:00,1,预警,焚烧炉出口氧含量偏高
2025-06-16 20:52:00,1,预警,焚烧炉出口氧含量偏高
2025-06-16 20:56:00,1,预警,焚烧炉出口氧含量偏高
2025-06-16 20:58:01,1,预警,焚烧炉出口氧含量偏高
2025-06-16 21:02:00,1,预警,焚烧炉出口氧含量偏高
2025-06-16 21:04:00,1,预警,焚烧炉出口氧含量偏高
2025-06-16 21:20:00,1,预警,焚烧炉出口氧含量偏高
2025-06-16 21:24:00,1,预警,焚烧炉出口氧含量偏高
2025-06-16 21:32:00,1,预警,焚烧炉出口氧含量偏高
2025-06-16 21:44:00,1,预警,焚烧炉出口氧含量偏高
2025-06-16 21:46:00,1,预警,焚烧炉出口氧含量偏高
2025-06-16 21:48:00,1,预警,焚烧炉出口氧含量偏高
2025-06-16 21:50:00,1,预警,焚烧炉出口氧含量偏高
2025-06-16 21:52:00,1,预警,焚烧炉出口氧含量偏高
2025-06-16 21:54:00,1,预警,焚烧炉出口氧含量偏高
2025-06-16 22:00:00,1,预警,焚烧炉出口氧含量偏高
2025-06-16 22:26:00,1,预警,焚烧炉出口氧含量偏高
2025-06-16 23:12:00,1,预警,焚烧炉出口氧含量偏高
2025-06-16 23:18:00,1,预警,焚烧炉出口氧含量偏高
2025-06-16 23:54:00,1,预警,焚烧炉出口氧含量偏高
2025-06-16 23:56:00,1,预警,焚烧炉出口氧含量偏高
