﻿时间,炉号,预警/报警类型,预警/报警事件
2025-06-17 00:12:00,1,预警,焚烧炉出口氧含量偏高
2025-06-17 00:14:00,1,预警,焚烧炉出口氧含量偏高
2025-06-17 00:16:00,1,预警,焚烧炉出口氧含量偏高
2025-06-17 00:18:00,1,预警,焚烧炉出口氧含量偏高
2025-06-17 00:20:00,1,预警,焚烧炉出口氧含量偏高
2025-06-17 00:22:00,1,预警,焚烧炉出口氧含量偏高
2025-06-17 00:24:00,1,预警,焚烧炉出口氧含量偏高
2025-06-17 00:26:00,1,预警,焚烧炉出口氧含量偏高
2025-06-17 00:28:00,1,预警,焚烧炉出口氧含量偏高
2025-06-17 00:30:00,1,预警,焚烧炉出口氧含量偏高
2025-06-17 00:32:00,1,预警,焚烧炉出口氧含量偏高
2025-06-17 00:34:00,1,预警,焚烧炉出口氧含量偏高
2025-06-17 00:36:00,1,预警,焚烧炉出口氧含量偏高
2025-06-17 00:38:00,1,预警,焚烧炉出口氧含量偏高
2025-06-17 02:58:00,1,预警,焚烧炉出口氧含量偏高
2025-06-17 04:28:00,1,预警,焚烧炉出口氧含量偏高
2025-06-17 04:30:00,1,预警,焚烧炉出口氧含量偏高
2025-06-17 04:36:00,1,预警,焚烧炉出口氧含量偏高
2025-06-17 04:42:00,1,预警,焚烧炉出口氧含量偏高
2025-06-17 04:52:00,1,预警,焚烧炉出口氧含量偏高
2025-06-17 04:54:00,1,预警,焚烧炉出口氧含量偏高
2025-06-17 04:56:00,1,预警,焚烧炉出口氧含量偏高
2025-06-17 04:58:00,1,预警,焚烧炉出口氧含量偏高
2025-06-17 05:00:00,1,预警,焚烧炉出口氧含量偏高
2025-06-17 05:02:00,1,预警,焚烧炉出口氧含量偏高
2025-06-17 05:04:00,1,预警,焚烧炉出口氧含量偏高
2025-06-17 05:06:00,1,预警,焚烧炉出口氧含量偏高
2025-06-17 05:08:00,1,预警,焚烧炉出口氧含量偏高
2025-06-17 05:10:00,1,预警,焚烧炉出口氧含量偏高
2025-06-17 05:12:00,1,预警,焚烧炉出口氧含量偏高
2025-06-17 05:14:00,1,预警,焚烧炉出口氧含量偏高
2025-06-17 05:16:00,1,预警,焚烧炉出口氧含量偏高
2025-06-17 05:18:00,1,预警,焚烧炉出口氧含量偏高
2025-06-17 05:20:00,1,预警,焚烧炉出口氧含量偏高
2025-06-17 05:24:00,1,预警,焚烧炉出口氧含量偏高
2025-06-17 05:26:00,1,预警,焚烧炉出口氧含量偏高
2025-06-17 05:28:00,1,预警,焚烧炉出口氧含量偏高
2025-06-17 05:32:00,1,预警,焚烧炉出口氧含量偏高
2025-06-17 05:36:00,1,预警,焚烧炉出口氧含量偏高
2025-06-17 05:38:00,1,预警,焚烧炉出口氧含量偏高
2025-06-17 05:42:00,1,预警,焚烧炉出口氧含量偏高
2025-06-17 05:44:00,1,预警,焚烧炉出口氧含量偏高
2025-06-17 07:24:00,1,预警,焚烧炉出口氧含量偏高
2025-06-17 07:32:00,1,预警,焚烧炉出口氧含量偏高
2025-06-17 07:40:00,1,预警,焚烧炉出口氧含量偏高
2025-06-17 07:42:00,1,预警,焚烧炉出口氧含量偏高
2025-06-17 07:44:00,1,预警,焚烧炉出口氧含量偏高
2025-06-17 07:46:00,1,预警,焚烧炉出口氧含量偏高
2025-06-17 07:48:00,1,预警,焚烧炉出口氧含量偏高
2025-06-17 07:50:00,1,预警,焚烧炉出口氧含量偏高
2025-06-17 07:52:00,1,预警,焚烧炉出口氧含量偏高
2025-06-17 07:54:00,1,预警,焚烧炉出口氧含量偏高
2025-06-17 07:56:00,1,预警,焚烧炉出口氧含量偏高
2025-06-17 07:58:00,1,预警,焚烧炉出口氧含量偏高
2025-06-17 08:00:00,1,预警,焚烧炉出口氧含量偏高
2025-06-17 08:02:00,1,预警,焚烧炉出口氧含量偏高
2025-06-17 08:10:00,1,预警,焚烧炉出口氧含量偏高
2025-06-17 08:12:00,1,预警,焚烧炉出口氧含量偏高
2025-06-17 08:18:00,1,预警,焚烧炉出口氧含量偏高
2025-06-17 08:20:00,1,预警,焚烧炉出口氧含量偏高
2025-06-17 08:22:00,1,预警,焚烧炉出口氧含量偏高
2025-06-17 08:24:00,1,预警,焚烧炉出口氧含量偏高
2025-06-17 08:26:00,1,预警,焚烧炉出口氧含量偏高
2025-06-17 08:28:00,1,预警,焚烧炉出口氧含量偏高
2025-06-17 08:30:00,1,预警,焚烧炉出口氧含量偏高
2025-06-17 08:34:00,1,预警,焚烧炉出口氧含量偏高
2025-06-17 08:40:00,1,预警,焚烧炉出口氧含量偏高
2025-06-17 08:42:00,1,预警,焚烧炉出口氧含量偏高
2025-06-17 08:44:00,1,预警,焚烧炉出口氧含量偏高
2025-06-17 08:46:00,1,预警,焚烧炉出口氧含量偏高
2025-06-17 08:48:00,1,预警,焚烧炉出口氧含量偏高
2025-06-17 08:50:00,1,预警,焚烧炉出口氧含量偏高
2025-06-17 08:52:00,1,预警,焚烧炉出口氧含量偏高
2025-06-17 08:54:00,1,预警,焚烧炉出口氧含量偏高
2025-06-17 08:56:00,1,预警,焚烧炉出口氧含量偏高
2025-06-17 08:58:00,1,预警,焚烧炉出口氧含量偏高
2025-06-17 09:00:00,1,预警,焚烧炉出口氧含量偏高
2025-06-17 09:02:00,1,预警,焚烧炉出口氧含量偏高
2025-06-17 09:04:00,1,预警,焚烧炉出口氧含量偏高
2025-06-17 09:06:00,1,预警,焚烧炉出口氧含量偏高
2025-06-17 09:08:00,1,预警,焚烧炉出口氧含量偏高
2025-06-17 09:10:00,1,预警,焚烧炉出口氧含量偏高
2025-06-17 09:12:00,1,预警,焚烧炉出口氧含量偏高
2025-06-17 09:14:00,1,预警,焚烧炉出口氧含量偏高
2025-06-17 09:16:00,1,预警,焚烧炉出口氧含量偏高
2025-06-17 09:18:00,1,预警,焚烧炉出口氧含量偏高
2025-06-17 09:20:00,1,预警,焚烧炉出口氧含量偏高
2025-06-17 09:22:00,1,预警,焚烧炉出口氧含量偏高
2025-06-17 09:24:00,1,预警,焚烧炉出口氧含量偏高
2025-06-17 09:26:00,1,预警,焚烧炉出口氧含量偏高
2025-06-17 09:28:00,1,预警,焚烧炉出口氧含量偏高
2025-06-17 09:30:00,1,预警,焚烧炉出口氧含量偏高
2025-06-17 09:32:00,1,预警,焚烧炉出口氧含量偏高
2025-06-17 09:34:00,1,预警,焚烧炉出口氧含量偏高
2025-06-17 09:50:00,1,预警,焚烧炉出口氧含量偏高
2025-06-17 10:50:00,1,预警,焚烧炉出口氧含量偏高
2025-06-17 10:54:00,1,预警,焚烧炉出口氧含量偏高
2025-06-17 11:00:00,1,预警,焚烧炉出口氧含量偏高
2025-06-17 12:00:00,1,预警,焚烧炉出口氧含量偏高
2025-06-17 12:02:00,1,预警,焚烧炉出口氧含量偏高
2025-06-17 12:04:00,1,预警,焚烧炉出口氧含量偏高
2025-06-17 12:28:00,1,预警,焚烧炉出口氧含量偏高
2025-06-17 12:38:00,1,预警,焚烧炉出口氧含量偏高
2025-06-17 12:40:00,1,预警,焚烧炉出口氧含量偏高
2025-06-17 12:46:00,1,预警,焚烧炉出口氧含量偏高
2025-06-17 13:32:00,1,预警,焚烧炉出口氧含量偏高
2025-06-17 13:34:00,1,预警,焚烧炉出口氧含量偏高
2025-06-17 13:36:00,1,预警,焚烧炉出口氧含量偏高
2025-06-17 13:38:00,1,预警,焚烧炉出口氧含量偏高
2025-06-17 13:40:00,1,预警,焚烧炉出口氧含量偏高
2025-06-17 13:42:00,1,预警,焚烧炉出口氧含量偏高
2025-06-17 13:44:00,1,预警,焚烧炉出口氧含量偏高
2025-06-17 13:46:00,1,预警,焚烧炉出口氧含量偏高
2025-06-17 13:48:00,1,预警,焚烧炉出口氧含量偏高
2025-06-17 13:50:00,1,预警,焚烧炉出口氧含量偏高
2025-06-17 13:52:00,1,预警,焚烧炉出口氧含量偏高
2025-06-17 13:54:00,1,预警,焚烧炉出口氧含量偏高
2025-06-17 13:56:00,1,预警,焚烧炉出口氧含量偏高
2025-06-17 13:58:00,1,预警,焚烧炉出口氧含量偏高
2025-06-17 14:00:00,1,预警,焚烧炉出口氧含量偏高
2025-06-17 14:32:00,1,预警,焚烧炉出口氧含量偏高
2025-06-17 14:34:00,1,预警,焚烧炉出口氧含量偏高
2025-06-17 14:36:00,1,预警,焚烧炉出口氧含量偏高
2025-06-17 14:44:00,1,预警,焚烧炉出口氧含量偏高
2025-06-17 16:30:00,1,预警,焚烧炉出口氧含量偏高
2025-06-17 16:34:00,1,预警,焚烧炉出口氧含量偏高
2025-06-17 16:38:00,1,预警,焚烧炉出口氧含量偏高
2025-06-17 16:40:00,1,预警,焚烧炉出口氧含量偏高
2025-06-17 16:42:00,1,预警,焚烧炉出口氧含量偏高
2025-06-17 16:44:00,1,预警,焚烧炉出口氧含量偏高
2025-06-17 16:46:00,1,预警,焚烧炉出口氧含量偏高
2025-06-17 16:48:00,1,预警,焚烧炉出口氧含量偏高
2025-06-17 16:50:00,1,预警,焚烧炉出口氧含量偏高
2025-06-17 16:52:00,1,预警,焚烧炉出口氧含量偏高
2025-06-17 16:54:00,1,预警,焚烧炉出口氧含量偏高
2025-06-17 16:56:00,1,预警,焚烧炉出口氧含量偏高
2025-06-17 16:58:00,1,预警,焚烧炉出口氧含量偏高
2025-06-17 17:00:00,1,预警,焚烧炉出口氧含量偏高
2025-06-17 17:02:00,1,预警,焚烧炉出口氧含量偏高
2025-06-17 17:04:00,1,预警,焚烧炉出口氧含量偏高
2025-06-17 17:14:00,1,预警,焚烧炉出口氧含量偏高
2025-06-17 17:16:00,1,预警,焚烧炉出口氧含量偏高
2025-06-17 17:18:00,1,预警,焚烧炉出口氧含量偏高
2025-06-17 17:20:00,1,预警,焚烧炉出口氧含量偏高
2025-06-17 17:22:00,1,预警,焚烧炉出口氧含量偏高
2025-06-17 17:34:00,1,预警,焚烧炉出口氧含量偏高
2025-06-17 17:36:00,1,预警,焚烧炉出口氧含量偏高
2025-06-17 17:38:00,1,预警,焚烧炉出口氧含量偏高
2025-06-17 17:40:00,1,预警,焚烧炉出口氧含量偏高
2025-06-17 17:42:00,1,预警,焚烧炉出口氧含量偏高
2025-06-17 17:44:00,1,预警,焚烧炉出口氧含量偏高
2025-06-17 17:46:00,1,预警,焚烧炉出口氧含量偏高
2025-06-17 17:48:00,1,预警,焚烧炉出口氧含量偏高
2025-06-17 17:50:00,1,预警,焚烧炉出口氧含量偏高
2025-06-17 17:52:00,1,预警,焚烧炉出口氧含量偏高
2025-06-17 17:54:00,1,预警,焚烧炉出口氧含量偏高
2025-06-17 17:56:00,1,预警,焚烧炉出口氧含量偏高
2025-06-17 17:58:00,1,预警,焚烧炉出口氧含量偏高
2025-06-17 18:00:00,1,预警,焚烧炉出口氧含量偏高
2025-06-17 18:02:00,1,预警,焚烧炉出口氧含量偏高
2025-06-17 18:04:00,1,预警,焚烧炉出口氧含量偏高
2025-06-17 18:06:00,1,预警,焚烧炉出口氧含量偏高
2025-06-17 18:08:00,1,预警,焚烧炉出口氧含量偏高
2025-06-17 18:10:00,1,预警,焚烧炉出口氧含量偏高
2025-06-17 18:12:00,1,预警,焚烧炉出口氧含量偏高
2025-06-17 18:14:00,1,预警,焚烧炉出口氧含量偏高
2025-06-17 18:16:01,1,预警,焚烧炉出口氧含量偏高
2025-06-17 18:22:00,1,预警,焚烧炉出口氧含量偏高
2025-06-17 18:26:00,1,预警,焚烧炉出口氧含量偏高
2025-06-17 18:28:00,1,预警,焚烧炉出口氧含量偏高
2025-06-17 18:30:00,1,预警,焚烧炉出口氧含量偏高
2025-06-17 18:38:00,1,预警,焚烧炉出口氧含量偏高
2025-06-17 18:40:00,1,预警,焚烧炉出口氧含量偏高
2025-06-17 18:42:00,1,预警,焚烧炉出口氧含量偏高
2025-06-17 18:44:00,1,预警,焚烧炉出口氧含量偏高
2025-06-17 18:46:00,1,预警,焚烧炉出口氧含量偏高
2025-06-17 19:00:00,1,预警,焚烧炉出口氧含量偏高
2025-06-17 19:04:00,1,预警,焚烧炉出口氧含量偏高
2025-06-17 19:06:00,1,预警,焚烧炉出口氧含量偏高
2025-06-17 19:08:00,1,预警,焚烧炉出口氧含量偏高
2025-06-17 19:10:00,1,预警,焚烧炉出口氧含量偏高
2025-06-17 19:14:00,1,预警,焚烧炉出口氧含量偏高
2025-06-17 19:18:00,1,预警,焚烧炉出口氧含量偏高
2025-06-17 19:22:00,1,预警,焚烧炉出口氧含量偏高
2025-06-17 19:24:00,1,预警,焚烧炉出口氧含量偏高
2025-06-17 19:26:00,1,预警,焚烧炉出口氧含量偏高
2025-06-17 19:28:00,1,预警,焚烧炉出口氧含量偏高
2025-06-17 19:30:00,1,预警,焚烧炉出口氧含量偏高
2025-06-17 19:32:00,1,预警,焚烧炉出口氧含量偏高
2025-06-17 19:34:00,1,预警,焚烧炉出口氧含量偏高
2025-06-17 19:36:00,1,预警,焚烧炉出口氧含量偏高
2025-06-17 19:38:00,1,预警,焚烧炉出口氧含量偏高
2025-06-17 19:40:00,1,预警,焚烧炉出口氧含量偏高
2025-06-17 19:42:00,1,预警,焚烧炉出口氧含量偏高
2025-06-17 19:50:00,1,预警,焚烧炉出口氧含量偏高
2025-06-17 19:52:00,1,预警,焚烧炉出口氧含量偏高
2025-06-17 19:54:00,1,预警,焚烧炉出口氧含量偏高
2025-06-17 19:56:00,1,预警,焚烧炉出口氧含量偏高
2025-06-17 19:58:00,1,预警,焚烧炉出口氧含量偏高
2025-06-17 20:00:00,1,预警,焚烧炉出口氧含量偏高
2025-06-17 20:04:00,1,预警,焚烧炉出口氧含量偏高
2025-06-17 20:08:00,1,预警,焚烧炉出口氧含量偏高
2025-06-17 20:12:00,1,预警,焚烧炉出口氧含量偏高
2025-06-17 20:14:00,1,预警,焚烧炉出口氧含量偏高
2025-06-17 20:16:00,1,预警,焚烧炉出口氧含量偏高
2025-06-17 20:18:00,1,预警,焚烧炉出口氧含量偏高
2025-06-17 20:20:00,1,预警,焚烧炉出口氧含量偏高
2025-06-17 20:22:00,1,预警,焚烧炉出口氧含量偏高
2025-06-17 20:24:00,1,预警,焚烧炉出口氧含量偏高
2025-06-17 20:26:00,1,预警,焚烧炉出口氧含量偏高
2025-06-17 20:28:00,1,预警,焚烧炉出口氧含量偏高
2025-06-17 20:30:00,1,预警,焚烧炉出口氧含量偏高
2025-06-17 20:32:00,1,预警,焚烧炉出口氧含量偏高
2025-06-17 20:34:00,1,预警,焚烧炉出口氧含量偏高
2025-06-17 20:36:00,1,预警,焚烧炉出口氧含量偏高
2025-06-17 20:38:00,1,预警,焚烧炉出口氧含量偏高
2025-06-17 20:42:00,1,预警,焚烧炉出口氧含量偏高
2025-06-17 20:44:00,1,预警,焚烧炉出口氧含量偏高
2025-06-17 20:52:00,1,预警,焚烧炉出口氧含量偏高
2025-06-17 20:56:00,1,预警,焚烧炉出口氧含量偏高
2025-06-17 20:58:00,1,预警,焚烧炉出口氧含量偏高
2025-06-17 21:00:00,1,预警,焚烧炉出口氧含量偏高
2025-06-17 21:02:00,1,预警,焚烧炉出口氧含量偏高
2025-06-17 21:04:00,1,预警,焚烧炉出口氧含量偏高
2025-06-17 21:10:00,1,预警,焚烧炉出口氧含量偏高
2025-06-17 21:12:00,1,预警,焚烧炉出口氧含量偏高
2025-06-17 21:18:00,1,预警,焚烧炉出口氧含量偏高
2025-06-17 22:14:00,1,预警,焚烧炉出口氧含量偏高
2025-06-17 22:16:00,1,预警,焚烧炉出口氧含量偏高
2025-06-17 22:18:00,1,预警,焚烧炉出口氧含量偏高
2025-06-17 22:24:00,1,预警,焚烧炉出口氧含量偏高
2025-06-17 22:26:00,1,预警,焚烧炉出口氧含量偏高
2025-06-17 22:28:00,1,预警,焚烧炉出口氧含量偏高
2025-06-17 22:30:00,1,预警,焚烧炉出口氧含量偏高
2025-06-17 22:32:00,1,预警,焚烧炉出口氧含量偏高
2025-06-17 22:34:00,1,预警,焚烧炉出口氧含量偏高
2025-06-17 22:36:00,1,预警,焚烧炉出口氧含量偏高
2025-06-17 22:40:00,1,预警,焚烧炉出口氧含量偏高
2025-06-17 22:42:00,1,预警,焚烧炉出口氧含量偏高
2025-06-17 22:44:00,1,预警,焚烧炉出口氧含量偏高
2025-06-17 22:46:00,1,预警,焚烧炉出口氧含量偏高
2025-06-17 22:48:00,1,预警,焚烧炉出口氧含量偏高
2025-06-17 22:50:00,1,预警,焚烧炉出口氧含量偏高
2025-06-17 22:52:00,1,预警,焚烧炉出口氧含量偏高
2025-06-17 22:54:00,1,预警,焚烧炉出口氧含量偏高
2025-06-17 22:56:00,1,预警,焚烧炉出口氧含量偏高
2025-06-17 22:58:00,1,预警,焚烧炉出口氧含量偏高
2025-06-17 23:00:00,1,预警,焚烧炉出口氧含量偏高
2025-06-17 23:02:00,1,预警,焚烧炉出口氧含量偏高
2025-06-17 23:04:00,1,预警,焚烧炉出口氧含量偏高
2025-06-17 23:06:00,1,预警,焚烧炉出口氧含量偏高
2025-06-17 23:08:00,1,预警,焚烧炉出口氧含量偏高
2025-06-17 23:10:00,1,预警,焚烧炉出口氧含量偏高
2025-06-17 23:12:00,1,预警,焚烧炉出口氧含量偏高
2025-06-17 23:14:00,1,预警,焚烧炉出口氧含量偏高
2025-06-17 23:16:00,1,预警,焚烧炉出口氧含量偏高
2025-06-17 23:18:00,1,预警,焚烧炉出口氧含量偏高
2025-06-17 23:20:00,1,预警,焚烧炉出口氧含量偏高
2025-06-17 23:22:00,1,预警,焚烧炉出口氧含量偏高
2025-06-17 23:24:00,1,预警,焚烧炉出口氧含量偏高
2025-06-17 23:26:00,1,预警,焚烧炉出口氧含量偏高
2025-06-17 23:28:00,1,预警,焚烧炉出口氧含量偏高
2025-06-17 23:36:00,1,预警,焚烧炉出口氧含量偏高
2025-06-17 23:38:00,1,预警,焚烧炉出口氧含量偏高
2025-06-17 23:40:00,1,预警,焚烧炉出口氧含量偏高
2025-06-17 23:42:00,1,预警,焚烧炉出口氧含量偏高
2025-06-17 23:44:00,1,预警,焚烧炉出口氧含量偏高
2025-06-17 23:46:00,1,预警,焚烧炉出口氧含量偏高
2025-06-17 23:48:00,1,预警,焚烧炉出口氧含量偏高
2025-06-17 23:50:00,1,预警,焚烧炉出口氧含量偏高
2025-06-17 23:52:00,1,预警,焚烧炉出口氧含量偏高
2025-06-17 23:54:00,1,预警,焚烧炉出口氧含量偏高
2025-06-17 23:56:00,1,预警,焚烧炉出口氧含量偏高
2025-06-17 23:58:00,1,预警,焚烧炉出口氧含量偏高
