﻿时间,炉号,预警/报警类型,预警/报警事件
2025-06-19 00:14:00,1,预警,焚烧炉出口氧含量偏高
2025-06-19 00:16:00,1,预警,焚烧炉出口氧含量偏高
2025-06-19 00:18:00,1,预警,焚烧炉出口氧含量偏高
2025-06-19 00:20:00,1,预警,焚烧炉出口氧含量偏高
2025-06-19 00:22:00,1,预警,焚烧炉出口氧含量偏高
2025-06-19 00:28:00,1,预警,焚烧炉出口氧含量偏高
2025-06-19 00:30:00,1,预警,焚烧炉出口氧含量偏高
2025-06-19 00:32:00,1,预警,焚烧炉出口氧含量偏高
2025-06-19 00:34:00,1,预警,焚烧炉出口氧含量偏高
2025-06-19 00:36:00,1,预警,焚烧炉出口氧含量偏高
2025-06-19 00:38:00,1,预警,焚烧炉出口氧含量偏高
2025-06-19 00:40:00,1,预警,焚烧炉出口氧含量偏高
2025-06-19 00:42:00,1,预警,焚烧炉出口氧含量偏高
2025-06-19 00:50:00,1,预警,焚烧炉出口氧含量偏高
2025-06-19 00:52:00,1,预警,焚烧炉出口氧含量偏高
2025-06-19 00:54:00,1,预警,焚烧炉出口氧含量偏高
2025-06-19 00:58:00,1,预警,焚烧炉出口氧含量偏高
2025-06-19 01:02:00,1,预警,焚烧炉出口氧含量偏高
2025-06-19 01:04:00,1,预警,焚烧炉出口氧含量偏高
2025-06-19 01:06:00,1,预警,焚烧炉出口氧含量偏高
2025-06-19 01:08:00,1,预警,焚烧炉出口氧含量偏高
2025-06-19 01:10:00,1,预警,焚烧炉出口氧含量偏高
2025-06-19 01:12:00,1,预警,焚烧炉出口氧含量偏高
2025-06-19 01:14:00,1,预警,焚烧炉出口氧含量偏高
2025-06-19 01:16:00,1,预警,焚烧炉出口氧含量偏高
2025-06-19 01:18:00,1,预警,焚烧炉出口氧含量偏高
2025-06-19 01:20:00,1,预警,焚烧炉出口氧含量偏高
2025-06-19 01:22:00,1,预警,焚烧炉出口氧含量偏高
2025-06-19 01:24:00,1,预警,焚烧炉出口氧含量偏高
2025-06-19 01:26:00,1,预警,焚烧炉出口氧含量偏高
2025-06-19 01:28:00,1,预警,焚烧炉出口氧含量偏高
2025-06-19 01:30:00,1,预警,焚烧炉出口氧含量偏高
2025-06-19 01:32:00,1,预警,焚烧炉出口氧含量偏高
2025-06-19 01:34:00,1,预警,焚烧炉出口氧含量偏高
2025-06-19 01:36:00,1,预警,焚烧炉出口氧含量偏高
2025-06-19 01:38:00,1,预警,焚烧炉出口氧含量偏高
2025-06-19 01:40:00,1,预警,焚烧炉出口氧含量偏高
2025-06-19 01:42:00,1,预警,焚烧炉出口氧含量偏高
2025-06-19 01:44:00,1,预警,焚烧炉出口氧含量偏高
2025-06-19 01:48:00,1,预警,焚烧炉出口氧含量偏高
2025-06-19 01:52:00,1,预警,焚烧炉出口氧含量偏高
2025-06-19 01:54:00,1,预警,焚烧炉出口氧含量偏高
2025-06-19 01:56:00,1,预警,焚烧炉出口氧含量偏高
2025-06-19 01:58:00,1,预警,焚烧炉出口氧含量偏高
2025-06-19 02:00:00,1,预警,焚烧炉出口氧含量偏高
2025-06-19 02:02:00,1,预警,焚烧炉出口氧含量偏高
2025-06-19 02:04:00,1,预警,焚烧炉出口氧含量偏高
2025-06-19 02:06:00,1,预警,焚烧炉出口氧含量偏高
2025-06-19 02:08:00,1,预警,焚烧炉出口氧含量偏高
2025-06-19 02:10:00,1,预警,焚烧炉出口氧含量偏高
2025-06-19 02:12:00,1,预警,焚烧炉出口氧含量偏高
2025-06-19 02:16:00,1,预警,焚烧炉出口氧含量偏高
2025-06-19 02:18:00,1,预警,焚烧炉出口氧含量偏高
2025-06-19 02:20:00,1,预警,焚烧炉出口氧含量偏高
2025-06-19 02:22:00,1,预警,焚烧炉出口氧含量偏高
2025-06-19 02:24:00,1,预警,焚烧炉出口氧含量偏高
2025-06-19 02:26:00,1,预警,焚烧炉出口氧含量偏高
2025-06-19 02:30:00,1,预警,焚烧炉出口氧含量偏高
2025-06-19 02:32:00,1,预警,焚烧炉出口氧含量偏高
2025-06-19 02:42:00,1,预警,焚烧炉出口氧含量偏高
2025-06-19 02:44:00,1,预警,焚烧炉出口氧含量偏高
2025-06-19 02:46:00,1,预警,焚烧炉出口氧含量偏高
2025-06-19 02:48:00,1,预警,焚烧炉出口氧含量偏高
2025-06-19 02:50:00,1,预警,焚烧炉出口氧含量偏高
2025-06-19 02:52:00,1,预警,焚烧炉出口氧含量偏高
2025-06-19 02:54:00,1,预警,焚烧炉出口氧含量偏高
2025-06-19 02:56:00,1,预警,焚烧炉出口氧含量偏高
2025-06-19 02:58:00,1,预警,焚烧炉出口氧含量偏高
2025-06-19 03:00:00,1,预警,焚烧炉出口氧含量偏高
2025-06-19 03:02:00,1,预警,焚烧炉出口氧含量偏高
2025-06-19 03:06:00,1,预警,焚烧炉出口氧含量偏高
2025-06-19 03:08:00,1,预警,焚烧炉出口氧含量偏高
2025-06-19 03:10:00,1,预警,焚烧炉出口氧含量偏高
2025-06-19 03:12:00,1,预警,焚烧炉出口氧含量偏高
2025-06-19 03:14:00,1,预警,焚烧炉出口氧含量偏高
2025-06-19 03:16:00,1,预警,焚烧炉出口氧含量偏高
2025-06-19 03:18:00,1,预警,焚烧炉出口氧含量偏高
2025-06-19 03:20:00,1,预警,焚烧炉出口氧含量偏高
2025-06-19 03:22:00,1,预警,焚烧炉出口氧含量偏高
2025-06-19 03:24:00,1,预警,焚烧炉出口氧含量偏高
2025-06-19 03:26:00,1,预警,焚烧炉出口氧含量偏高
2025-06-19 03:28:00,1,预警,焚烧炉出口氧含量偏高
2025-06-19 03:30:00,1,预警,焚烧炉出口氧含量偏高
2025-06-19 03:32:00,1,预警,焚烧炉出口氧含量偏高
2025-06-19 03:34:00,1,预警,焚烧炉出口氧含量偏高
2025-06-19 03:36:00,1,预警,焚烧炉出口氧含量偏高
2025-06-19 03:38:00,1,预警,焚烧炉出口氧含量偏高
2025-06-19 03:40:00,1,预警,焚烧炉出口氧含量偏高
2025-06-19 03:42:00,1,预警,焚烧炉出口氧含量偏高
2025-06-19 03:44:00,1,预警,焚烧炉出口氧含量偏高
2025-06-19 03:46:00,1,预警,焚烧炉出口氧含量偏高
2025-06-19 03:48:00,1,预警,焚烧炉出口氧含量偏高
2025-06-19 03:50:00,1,预警,焚烧炉出口氧含量偏高
2025-06-19 03:52:00,1,预警,焚烧炉出口氧含量偏高
2025-06-19 03:54:00,1,预警,焚烧炉出口氧含量偏高
2025-06-19 04:04:00,1,预警,焚烧炉出口氧含量偏高
2025-06-19 04:06:00,1,预警,焚烧炉出口氧含量偏高
2025-06-19 04:08:00,1,预警,焚烧炉出口氧含量偏高
2025-06-19 04:10:00,1,预警,焚烧炉出口氧含量偏高
2025-06-19 04:16:00,1,预警,焚烧炉出口氧含量偏高
2025-06-19 04:24:00,1,预警,焚烧炉出口氧含量偏高
2025-06-19 04:42:00,1,预警,焚烧炉出口氧含量偏高
2025-06-19 04:44:00,1,预警,焚烧炉出口氧含量偏高
2025-06-19 05:28:00,1,预警,焚烧炉出口氧含量偏高
2025-06-19 05:30:00,1,预警,焚烧炉出口氧含量偏高
2025-06-19 05:32:00,1,预警,焚烧炉出口氧含量偏高
2025-06-19 05:34:00,1,预警,焚烧炉出口氧含量偏高
2025-06-19 05:40:00,1,预警,焚烧炉出口氧含量偏高
2025-06-19 05:42:00,1,预警,焚烧炉出口氧含量偏高
2025-06-19 05:44:00,1,预警,焚烧炉出口氧含量偏高
2025-06-19 05:46:00,1,预警,焚烧炉出口氧含量偏高
2025-06-19 05:48:00,1,预警,焚烧炉出口氧含量偏高
2025-06-19 05:50:00,1,预警,焚烧炉出口氧含量偏高
2025-06-19 05:52:00,1,预警,焚烧炉出口氧含量偏高
2025-06-19 05:54:00,1,预警,焚烧炉出口氧含量偏高
2025-06-19 05:56:00,1,预警,焚烧炉出口氧含量偏高
2025-06-19 05:58:00,1,预警,焚烧炉出口氧含量偏高
2025-06-19 06:00:00,1,预警,焚烧炉出口氧含量偏高
2025-06-19 06:02:00,1,预警,焚烧炉出口氧含量偏高
2025-06-19 06:34:00,1,预警,焚烧炉出口氧含量偏高
2025-06-19 06:36:00,1,预警,焚烧炉出口氧含量偏高
2025-06-19 06:40:00,1,预警,焚烧炉出口氧含量偏高
2025-06-19 06:42:00,1,预警,焚烧炉出口氧含量偏高
2025-06-19 06:44:00,1,预警,焚烧炉出口氧含量偏高
2025-06-19 06:46:00,1,预警,焚烧炉出口氧含量偏高
2025-06-19 06:48:00,1,预警,焚烧炉出口氧含量偏高
2025-06-19 06:50:00,1,预警,焚烧炉出口氧含量偏高
2025-06-19 06:52:00,1,预警,焚烧炉出口氧含量偏高
2025-06-19 06:54:00,1,预警,焚烧炉出口氧含量偏高
2025-06-19 06:56:00,1,预警,焚烧炉出口氧含量偏高
2025-06-19 06:58:00,1,预警,焚烧炉出口氧含量偏高
2025-06-19 07:00:00,1,预警,焚烧炉出口氧含量偏高
2025-06-19 07:02:00,1,预警,焚烧炉出口氧含量偏高
2025-06-19 07:04:00,1,预警,焚烧炉出口氧含量偏高
2025-06-19 07:06:00,1,预警,焚烧炉出口氧含量偏高
2025-06-19 07:08:00,1,预警,焚烧炉出口氧含量偏高
2025-06-19 07:10:00,1,预警,焚烧炉出口氧含量偏高
2025-06-19 07:12:00,1,预警,焚烧炉出口氧含量偏高
2025-06-19 07:14:00,1,预警,焚烧炉出口氧含量偏高
2025-06-19 07:16:00,1,预警,焚烧炉出口氧含量偏高
2025-06-19 07:18:00,1,预警,焚烧炉出口氧含量偏高
2025-06-19 07:22:00,1,预警,焚烧炉出口氧含量偏高
2025-06-19 07:24:00,1,预警,焚烧炉出口氧含量偏高
2025-06-19 07:28:00,1,预警,焚烧炉出口氧含量偏高
2025-06-19 07:30:00,1,预警,焚烧炉出口氧含量偏高
2025-06-19 07:32:00,1,预警,焚烧炉出口氧含量偏高
2025-06-19 07:34:00,1,预警,焚烧炉出口氧含量偏高
2025-06-19 07:36:00,1,预警,焚烧炉出口氧含量偏高
2025-06-19 07:38:00,1,预警,焚烧炉出口氧含量偏高
2025-06-19 07:42:00,1,预警,焚烧炉出口氧含量偏高
2025-06-19 07:44:00,1,预警,焚烧炉出口氧含量偏高
2025-06-19 07:46:00,1,预警,焚烧炉出口氧含量偏高
2025-06-19 07:48:00,1,预警,焚烧炉出口氧含量偏高
2025-06-19 07:50:00,1,预警,焚烧炉出口氧含量偏高
2025-06-19 07:52:00,1,预警,焚烧炉出口氧含量偏高
2025-06-19 07:54:00,1,预警,焚烧炉出口氧含量偏高
2025-06-19 07:56:00,1,预警,焚烧炉出口氧含量偏高
2025-06-19 07:58:00,1,预警,焚烧炉出口氧含量偏高
2025-06-19 08:00:00,1,预警,焚烧炉出口氧含量偏高
2025-06-19 08:02:00,1,预警,焚烧炉出口氧含量偏高
2025-06-19 08:04:00,1,预警,焚烧炉出口氧含量偏高
2025-06-19 08:06:00,1,预警,焚烧炉出口氧含量偏高
2025-06-19 08:08:00,1,预警,焚烧炉出口氧含量偏高
2025-06-19 08:10:00,1,预警,焚烧炉出口氧含量偏高
2025-06-19 08:12:00,1,预警,焚烧炉出口氧含量偏高
2025-06-19 08:14:00,1,预警,焚烧炉出口氧含量偏高
2025-06-19 08:16:00,1,预警,焚烧炉出口氧含量偏高
2025-06-19 08:18:00,1,预警,焚烧炉出口氧含量偏高
2025-06-19 08:20:00,1,预警,焚烧炉出口氧含量偏高
2025-06-19 08:22:00,1,预警,焚烧炉出口氧含量偏高
2025-06-19 08:24:00,1,预警,焚烧炉出口氧含量偏高
2025-06-19 08:26:00,1,预警,焚烧炉出口氧含量偏高
2025-06-19 08:28:00,1,预警,焚烧炉出口氧含量偏高
2025-06-19 08:30:00,1,预警,焚烧炉出口氧含量偏高
2025-06-19 08:32:00,1,预警,焚烧炉出口氧含量偏高
2025-06-19 08:34:00,1,预警,焚烧炉出口氧含量偏高
2025-06-19 08:36:00,1,预警,焚烧炉出口氧含量偏高
2025-06-19 08:38:00,1,预警,焚烧炉出口氧含量偏高
2025-06-19 08:40:00,1,预警,焚烧炉出口氧含量偏高
2025-06-19 08:42:00,1,预警,焚烧炉出口氧含量偏高
2025-06-19 08:44:00,1,预警,焚烧炉出口氧含量偏高
2025-06-19 08:46:00,1,预警,焚烧炉出口氧含量偏高
2025-06-19 08:48:00,1,预警,焚烧炉出口氧含量偏高
2025-06-19 08:50:00,1,预警,焚烧炉出口氧含量偏高
2025-06-19 08:52:00,1,预警,焚烧炉出口氧含量偏高
2025-06-19 08:54:00,1,预警,焚烧炉出口氧含量偏高
2025-06-19 08:56:00,1,预警,焚烧炉出口氧含量偏高
2025-06-19 08:58:00,1,预警,焚烧炉出口氧含量偏高
2025-06-19 09:00:00,1,预警,焚烧炉出口氧含量偏高
2025-06-19 09:02:00,1,预警,焚烧炉出口氧含量偏高
2025-06-19 09:04:00,1,预警,焚烧炉出口氧含量偏高
2025-06-19 09:08:00,1,预警,焚烧炉出口氧含量偏高
2025-06-19 09:10:00,1,预警,焚烧炉出口氧含量偏高
2025-06-19 09:12:00,1,预警,焚烧炉出口氧含量偏高
2025-06-19 09:14:00,1,预警,焚烧炉出口氧含量偏高
2025-06-19 09:16:00,1,预警,焚烧炉出口氧含量偏高
2025-06-19 09:24:00,1,预警,焚烧炉出口氧含量偏高
2025-06-19 09:28:00,1,预警,焚烧炉出口氧含量偏高
2025-06-19 09:30:00,1,预警,焚烧炉出口氧含量偏高
2025-06-19 09:32:00,1,预警,焚烧炉出口氧含量偏高
2025-06-19 09:34:00,1,预警,焚烧炉出口氧含量偏高
2025-06-19 09:36:00,1,预警,焚烧炉出口氧含量偏高
2025-06-19 09:38:00,1,预警,焚烧炉出口氧含量偏高
2025-06-19 09:40:00,1,预警,焚烧炉出口氧含量偏高
2025-06-19 09:42:00,1,预警,焚烧炉出口氧含量偏高
2025-06-19 09:54:00,1,预警,焚烧炉出口氧含量偏高
2025-06-19 09:56:00,1,预警,焚烧炉出口氧含量偏高
2025-06-19 09:58:00,1,预警,焚烧炉出口氧含量偏高
2025-06-19 10:50:00,1,预警,焚烧炉出口氧含量偏高
2025-06-19 10:52:00,1,预警,焚烧炉出口氧含量偏高
2025-06-19 11:12:00,1,预警,焚烧炉出口氧含量偏高
2025-06-19 11:14:00,1,预警,焚烧炉出口氧含量偏高
2025-06-19 11:16:00,1,预警,焚烧炉出口氧含量偏高
2025-06-19 11:20:00,1,预警,焚烧炉出口氧含量偏高
2025-06-19 11:30:00,1,预警,焚烧炉出口氧含量偏高
2025-06-19 11:32:00,1,预警,焚烧炉出口氧含量偏高
2025-06-19 11:34:00,1,预警,焚烧炉出口氧含量偏高
2025-06-19 11:38:00,1,预警,焚烧炉出口氧含量偏高
2025-06-19 11:40:00,1,预警,焚烧炉出口氧含量偏高
2025-06-19 11:42:00,1,预警,焚烧炉出口氧含量偏高
2025-06-19 11:44:00,1,预警,焚烧炉出口氧含量偏高
2025-06-19 11:46:00,1,预警,焚烧炉出口氧含量偏高
2025-06-19 11:48:00,1,预警,焚烧炉出口氧含量偏高
2025-06-19 11:50:00,1,预警,焚烧炉出口氧含量偏高
2025-06-19 11:52:00,1,预警,焚烧炉出口氧含量偏高
2025-06-19 11:54:00,1,预警,焚烧炉出口氧含量偏高
2025-06-19 11:56:00,1,预警,焚烧炉出口氧含量偏高
2025-06-19 12:00:00,1,预警,焚烧炉出口氧含量偏高
2025-06-19 12:02:00,1,预警,焚烧炉出口氧含量偏高
2025-06-19 12:04:00,1,预警,焚烧炉出口氧含量偏高
2025-06-19 12:06:00,1,预警,焚烧炉出口氧含量偏高
2025-06-19 12:08:00,1,预警,焚烧炉出口氧含量偏高
2025-06-19 12:10:00,1,预警,焚烧炉出口氧含量偏高
2025-06-19 12:12:00,1,预警,焚烧炉出口氧含量偏高
2025-06-19 12:14:00,1,预警,焚烧炉出口氧含量偏高
2025-06-19 12:16:00,1,预警,焚烧炉出口氧含量偏高
2025-06-19 12:18:00,1,预警,焚烧炉出口氧含量偏高
2025-06-19 12:20:00,1,预警,焚烧炉出口氧含量偏高
2025-06-19 12:24:00,1,预警,焚烧炉出口氧含量偏高
2025-06-19 12:26:00,1,预警,焚烧炉出口氧含量偏高
2025-06-19 12:28:00,1,预警,焚烧炉出口氧含量偏高
2025-06-19 12:30:00,1,预警,焚烧炉出口氧含量偏高
2025-06-19 12:32:00,1,预警,焚烧炉出口氧含量偏高
2025-06-19 12:34:00,1,预警,焚烧炉出口氧含量偏高
2025-06-19 13:48:00,1,预警,焚烧炉出口氧含量偏低
2025-06-19 13:50:00,1,预警,焚烧炉出口氧含量偏低
2025-06-19 13:52:00,1,预警,焚烧炉出口氧含量偏低
2025-06-19 13:54:00,1,预警,焚烧炉出口氧含量偏低
2025-06-19 13:56:00,1,预警,焚烧炉出口氧含量偏低
2025-06-19 13:58:00,1,预警,焚烧炉出口氧含量偏低
2025-06-19 14:00:00,1,预警,焚烧炉出口氧含量偏低
2025-06-19 14:02:00,1,预警,焚烧炉出口氧含量偏低
2025-06-19 14:04:00,1,预警,焚烧炉出口氧含量偏低
2025-06-19 14:06:00,1,预警,焚烧炉出口氧含量偏低
2025-06-19 14:08:00,1,预警,焚烧炉出口氧含量偏低
2025-06-19 14:10:00,1,预警,焚烧炉出口氧含量偏低
2025-06-19 14:12:00,1,预警,焚烧炉出口氧含量偏低
2025-06-19 14:14:00,1,预警,焚烧炉出口氧含量偏低
2025-06-19 14:16:00,1,预警,焚烧炉出口氧含量偏低
2025-06-19 14:18:00,1,预警,焚烧炉出口氧含量偏低
2025-06-19 14:20:00,1,预警,焚烧炉出口氧含量偏低
2025-06-19 14:22:00,1,预警,焚烧炉出口氧含量偏低
2025-06-19 14:24:00,1,预警,焚烧炉出口氧含量偏低
2025-06-19 14:26:00,1,预警,焚烧炉出口氧含量偏高
2025-06-19 14:28:00,1,预警,焚烧炉出口氧含量偏低
2025-06-19 14:30:00,1,预警,焚烧炉出口氧含量偏低
2025-06-19 14:32:00,1,预警,焚烧炉出口氧含量偏低
2025-06-19 14:34:00,1,预警,焚烧炉出口氧含量偏低
2025-06-19 14:36:00,1,预警,焚烧炉出口氧含量偏低
2025-06-19 14:38:00,1,预警,焚烧炉出口氧含量偏低
2025-06-19 14:40:00,1,预警,焚烧炉出口氧含量偏低
2025-06-19 14:42:00,1,预警,焚烧炉出口氧含量偏低
2025-06-19 14:44:00,1,预警,焚烧炉出口氧含量偏低
2025-06-19 14:46:00,1,预警,焚烧炉出口氧含量偏低
2025-06-19 14:48:00,1,预警,焚烧炉出口氧含量偏低
2025-06-19 14:50:00,1,预警,焚烧炉出口氧含量偏低
2025-06-19 14:52:00,1,预警,焚烧炉出口氧含量偏低
2025-06-19 14:54:00,1,预警,焚烧炉出口氧含量偏高
2025-06-19 15:30:00,1,预警,焚烧炉出口氧含量偏高
2025-06-19 15:32:00,1,预警,焚烧炉出口氧含量偏高
2025-06-19 15:34:00,1,预警,焚烧炉出口氧含量偏高
2025-06-19 15:36:00,1,预警,焚烧炉出口氧含量偏高
2025-06-19 15:38:00,1,预警,焚烧炉出口氧含量偏高
2025-06-19 15:54:00,1,预警,焚烧炉出口氧含量偏高
2025-06-19 15:56:00,1,预警,焚烧炉出口氧含量偏高
2025-06-19 15:58:00,1,预警,焚烧炉出口氧含量偏高
2025-06-19 16:02:00,1,预警,焚烧炉出口氧含量偏高
2025-06-19 16:06:00,1,预警,焚烧炉出口氧含量偏高
2025-06-19 16:08:00,1,预警,焚烧炉出口氧含量偏高
2025-06-19 16:10:00,1,预警,焚烧炉出口氧含量偏高
2025-06-19 16:20:00,1,预警,焚烧炉出口氧含量偏高
2025-06-19 16:22:00,1,预警,焚烧炉出口氧含量偏高
2025-06-19 16:24:00,1,预警,焚烧炉出口氧含量偏高
2025-06-19 16:26:00,1,预警,焚烧炉出口氧含量偏高
2025-06-19 16:28:00,1,预警,焚烧炉出口氧含量偏高
2025-06-19 16:30:00,1,预警,焚烧炉出口氧含量偏高
2025-06-19 16:32:00,1,预警,焚烧炉出口氧含量偏高
2025-06-19 16:34:00,1,预警,焚烧炉出口氧含量偏高
2025-06-19 16:36:00,1,预警,焚烧炉出口氧含量偏高
2025-06-19 16:38:00,1,预警,焚烧炉出口氧含量偏高
2025-06-19 16:40:00,1,预警,焚烧炉出口氧含量偏高
2025-06-19 16:42:00,1,预警,焚烧炉出口氧含量偏高
2025-06-19 16:46:00,1,预警,焚烧炉出口氧含量偏高
2025-06-19 16:50:00,1,预警,焚烧炉出口氧含量偏高
2025-06-19 16:52:00,1,预警,焚烧炉出口氧含量偏高
2025-06-19 16:54:00,1,预警,焚烧炉出口氧含量偏高
2025-06-19 16:56:00,1,预警,焚烧炉出口氧含量偏高
2025-06-19 16:58:00,1,预警,焚烧炉出口氧含量偏高
2025-06-19 17:22:00,1,预警,焚烧炉出口氧含量偏高
2025-06-19 17:24:00,1,预警,焚烧炉出口氧含量偏高
2025-06-19 17:26:00,1,预警,焚烧炉出口氧含量偏高
2025-06-19 17:28:00,1,预警,焚烧炉出口氧含量偏高
2025-06-19 17:30:00,1,预警,焚烧炉出口氧含量偏高
2025-06-19 17:32:00,1,预警,焚烧炉出口氧含量偏高
2025-06-19 17:36:00,1,预警,焚烧炉出口氧含量偏高
2025-06-19 17:40:00,1,预警,焚烧炉出口氧含量偏高
2025-06-19 17:44:00,1,预警,焚烧炉出口氧含量偏高
2025-06-19 17:48:00,1,预警,焚烧炉出口氧含量偏高
2025-06-19 17:52:00,1,预警,焚烧炉出口氧含量偏高
2025-06-19 17:54:00,1,预警,焚烧炉出口氧含量偏高
2025-06-19 18:18:00,1,预警,焚烧炉出口氧含量偏高
2025-06-19 18:20:00,1,预警,焚烧炉出口氧含量偏高
2025-06-19 18:22:00,1,预警,焚烧炉出口氧含量偏高
2025-06-19 18:24:00,1,预警,焚烧炉出口氧含量偏高
2025-06-19 18:26:00,1,预警,焚烧炉出口氧含量偏高
2025-06-19 18:28:00,1,预警,焚烧炉出口氧含量偏高
2025-06-19 18:30:00,1,预警,焚烧炉出口氧含量偏高
2025-06-19 20:06:00,1,预警,焚烧炉出口氧含量偏高
2025-06-19 20:18:00,1,预警,焚烧炉出口氧含量偏高
2025-06-19 20:22:00,1,预警,焚烧炉出口氧含量偏高
2025-06-19 20:24:00,1,预警,焚烧炉出口氧含量偏高
2025-06-19 21:18:00,1,预警,焚烧炉出口氧含量偏高
2025-06-19 21:22:00,1,预警,焚烧炉出口氧含量偏高
2025-06-19 21:26:00,1,预警,焚烧炉出口氧含量偏高
2025-06-19 21:32:00,1,预警,焚烧炉出口氧含量偏高
2025-06-19 21:34:00,1,预警,焚烧炉出口氧含量偏高
2025-06-19 21:36:00,1,预警,焚烧炉出口氧含量偏高
2025-06-19 21:38:00,1,预警,焚烧炉出口氧含量偏高
2025-06-19 21:40:00,1,预警,焚烧炉出口氧含量偏高
2025-06-19 21:42:00,1,预警,焚烧炉出口氧含量偏高
2025-06-19 21:44:00,1,预警,焚烧炉出口氧含量偏高
2025-06-19 21:46:00,1,预警,焚烧炉出口氧含量偏高
2025-06-19 21:48:00,1,预警,焚烧炉出口氧含量偏高
2025-06-19 21:50:00,1,预警,焚烧炉出口氧含量偏高
2025-06-19 21:52:00,1,预警,焚烧炉出口氧含量偏高
2025-06-19 21:54:00,1,预警,焚烧炉出口氧含量偏高
2025-06-19 22:04:00,1,预警,焚烧炉出口氧含量偏高
2025-06-19 22:06:00,1,预警,焚烧炉出口氧含量偏高
2025-06-19 22:10:00,1,预警,焚烧炉出口氧含量偏高
2025-06-19 22:54:00,1,预警,焚烧炉出口氧含量偏高
2025-06-19 22:56:00,1,预警,焚烧炉出口氧含量偏高
2025-06-19 23:00:00,1,预警,焚烧炉出口氧含量偏高
2025-06-19 23:02:00,1,预警,焚烧炉出口氧含量偏高
2025-06-19 23:06:00,1,预警,焚烧炉出口氧含量偏高
2025-06-19 23:08:00,1,预警,焚烧炉出口氧含量偏高
2025-06-19 23:10:00,1,预警,焚烧炉出口氧含量偏高
2025-06-19 23:12:00,1,预警,焚烧炉出口氧含量偏高
2025-06-19 23:14:00,1,预警,焚烧炉出口氧含量偏高
2025-06-19 23:16:00,1,预警,焚烧炉出口氧含量偏高
2025-06-19 23:18:00,1,预警,焚烧炉出口氧含量偏高
2025-06-19 23:20:00,1,预警,焚烧炉出口氧含量偏高
2025-06-19 23:24:00,1,预警,焚烧炉出口氧含量偏高
2025-06-19 23:26:00,1,预警,焚烧炉出口氧含量偏高
2025-06-19 23:28:00,1,预警,焚烧炉出口氧含量偏高
2025-06-19 23:30:00,1,预警,焚烧炉出口氧含量偏高
2025-06-19 23:32:00,1,预警,焚烧炉出口氧含量偏高
2025-06-19 23:34:00,1,预警,焚烧炉出口氧含量偏高
2025-06-19 23:36:00,1,预警,焚烧炉出口氧含量偏高
2025-06-19 23:38:00,1,预警,焚烧炉出口氧含量偏高
2025-06-19 23:40:00,1,预警,焚烧炉出口氧含量偏高
2025-06-19 23:42:00,1,预警,焚烧炉出口氧含量偏高
2025-06-19 23:44:00,1,预警,焚烧炉出口氧含量偏高
2025-06-19 23:46:00,1,预警,焚烧炉出口氧含量偏高
2025-06-19 23:48:00,1,预警,焚烧炉出口氧含量偏高
2025-06-19 23:50:00,1,预警,焚烧炉出口氧含量偏高
2025-06-19 23:52:00,1,预警,焚烧炉出口氧含量偏高
2025-06-19 23:54:00,1,预警,焚烧炉出口氧含量偏高
2025-06-19 23:56:00,1,预警,焚烧炉出口氧含量偏高
2025-06-19 23:58:00,1,预警,焚烧炉出口氧含量偏高
