﻿时间,炉号,预警/报警类型,预警/报警事件
2025-06-01 00:04:00,1,预警,焚烧炉出口氧含量偏高
2025-06-01 00:06:00,1,预警,焚烧炉出口氧含量偏高
2025-06-01 00:56:00,1,预警,焚烧炉出口氧含量偏高
2025-06-01 01:02:00,1,预警,焚烧炉出口氧含量偏高
2025-06-01 01:06:00,1,预警,焚烧炉出口氧含量偏高
2025-06-01 01:12:00,1,预警,焚烧炉出口氧含量偏高
2025-06-01 01:46:00,1,预警,焚烧炉出口氧含量偏高
2025-06-01 01:48:00,1,预警,焚烧炉出口氧含量偏高
2025-06-01 01:50:00,1,预警,焚烧炉出口氧含量偏高
2025-06-01 01:52:00,1,预警,焚烧炉出口氧含量偏高
2025-06-01 03:48:00,1,预警,焚烧炉出口氧含量偏高
2025-06-01 03:50:00,1,预警,焚烧炉出口氧含量偏高
2025-06-01 03:52:00,1,预警,焚烧炉出口氧含量偏高
2025-06-01 03:54:00,1,预警,焚烧炉出口氧含量偏高
2025-06-01 03:56:00,1,预警,焚烧炉出口氧含量偏高
2025-06-01 03:58:00,1,预警,焚烧炉出口氧含量偏高
2025-06-01 04:00:00,1,预警,焚烧炉出口氧含量偏高
2025-06-01 04:02:00,1,预警,焚烧炉出口氧含量偏高
2025-06-01 04:04:00,1,预警,焚烧炉出口氧含量偏高
2025-06-01 04:06:00,1,预警,焚烧炉出口氧含量偏高
2025-06-01 04:08:00,1,预警,焚烧炉出口氧含量偏高
2025-06-01 04:10:00,1,预警,焚烧炉出口氧含量偏高
2025-06-01 04:12:00,1,预警,焚烧炉出口氧含量偏高
2025-06-01 04:14:00,1,预警,焚烧炉出口氧含量偏高
2025-06-01 04:16:00,1,预警,焚烧炉出口氧含量偏高
2025-06-01 04:18:00,1,预警,焚烧炉出口氧含量偏高
2025-06-01 04:20:00,1,预警,焚烧炉出口氧含量偏高
2025-06-01 04:22:00,1,预警,焚烧炉出口氧含量偏高
2025-06-01 05:38:00,1,预警,焚烧炉出口氧含量偏高
2025-06-01 08:14:00,1,预警,焚烧炉出口氧含量偏高
2025-06-01 08:22:00,1,预警,焚烧炉出口氧含量偏高
2025-06-01 08:24:00,1,预警,焚烧炉出口氧含量偏高
2025-06-01 08:28:00,1,预警,焚烧炉出口氧含量偏高
2025-06-01 08:32:00,1,预警,焚烧炉出口氧含量偏高
2025-06-01 08:36:00,1,预警,焚烧炉出口氧含量偏高
2025-06-01 08:38:00,1,预警,焚烧炉出口氧含量偏高
2025-06-01 08:40:00,1,预警,焚烧炉出口氧含量偏高
2025-06-01 08:42:00,1,预警,焚烧炉出口氧含量偏高
2025-06-01 08:46:00,1,预警,焚烧炉出口氧含量偏高
2025-06-01 08:50:00,1,预警,焚烧炉出口氧含量偏高
2025-06-01 09:18:00,1,预警,焚烧炉出口氧含量偏高
2025-06-01 09:26:00,1,预警,焚烧炉出口氧含量偏高
2025-06-01 09:28:00,1,预警,焚烧炉出口氧含量偏高
2025-06-01 09:30:00,1,预警,焚烧炉出口氧含量偏高
2025-06-01 09:32:00,1,预警,焚烧炉出口氧含量偏高
2025-06-01 09:34:00,1,预警,焚烧炉出口氧含量偏高
2025-06-01 09:36:00,1,预警,焚烧炉出口氧含量偏高
2025-06-01 09:38:00,1,预警,焚烧炉出口氧含量偏高
2025-06-01 09:40:00,1,预警,焚烧炉出口氧含量偏高
2025-06-01 09:42:00,1,预警,焚烧炉出口氧含量偏高
2025-06-01 09:44:00,1,预警,焚烧炉出口氧含量偏高
2025-06-01 09:46:00,1,预警,焚烧炉出口氧含量偏高
2025-06-01 09:48:00,1,预警,焚烧炉出口氧含量偏高
2025-06-01 09:50:00,1,预警,焚烧炉出口氧含量偏高
2025-06-01 09:52:00,1,预警,焚烧炉出口氧含量偏高
2025-06-01 09:54:00,1,预警,焚烧炉出口氧含量偏高
2025-06-01 09:56:00,1,预警,焚烧炉出口氧含量偏高
2025-06-01 09:58:00,1,预警,焚烧炉出口氧含量偏高
2025-06-01 10:00:00,1,预警,焚烧炉出口氧含量偏高
2025-06-01 10:02:00,1,预警,焚烧炉出口氧含量偏高
2025-06-01 10:04:00,1,预警,焚烧炉出口氧含量偏高
2025-06-01 10:06:00,1,预警,焚烧炉出口氧含量偏高
2025-06-01 10:08:00,1,预警,焚烧炉出口氧含量偏高
2025-06-01 10:34:00,1,预警,焚烧炉出口氧含量偏高
2025-06-01 10:58:00,1,预警,焚烧炉出口氧含量偏高
2025-06-01 11:06:00,1,预警,焚烧炉出口氧含量偏高
2025-06-01 11:08:00,1,预警,焚烧炉出口氧含量偏高
2025-06-01 11:10:00,1,预警,焚烧炉出口氧含量偏高
2025-06-01 13:52:00,1,预警,焚烧炉出口氧含量偏高
2025-06-01 14:12:00,1,预警,焚烧炉出口氧含量偏高
2025-06-01 14:26:00,1,预警,焚烧炉出口氧含量偏高
2025-06-01 14:30:00,1,预警,焚烧炉出口氧含量偏高
2025-06-01 14:32:00,1,预警,焚烧炉出口氧含量偏高
2025-06-01 14:34:00,1,预警,焚烧炉出口氧含量偏高
2025-06-01 14:38:00,1,预警,焚烧炉出口氧含量偏高
2025-06-01 16:36:00,1,预警,焚烧炉出口氧含量偏高
2025-06-01 16:38:00,1,预警,焚烧炉出口氧含量偏高
2025-06-01 16:40:00,1,预警,焚烧炉出口氧含量偏高
2025-06-01 16:44:00,1,预警,焚烧炉出口氧含量偏高
2025-06-01 16:46:00,1,预警,焚烧炉出口氧含量偏高
2025-06-01 16:48:00,1,预警,焚烧炉出口氧含量偏高
2025-06-01 16:50:00,1,预警,焚烧炉出口氧含量偏高
2025-06-01 16:52:00,1,预警,焚烧炉出口氧含量偏高
2025-06-01 16:54:00,1,预警,焚烧炉出口氧含量偏高
2025-06-01 16:56:00,1,预警,焚烧炉出口氧含量偏高
2025-06-01 16:58:00,1,预警,焚烧炉出口氧含量偏高
2025-06-01 17:00:00,1,预警,焚烧炉出口氧含量偏高
2025-06-01 17:02:00,1,预警,焚烧炉出口氧含量偏高
2025-06-01 17:04:00,1,预警,焚烧炉出口氧含量偏高
2025-06-01 17:06:00,1,预警,焚烧炉出口氧含量偏高
2025-06-01 17:08:00,1,预警,焚烧炉出口氧含量偏高
2025-06-01 17:10:00,1,预警,焚烧炉出口氧含量偏高
2025-06-01 17:12:00,1,预警,焚烧炉出口氧含量偏高
2025-06-01 17:14:00,1,预警,焚烧炉出口氧含量偏高
2025-06-01 17:16:00,1,预警,焚烧炉出口氧含量偏高
2025-06-01 17:18:00,1,预警,焚烧炉出口氧含量偏高
2025-06-01 17:20:00,1,预警,焚烧炉出口氧含量偏高
2025-06-01 17:22:00,1,预警,焚烧炉出口氧含量偏高
2025-06-01 17:24:00,1,预警,焚烧炉出口氧含量偏高
2025-06-01 17:26:00,1,预警,焚烧炉出口氧含量偏高
2025-06-01 17:28:00,1,预警,焚烧炉出口氧含量偏高
2025-06-01 17:30:00,1,预警,焚烧炉出口氧含量偏高
2025-06-01 17:34:00,1,预警,焚烧炉出口氧含量偏高
2025-06-01 17:38:00,1,预警,焚烧炉出口氧含量偏高
2025-06-01 17:40:00,1,预警,焚烧炉出口氧含量偏高
2025-06-01 17:44:00,1,预警,焚烧炉出口氧含量偏高
2025-06-01 17:56:00,1,预警,焚烧炉出口氧含量偏高
2025-06-01 18:00:00,1,预警,焚烧炉出口氧含量偏高
2025-06-01 18:02:00,1,预警,焚烧炉出口氧含量偏高
2025-06-01 18:04:00,1,预警,焚烧炉出口氧含量偏高
2025-06-01 18:16:00,1,预警,焚烧炉出口氧含量偏高
2025-06-01 18:18:00,1,预警,焚烧炉出口氧含量偏高
2025-06-01 18:20:00,1,预警,焚烧炉出口氧含量偏高
2025-06-01 18:22:00,1,预警,焚烧炉出口氧含量偏高
2025-06-01 18:26:00,1,预警,焚烧炉出口氧含量偏高
2025-06-01 18:30:00,1,预警,焚烧炉出口氧含量偏高
2025-06-01 18:32:00,1,预警,焚烧炉出口氧含量偏高
2025-06-01 18:34:00,1,预警,焚烧炉出口氧含量偏高
2025-06-01 18:36:00,1,预警,焚烧炉出口氧含量偏高
2025-06-01 18:42:00,1,预警,焚烧炉出口氧含量偏高
2025-06-01 18:44:00,1,预警,焚烧炉出口氧含量偏高
2025-06-01 18:46:00,1,预警,焚烧炉出口氧含量偏高
2025-06-01 18:48:00,1,预警,焚烧炉出口氧含量偏高
2025-06-01 18:50:00,1,预警,焚烧炉出口氧含量偏高
2025-06-01 18:52:00,1,预警,焚烧炉出口氧含量偏高
2025-06-01 19:14:00,1,预警,焚烧炉出口氧含量偏高
2025-06-01 19:18:00,1,预警,焚烧炉出口氧含量偏高
2025-06-01 19:20:00,1,预警,焚烧炉出口氧含量偏高
2025-06-01 19:24:00,1,预警,焚烧炉出口氧含量偏高
2025-06-01 20:44:00,1,预警,焚烧炉出口氧含量偏高
2025-06-01 20:48:00,1,预警,焚烧炉出口氧含量偏高
2025-06-01 20:50:00,1,预警,焚烧炉出口氧含量偏高
2025-06-01 20:52:00,1,预警,焚烧炉出口氧含量偏高
2025-06-01 20:54:00,1,预警,焚烧炉出口氧含量偏高
2025-06-01 20:56:00,1,预警,焚烧炉出口氧含量偏高
2025-06-01 20:58:00,1,预警,焚烧炉出口氧含量偏高
2025-06-01 21:00:00,1,预警,焚烧炉出口氧含量偏高
2025-06-01 21:08:00,1,预警,焚烧炉出口氧含量偏高
2025-06-01 21:12:00,1,预警,焚烧炉出口氧含量偏高
2025-06-01 21:36:00,1,预警,焚烧炉出口氧含量偏高
2025-06-01 22:02:00,1,预警,焚烧炉出口氧含量偏高
2025-06-01 22:04:00,1,预警,焚烧炉出口氧含量偏高
2025-06-01 22:06:00,1,预警,焚烧炉出口氧含量偏高
2025-06-01 22:08:00,1,预警,焚烧炉出口氧含量偏高
2025-06-01 22:10:00,1,预警,焚烧炉出口氧含量偏高
2025-06-01 22:12:00,1,预警,焚烧炉出口氧含量偏高
2025-06-01 22:42:00,1,预警,焚烧炉出口氧含量偏高
2025-06-01 22:46:00,1,预警,焚烧炉出口氧含量偏高
2025-06-01 22:48:00,1,预警,焚烧炉出口氧含量偏高
2025-06-01 22:58:00,1,预警,焚烧炉出口氧含量偏高
2025-06-01 23:00:00,1,预警,焚烧炉出口氧含量偏高
2025-06-01 23:02:00,1,预警,焚烧炉出口氧含量偏高
2025-06-01 23:04:00,1,预警,焚烧炉出口氧含量偏高
2025-06-01 23:06:00,1,预警,焚烧炉出口氧含量偏高
2025-06-01 23:08:00,1,预警,焚烧炉出口氧含量偏高
2025-06-01 23:10:00,1,预警,焚烧炉出口氧含量偏高
2025-06-01 23:12:00,1,预警,焚烧炉出口氧含量偏高
2025-06-01 23:14:00,1,预警,焚烧炉出口氧含量偏高
