﻿时间,炉号,预警/报警类型,预警/报警事件
2025-06-20 00:00:00,1,预警,焚烧炉出口氧含量偏高
2025-06-20 00:02:00,1,预警,焚烧炉出口氧含量偏高
2025-06-20 00:04:00,1,预警,焚烧炉出口氧含量偏高
2025-06-20 00:10:00,1,预警,焚烧炉出口氧含量偏高
2025-06-20 00:12:00,1,预警,焚烧炉出口氧含量偏高
2025-06-20 00:14:00,1,预警,焚烧炉出口氧含量偏高
2025-06-20 00:16:00,1,预警,焚烧炉出口氧含量偏高
2025-06-20 00:18:00,1,预警,焚烧炉出口氧含量偏高
2025-06-20 00:20:00,1,预警,焚烧炉出口氧含量偏高
2025-06-20 00:22:00,1,预警,焚烧炉出口氧含量偏高
2025-06-20 00:24:00,1,预警,焚烧炉出口氧含量偏高
2025-06-20 00:26:00,1,预警,焚烧炉出口氧含量偏高
2025-06-20 00:30:00,1,预警,焚烧炉出口氧含量偏高
2025-06-20 00:32:00,1,预警,焚烧炉出口氧含量偏高
2025-06-20 00:34:00,1,预警,焚烧炉出口氧含量偏高
2025-06-20 00:36:00,1,预警,焚烧炉出口氧含量偏高
2025-06-20 00:38:00,1,预警,焚烧炉出口氧含量偏高
2025-06-20 00:40:00,1,预警,焚烧炉出口氧含量偏高
2025-06-20 00:42:00,1,预警,焚烧炉出口氧含量偏高
2025-06-20 00:44:00,1,预警,焚烧炉出口氧含量偏高
2025-06-20 00:46:00,1,预警,焚烧炉出口氧含量偏高
2025-06-20 00:48:00,1,预警,焚烧炉出口氧含量偏高
2025-06-20 00:50:00,1,预警,焚烧炉出口氧含量偏高
2025-06-20 00:58:00,1,预警,焚烧炉出口氧含量偏高
2025-06-20 01:00:00,1,预警,焚烧炉出口氧含量偏高
2025-06-20 01:02:00,1,预警,焚烧炉出口氧含量偏高
2025-06-20 01:04:00,1,预警,焚烧炉出口氧含量偏高
2025-06-20 01:06:00,1,预警,焚烧炉出口氧含量偏高
2025-06-20 01:08:00,1,预警,焚烧炉出口氧含量偏高
2025-06-20 01:10:00,1,预警,焚烧炉出口氧含量偏高
2025-06-20 01:12:00,1,预警,焚烧炉出口氧含量偏高
2025-06-20 01:14:00,1,预警,焚烧炉出口氧含量偏高
2025-06-20 01:16:00,1,预警,焚烧炉出口氧含量偏高
2025-06-20 01:18:00,1,预警,焚烧炉出口氧含量偏高
2025-06-20 01:20:00,1,预警,焚烧炉出口氧含量偏高
2025-06-20 01:22:00,1,预警,焚烧炉出口氧含量偏高
2025-06-20 01:34:00,1,预警,焚烧炉出口氧含量偏高
2025-06-20 01:36:00,1,预警,焚烧炉出口氧含量偏高
2025-06-20 01:38:00,1,预警,焚烧炉出口氧含量偏高
2025-06-20 01:40:00,1,预警,焚烧炉出口氧含量偏高
2025-06-20 01:44:00,1,预警,焚烧炉出口氧含量偏高
2025-06-20 01:50:00,1,预警,焚烧炉出口氧含量偏高
2025-06-20 01:52:00,1,预警,焚烧炉出口氧含量偏高
2025-06-20 01:54:00,1,预警,焚烧炉出口氧含量偏高
2025-06-20 01:56:00,1,预警,焚烧炉出口氧含量偏高
2025-06-20 01:58:00,1,预警,焚烧炉出口氧含量偏高
2025-06-20 02:04:00,1,预警,焚烧炉出口氧含量偏高
2025-06-20 02:06:00,1,预警,焚烧炉出口氧含量偏高
2025-06-20 02:08:00,1,预警,焚烧炉出口氧含量偏高
2025-06-20 02:10:00,1,预警,焚烧炉出口氧含量偏高
2025-06-20 02:12:00,1,预警,焚烧炉出口氧含量偏高
2025-06-20 02:14:00,1,预警,焚烧炉出口氧含量偏高
2025-06-20 02:16:00,1,预警,焚烧炉出口氧含量偏高
2025-06-20 02:18:00,1,预警,焚烧炉出口氧含量偏高
2025-06-20 02:20:00,1,预警,焚烧炉出口氧含量偏高
2025-06-20 02:22:00,1,预警,焚烧炉出口氧含量偏高
2025-06-20 02:24:00,1,预警,焚烧炉出口氧含量偏高
2025-06-20 02:26:00,1,预警,焚烧炉出口氧含量偏高
2025-06-20 02:28:00,1,预警,焚烧炉出口氧含量偏高
2025-06-20 02:30:00,1,预警,焚烧炉出口氧含量偏高
2025-06-20 02:32:00,1,预警,焚烧炉出口氧含量偏高
2025-06-20 02:34:00,1,预警,焚烧炉出口氧含量偏高
2025-06-20 02:36:00,1,预警,焚烧炉出口氧含量偏高
2025-06-20 02:38:00,1,预警,焚烧炉出口氧含量偏高
2025-06-20 02:40:00,1,预警,焚烧炉出口氧含量偏高
2025-06-20 02:42:00,1,预警,焚烧炉出口氧含量偏高
2025-06-20 02:44:00,1,预警,焚烧炉出口氧含量偏高
2025-06-20 02:46:00,1,预警,焚烧炉出口氧含量偏高
2025-06-20 02:48:00,1,预警,焚烧炉出口氧含量偏高
2025-06-20 02:50:00,1,预警,焚烧炉出口氧含量偏高
2025-06-20 02:52:00,1,预警,焚烧炉出口氧含量偏高
2025-06-20 03:20:00,1,预警,焚烧炉出口氧含量偏高
2025-06-20 03:24:00,1,预警,焚烧炉出口氧含量偏高
2025-06-20 03:32:00,1,预警,焚烧炉出口氧含量偏高
2025-06-20 03:34:00,1,预警,焚烧炉出口氧含量偏高
2025-06-20 03:36:00,1,预警,焚烧炉出口氧含量偏高
2025-06-20 03:38:00,1,预警,焚烧炉出口氧含量偏高
2025-06-20 03:40:00,1,预警,焚烧炉出口氧含量偏高
2025-06-20 03:42:00,1,预警,焚烧炉出口氧含量偏高
2025-06-20 03:44:00,1,预警,焚烧炉出口氧含量偏高
2025-06-20 03:46:00,1,预警,焚烧炉出口氧含量偏高
2025-06-20 03:48:00,1,预警,焚烧炉出口氧含量偏高
2025-06-20 03:50:00,1,预警,焚烧炉出口氧含量偏高
2025-06-20 03:52:00,1,预警,焚烧炉出口氧含量偏高
2025-06-20 03:54:00,1,预警,焚烧炉出口氧含量偏高
2025-06-20 03:56:00,1,预警,焚烧炉出口氧含量偏高
2025-06-20 03:58:00,1,预警,焚烧炉出口氧含量偏高
2025-06-20 04:24:00,1,预警,焚烧炉出口氧含量偏高
2025-06-20 04:26:00,1,预警,焚烧炉出口氧含量偏高
2025-06-20 04:28:00,1,预警,焚烧炉出口氧含量偏高
2025-06-20 04:30:00,1,预警,焚烧炉出口氧含量偏高
2025-06-20 04:32:00,1,预警,焚烧炉出口氧含量偏高
2025-06-20 04:34:00,1,预警,焚烧炉出口氧含量偏高
2025-06-20 04:36:00,1,预警,焚烧炉出口氧含量偏高
2025-06-20 04:38:00,1,预警,焚烧炉出口氧含量偏高
2025-06-20 04:40:00,1,预警,焚烧炉出口氧含量偏高
2025-06-20 04:42:00,1,预警,焚烧炉出口氧含量偏高
2025-06-20 04:44:00,1,预警,焚烧炉出口氧含量偏高
2025-06-20 04:46:00,1,预警,焚烧炉出口氧含量偏高
2025-06-20 04:48:00,1,预警,焚烧炉出口氧含量偏高
2025-06-20 04:50:00,1,预警,焚烧炉出口氧含量偏高
2025-06-20 04:52:00,1,预警,焚烧炉出口氧含量偏高
2025-06-20 04:54:00,1,预警,焚烧炉出口氧含量偏高
2025-06-20 04:56:00,1,预警,焚烧炉出口氧含量偏高
2025-06-20 05:14:00,1,预警,焚烧炉出口氧含量偏高
2025-06-20 05:22:00,1,预警,焚烧炉出口氧含量偏高
2025-06-20 05:46:00,1,预警,焚烧炉出口氧含量偏高
2025-06-20 05:54:00,1,预警,焚烧炉出口氧含量偏高
2025-06-20 06:02:00,1,预警,焚烧炉出口氧含量偏高
2025-06-20 06:04:00,1,预警,焚烧炉出口氧含量偏高
2025-06-20 06:06:00,1,预警,焚烧炉出口氧含量偏高
2025-06-20 06:08:00,1,预警,焚烧炉出口氧含量偏高
2025-06-20 06:10:00,1,预警,焚烧炉出口氧含量偏高
2025-06-20 06:12:00,1,预警,焚烧炉出口氧含量偏高
2025-06-20 06:14:00,1,预警,焚烧炉出口氧含量偏高
2025-06-20 06:16:00,1,预警,焚烧炉出口氧含量偏高
2025-06-20 06:18:00,1,预警,焚烧炉出口氧含量偏高
2025-06-20 06:22:00,1,预警,焚烧炉出口氧含量偏高
2025-06-20 06:24:00,1,预警,焚烧炉出口氧含量偏高
2025-06-20 06:26:00,1,预警,焚烧炉出口氧含量偏高
2025-06-20 06:28:00,1,预警,焚烧炉出口氧含量偏高
2025-06-20 06:32:00,1,预警,焚烧炉出口氧含量偏高
2025-06-20 06:34:00,1,预警,焚烧炉出口氧含量偏高
2025-06-20 08:16:00,1,预警,焚烧炉出口氧含量偏高
2025-06-20 08:18:00,1,预警,焚烧炉出口氧含量偏高
2025-06-20 08:22:00,1,预警,焚烧炉出口氧含量偏高
2025-06-20 08:24:00,1,预警,焚烧炉出口氧含量偏高
2025-06-20 08:26:00,1,预警,焚烧炉出口氧含量偏高
2025-06-20 08:28:00,1,预警,焚烧炉出口氧含量偏高
2025-06-20 08:32:00,1,预警,焚烧炉出口氧含量偏高
2025-06-20 08:34:00,1,预警,焚烧炉出口氧含量偏高
2025-06-20 08:36:00,1,预警,焚烧炉出口氧含量偏高
2025-06-20 08:38:00,1,预警,焚烧炉出口氧含量偏高
2025-06-20 08:40:00,1,预警,焚烧炉出口氧含量偏高
2025-06-20 08:42:00,1,预警,焚烧炉出口氧含量偏高
2025-06-20 08:46:00,1,预警,焚烧炉出口氧含量偏高
2025-06-20 08:48:00,1,预警,焚烧炉出口氧含量偏高
2025-06-20 08:50:00,1,预警,焚烧炉出口氧含量偏高
2025-06-20 08:52:00,1,预警,焚烧炉出口氧含量偏高
2025-06-20 08:54:00,1,预警,焚烧炉出口氧含量偏高
2025-06-20 08:56:00,1,预警,焚烧炉出口氧含量偏高
2025-06-20 08:58:00,1,预警,焚烧炉出口氧含量偏高
2025-06-20 09:00:00,1,预警,焚烧炉出口氧含量偏高
2025-06-20 09:02:00,1,预警,焚烧炉出口氧含量偏高
2025-06-20 09:04:00,1,预警,焚烧炉出口氧含量偏高
2025-06-20 09:06:00,1,预警,焚烧炉出口氧含量偏高
2025-06-20 09:08:00,1,预警,焚烧炉出口氧含量偏高
2025-06-20 09:10:00,1,预警,焚烧炉出口氧含量偏高
2025-06-20 09:12:00,1,预警,焚烧炉出口氧含量偏高
2025-06-20 09:14:00,1,预警,焚烧炉出口氧含量偏高
2025-06-20 09:16:00,1,预警,焚烧炉出口氧含量偏高
2025-06-20 09:18:00,1,预警,焚烧炉出口氧含量偏高
2025-06-20 09:22:00,1,预警,焚烧炉出口氧含量偏高
2025-06-20 09:24:00,1,预警,焚烧炉出口氧含量偏高
2025-06-20 09:26:00,1,预警,焚烧炉出口氧含量偏高
2025-06-20 09:28:00,1,预警,焚烧炉出口氧含量偏高
2025-06-20 10:52:00,1,预警,焚烧炉出口氧含量偏高
2025-06-20 11:38:00,1,预警,焚烧炉出口氧含量偏高
2025-06-20 11:40:00,1,预警,焚烧炉出口氧含量偏高
2025-06-20 11:42:00,1,预警,焚烧炉出口氧含量偏高
2025-06-20 12:26:00,1,预警,焚烧炉出口氧含量偏高
2025-06-20 12:28:00,1,预警,焚烧炉出口氧含量偏高
2025-06-20 12:30:00,1,预警,焚烧炉出口氧含量偏高
2025-06-20 12:32:00,1,预警,焚烧炉出口氧含量偏高
2025-06-20 12:34:00,1,预警,焚烧炉出口氧含量偏高
2025-06-20 12:36:00,1,预警,焚烧炉出口氧含量偏高
2025-06-20 12:46:00,1,预警,焚烧炉出口氧含量偏高
2025-06-20 12:50:00,1,预警,焚烧炉出口氧含量偏高
2025-06-20 12:52:00,1,预警,焚烧炉出口氧含量偏高
2025-06-20 12:54:00,1,预警,焚烧炉出口氧含量偏高
2025-06-20 12:56:00,1,预警,焚烧炉出口氧含量偏高
2025-06-20 12:58:00,1,预警,焚烧炉出口氧含量偏高
2025-06-20 13:00:00,1,预警,焚烧炉出口氧含量偏高
2025-06-20 13:02:00,1,预警,焚烧炉出口氧含量偏高
2025-06-20 13:04:00,1,预警,焚烧炉出口氧含量偏高
2025-06-20 13:06:00,1,预警,焚烧炉出口氧含量偏高
2025-06-20 13:08:00,1,预警,焚烧炉出口氧含量偏高
2025-06-20 13:10:00,1,预警,焚烧炉出口氧含量偏高
2025-06-20 13:12:00,1,预警,焚烧炉出口氧含量偏高
2025-06-20 13:14:00,1,预警,焚烧炉出口氧含量偏高
2025-06-20 13:16:00,1,预警,焚烧炉出口氧含量偏高
2025-06-20 13:18:00,1,预警,焚烧炉出口氧含量偏高
2025-06-20 13:20:00,1,预警,焚烧炉出口氧含量偏高
2025-06-20 13:22:00,1,预警,焚烧炉出口氧含量偏高
2025-06-20 13:24:00,1,预警,焚烧炉出口氧含量偏高
2025-06-20 13:26:00,1,预警,焚烧炉出口氧含量偏高
2025-06-20 13:28:00,1,预警,焚烧炉出口氧含量偏高
2025-06-20 13:30:00,1,预警,焚烧炉出口氧含量偏高
2025-06-20 13:32:00,1,预警,焚烧炉出口氧含量偏高
2025-06-20 13:36:00,1,预警,焚烧炉出口氧含量偏高
2025-06-20 13:38:00,1,预警,焚烧炉出口氧含量偏高
2025-06-20 15:12:00,1,预警,焚烧炉出口氧含量偏高
2025-06-20 15:14:00,1,预警,焚烧炉出口氧含量偏高
2025-06-20 15:16:00,1,预警,焚烧炉出口氧含量偏高
2025-06-20 15:18:00,1,预警,焚烧炉出口氧含量偏高
2025-06-20 15:20:00,1,预警,焚烧炉出口氧含量偏高
2025-06-20 15:22:00,1,预警,焚烧炉出口氧含量偏高
2025-06-20 15:24:00,1,预警,焚烧炉出口氧含量偏高
2025-06-20 15:26:00,1,预警,焚烧炉出口氧含量偏高
2025-06-20 15:28:00,1,预警,焚烧炉出口氧含量偏高
2025-06-20 15:30:00,1,预警,焚烧炉出口氧含量偏高
2025-06-20 15:32:00,1,预警,焚烧炉出口氧含量偏高
2025-06-20 15:34:00,1,预警,焚烧炉出口氧含量偏高
2025-06-20 15:36:00,1,预警,焚烧炉出口氧含量偏高
2025-06-20 15:38:00,1,预警,焚烧炉出口氧含量偏高
2025-06-20 15:40:00,1,预警,焚烧炉出口氧含量偏高
2025-06-20 15:42:00,1,预警,焚烧炉出口氧含量偏高
2025-06-20 15:44:00,1,预警,焚烧炉出口氧含量偏高
2025-06-20 15:46:00,1,预警,焚烧炉出口氧含量偏高
2025-06-20 15:48:00,1,预警,焚烧炉出口氧含量偏高
2025-06-20 15:50:00,1,预警,焚烧炉出口氧含量偏高
2025-06-20 15:52:00,1,预警,焚烧炉出口氧含量偏高
2025-06-20 15:54:00,1,预警,焚烧炉出口氧含量偏高
2025-06-20 15:56:00,1,预警,焚烧炉出口氧含量偏高
2025-06-20 15:58:00,1,预警,焚烧炉出口氧含量偏高
2025-06-20 16:00:00,1,预警,焚烧炉出口氧含量偏高
2025-06-20 16:02:00,1,预警,焚烧炉出口氧含量偏高
2025-06-20 16:04:00,1,预警,焚烧炉出口氧含量偏高
2025-06-20 16:06:00,1,预警,焚烧炉出口氧含量偏高
2025-06-20 16:08:00,1,预警,焚烧炉出口氧含量偏高
2025-06-20 16:10:00,1,预警,焚烧炉出口氧含量偏高
2025-06-20 16:12:00,1,预警,焚烧炉出口氧含量偏高
2025-06-20 16:14:00,1,预警,焚烧炉出口氧含量偏高
2025-06-20 16:16:00,1,预警,焚烧炉出口氧含量偏高
2025-06-20 16:18:00,1,预警,焚烧炉出口氧含量偏高
2025-06-20 16:20:00,1,预警,焚烧炉出口氧含量偏高
2025-06-20 16:22:00,1,预警,焚烧炉出口氧含量偏高
2025-06-20 16:26:00,1,预警,焚烧炉出口氧含量偏高
2025-06-20 16:28:00,1,预警,焚烧炉出口氧含量偏高
2025-06-20 16:30:00,1,预警,焚烧炉出口氧含量偏高
2025-06-20 16:32:00,1,预警,焚烧炉出口氧含量偏高
2025-06-20 16:34:00,1,预警,焚烧炉出口氧含量偏高
2025-06-20 16:36:00,1,预警,焚烧炉出口氧含量偏高
2025-06-20 16:38:00,1,预警,焚烧炉出口氧含量偏高
2025-06-20 16:40:00,1,预警,焚烧炉出口氧含量偏高
2025-06-20 16:42:00,1,预警,焚烧炉出口氧含量偏高
2025-06-20 17:34:00,1,预警,焚烧炉出口氧含量偏高
2025-06-20 18:00:00,1,预警,焚烧炉出口氧含量偏高
2025-06-20 18:02:00,1,预警,焚烧炉出口氧含量偏高
2025-06-20 18:04:00,1,预警,焚烧炉出口氧含量偏高
2025-06-20 18:06:00,1,预警,焚烧炉出口氧含量偏高
2025-06-20 18:08:00,1,预警,焚烧炉出口氧含量偏高
2025-06-20 18:10:00,1,预警,焚烧炉出口氧含量偏高
2025-06-20 18:12:00,1,预警,焚烧炉出口氧含量偏高
2025-06-20 18:14:00,1,预警,焚烧炉出口氧含量偏高
2025-06-20 18:16:00,1,预警,焚烧炉出口氧含量偏高
2025-06-20 18:18:00,1,预警,焚烧炉出口氧含量偏高
2025-06-20 18:20:00,1,预警,焚烧炉出口氧含量偏高
2025-06-20 18:22:00,1,预警,焚烧炉出口氧含量偏高
2025-06-20 18:24:00,1,预警,焚烧炉出口氧含量偏高
2025-06-20 18:26:00,1,预警,焚烧炉出口氧含量偏高
2025-06-20 18:28:00,1,预警,焚烧炉出口氧含量偏高
2025-06-20 18:30:00,1,预警,焚烧炉出口氧含量偏高
2025-06-20 18:32:00,1,预警,焚烧炉出口氧含量偏高
2025-06-20 18:34:00,1,预警,焚烧炉出口氧含量偏高
2025-06-20 18:36:00,1,预警,焚烧炉出口氧含量偏高
2025-06-20 18:38:00,1,预警,焚烧炉出口氧含量偏高
2025-06-20 18:40:00,1,预警,焚烧炉出口氧含量偏高
2025-06-20 18:42:00,1,预警,焚烧炉出口氧含量偏高
2025-06-20 18:44:00,1,预警,焚烧炉出口氧含量偏高
2025-06-20 18:46:00,1,预警,焚烧炉出口氧含量偏高
2025-06-20 19:14:00,1,预警,焚烧炉出口氧含量偏高
2025-06-20 19:16:00,1,预警,焚烧炉出口氧含量偏高
2025-06-20 19:18:00,1,预警,焚烧炉出口氧含量偏高
2025-06-20 19:20:00,1,预警,焚烧炉出口氧含量偏高
2025-06-20 19:36:00,1,预警,焚烧炉出口氧含量偏高
2025-06-20 20:32:00,1,预警,焚烧炉出口氧含量偏高
2025-06-20 20:56:00,1,预警,焚烧炉出口氧含量偏高
2025-06-20 21:00:00,1,预警,布袋除尘器压力损失偏低
2025-06-20 21:06:00,1,预警,布袋除尘器压力损失偏低
2025-06-20 21:12:00,1,预警,焚烧炉出口氧含量偏高
2025-06-20 21:14:00,1,预警,布袋除尘器压力损失偏低
2025-06-20 21:14:00,1,预警,焚烧炉出口氧含量偏高
2025-06-20 21:16:00,1,预警,布袋除尘器压力损失偏低
2025-06-20 21:22:00,1,预警,布袋除尘器压力损失偏低
2025-06-20 21:24:00,1,预警,布袋除尘器压力损失偏低
2025-06-20 21:34:00,1,预警,焚烧炉出口氧含量偏高
2025-06-20 23:10:00,1,预警,焚烧炉出口氧含量偏高
2025-06-20 23:24:00,1,预警,焚烧炉出口氧含量偏高
