﻿时间,炉号,预警/报警类型,预警/报警事件
2025-06-21 01:00:00,1,预警,焚烧炉出口氧含量偏高
2025-06-21 01:30:00,1,预警,焚烧炉出口氧含量偏高
2025-06-21 01:32:00,1,预警,焚烧炉出口氧含量偏高
2025-06-21 01:56:00,1,预警,焚烧炉出口氧含量偏高
2025-06-21 05:26:00,1,预警,焚烧炉出口氧含量偏高
2025-06-21 05:28:00,1,预警,焚烧炉出口氧含量偏高
2025-06-21 05:38:00,1,预警,焚烧炉出口氧含量偏高
2025-06-21 05:40:00,1,预警,焚烧炉出口氧含量偏高
2025-06-21 05:58:00,1,预警,焚烧炉出口氧含量偏高
2025-06-21 06:08:00,1,预警,焚烧炉出口氧含量偏高
2025-06-21 06:20:00,1,预警,焚烧炉出口氧含量偏高
2025-06-21 06:22:00,1,预警,焚烧炉出口氧含量偏高
2025-06-21 06:50:00,1,预警,焚烧炉出口氧含量偏高
2025-06-21 07:46:00,1,预警,焚烧炉出口氧含量偏高
2025-06-21 07:56:00,1,预警,焚烧炉出口氧含量偏高
2025-06-21 08:00:00,1,预警,焚烧炉出口氧含量偏高
2025-06-21 08:04:00,1,预警,焚烧炉出口氧含量偏高
2025-06-21 08:06:00,1,预警,焚烧炉出口氧含量偏高
2025-06-21 08:08:00,1,预警,焚烧炉出口氧含量偏高
2025-06-21 08:10:00,1,预警,焚烧炉出口氧含量偏高
2025-06-21 08:12:00,1,预警,焚烧炉出口氧含量偏高
2025-06-21 08:14:00,1,预警,焚烧炉出口氧含量偏高
2025-06-21 08:16:00,1,预警,焚烧炉出口氧含量偏高
2025-06-21 08:20:00,1,预警,焚烧炉出口氧含量偏高
2025-06-21 08:22:00,1,预警,焚烧炉出口氧含量偏高
2025-06-21 08:24:00,1,预警,焚烧炉出口氧含量偏高
2025-06-21 08:28:00,1,预警,焚烧炉出口氧含量偏高
2025-06-21 08:30:00,1,预警,焚烧炉出口氧含量偏高
2025-06-21 08:32:00,1,预警,焚烧炉出口氧含量偏高
2025-06-21 08:34:00,1,预警,焚烧炉出口氧含量偏高
2025-06-21 08:36:00,1,预警,焚烧炉出口氧含量偏高
2025-06-21 08:38:00,1,预警,焚烧炉出口氧含量偏高
2025-06-21 08:46:00,1,预警,焚烧炉出口氧含量偏高
2025-06-21 08:48:00,1,预警,焚烧炉出口氧含量偏高
2025-06-21 09:04:00,1,预警,焚烧炉出口氧含量偏高
2025-06-21 09:06:00,1,预警,焚烧炉出口氧含量偏高
2025-06-21 09:08:00,1,预警,焚烧炉出口氧含量偏高
2025-06-21 09:10:00,1,预警,焚烧炉出口氧含量偏高
2025-06-21 09:12:00,1,预警,焚烧炉出口氧含量偏高
2025-06-21 09:14:00,1,预警,焚烧炉出口氧含量偏高
2025-06-21 09:16:00,1,预警,焚烧炉出口氧含量偏高
2025-06-21 09:18:00,1,预警,焚烧炉出口氧含量偏高
2025-06-21 09:20:00,1,预警,焚烧炉出口氧含量偏高
2025-06-21 09:22:00,1,预警,焚烧炉出口氧含量偏高
2025-06-21 09:24:00,1,预警,焚烧炉出口氧含量偏高
2025-06-21 09:42:00,1,预警,焚烧炉出口氧含量偏高
2025-06-21 09:44:00,1,预警,焚烧炉出口氧含量偏高
2025-06-21 09:46:00,1,预警,焚烧炉出口氧含量偏高
2025-06-21 09:48:00,1,预警,焚烧炉出口氧含量偏高
2025-06-21 09:50:00,1,预警,焚烧炉出口氧含量偏高
2025-06-21 10:06:00,1,预警,焚烧炉出口氧含量偏高
2025-06-21 10:08:00,1,预警,焚烧炉出口氧含量偏高
2025-06-21 10:10:00,1,预警,焚烧炉出口氧含量偏高
2025-06-21 10:12:00,1,预警,焚烧炉出口氧含量偏高
2025-06-21 10:14:00,1,预警,焚烧炉出口氧含量偏高
2025-06-21 10:16:00,1,预警,焚烧炉出口氧含量偏高
2025-06-21 10:18:00,1,预警,焚烧炉出口氧含量偏高
2025-06-21 10:20:00,1,预警,焚烧炉出口氧含量偏高
2025-06-21 10:22:00,1,预警,焚烧炉出口氧含量偏高
2025-06-21 12:10:00,1,预警,焚烧炉出口氧含量偏高
2025-06-21 12:12:00,1,预警,焚烧炉出口氧含量偏高
2025-06-21 12:14:00,1,预警,焚烧炉出口氧含量偏高
2025-06-21 12:16:00,1,预警,焚烧炉出口氧含量偏高
2025-06-21 12:18:00,1,预警,焚烧炉出口氧含量偏高
2025-06-21 12:20:00,1,预警,焚烧炉出口氧含量偏高
2025-06-21 12:22:00,1,预警,焚烧炉出口氧含量偏高
2025-06-21 12:48:00,1,预警,焚烧炉出口氧含量偏高
2025-06-21 12:52:00,1,预警,焚烧炉出口氧含量偏高
2025-06-21 12:54:00,1,预警,焚烧炉出口氧含量偏高
2025-06-21 13:20:00,1,预警,焚烧炉出口氧含量偏高
2025-06-21 15:08:00,1,预警,焚烧炉出口氧含量偏高
2025-06-21 15:12:00,1,预警,焚烧炉出口氧含量偏高
2025-06-21 15:14:00,1,预警,焚烧炉出口氧含量偏高
2025-06-21 15:16:00,1,预警,焚烧炉出口氧含量偏高
2025-06-21 15:18:00,1,预警,焚烧炉出口氧含量偏高
2025-06-21 15:24:00,1,预警,焚烧炉出口氧含量偏高
2025-06-21 15:26:00,1,预警,焚烧炉出口氧含量偏高
2025-06-21 17:54:00,1,预警,焚烧炉出口氧含量偏高
2025-06-21 17:56:00,1,预警,焚烧炉出口氧含量偏高
2025-06-21 18:00:00,1,预警,焚烧炉出口氧含量偏高
2025-06-21 18:04:00,1,预警,焚烧炉出口氧含量偏高
2025-06-21 18:06:00,1,预警,焚烧炉出口氧含量偏高
2025-06-21 18:10:00,1,预警,焚烧炉出口氧含量偏高
2025-06-21 18:26:00,1,预警,焚烧炉出口氧含量偏高
2025-06-21 18:28:00,1,预警,焚烧炉出口氧含量偏高
2025-06-21 18:30:00,1,预警,焚烧炉出口氧含量偏高
2025-06-21 18:32:00,1,预警,焚烧炉出口氧含量偏高
2025-06-21 18:34:00,1,预警,焚烧炉出口氧含量偏高
2025-06-21 20:12:00,1,预警,焚烧炉出口氧含量偏高
2025-06-21 20:16:00,1,预警,焚烧炉出口氧含量偏高
2025-06-21 20:34:00,1,预警,焚烧炉出口氧含量偏高
2025-06-21 20:36:00,1,预警,焚烧炉出口氧含量偏高
2025-06-21 20:40:00,1,预警,焚烧炉出口氧含量偏高
2025-06-21 20:42:00,1,预警,焚烧炉出口氧含量偏高
2025-06-21 20:44:00,1,预警,焚烧炉出口氧含量偏高
2025-06-21 20:46:00,1,预警,焚烧炉出口氧含量偏高
2025-06-21 20:54:00,1,预警,焚烧炉出口氧含量偏高
2025-06-21 21:08:00,1,预警,焚烧炉出口氧含量偏高
2025-06-21 21:32:00,1,预警,焚烧炉出口氧含量偏高
2025-06-21 22:08:00,1,预警,焚烧炉出口氧含量偏高
2025-06-21 22:12:00,1,预警,焚烧炉出口氧含量偏高
2025-06-21 22:16:00,1,预警,焚烧炉出口氧含量偏高
2025-06-21 22:18:00,1,预警,焚烧炉出口氧含量偏高
2025-06-21 22:20:00,1,预警,焚烧炉出口氧含量偏高
2025-06-21 22:22:00,1,预警,焚烧炉出口氧含量偏高
2025-06-21 22:24:00,1,预警,焚烧炉出口氧含量偏高
2025-06-21 22:30:00,1,预警,焚烧炉出口氧含量偏高
2025-06-21 22:34:00,1,预警,焚烧炉出口氧含量偏高
2025-06-21 22:36:00,1,预警,焚烧炉出口氧含量偏高
2025-06-21 22:38:00,1,预警,焚烧炉出口氧含量偏高
