﻿时间,炉号,预警/报警类型,预警/报警事件
2025-06-22 00:02:00,1,预警,焚烧炉出口氧含量偏高
2025-06-22 00:04:00,1,预警,焚烧炉出口氧含量偏高
2025-06-22 00:06:00,1,预警,焚烧炉出口氧含量偏高
2025-06-22 00:08:00,1,预警,焚烧炉出口氧含量偏高
2025-06-22 00:10:00,1,预警,焚烧炉出口氧含量偏高
2025-06-22 00:12:00,1,预警,焚烧炉出口氧含量偏高
2025-06-22 00:14:00,1,预警,焚烧炉出口氧含量偏高
2025-06-22 00:16:00,1,预警,焚烧炉出口氧含量偏高
2025-06-22 00:18:00,1,预警,焚烧炉出口氧含量偏高
2025-06-22 00:20:00,1,预警,焚烧炉出口氧含量偏高
2025-06-22 00:22:00,1,预警,焚烧炉出口氧含量偏高
2025-06-22 00:24:00,1,预警,焚烧炉出口氧含量偏高
2025-06-22 00:26:00,1,预警,焚烧炉出口氧含量偏高
2025-06-22 02:26:00,1,预警,焚烧炉出口氧含量偏高
2025-06-22 03:54:00,1,预警,焚烧炉出口氧含量偏高
2025-06-22 03:56:00,1,预警,焚烧炉出口氧含量偏高
2025-06-22 04:04:00,1,预警,焚烧炉出口氧含量偏高
2025-06-22 04:06:00,1,预警,焚烧炉出口氧含量偏高
2025-06-22 04:08:00,1,预警,焚烧炉出口氧含量偏高
2025-06-22 04:10:00,1,预警,焚烧炉出口氧含量偏高
2025-06-22 04:24:00,1,预警,焚烧炉出口氧含量偏高
2025-06-22 04:40:00,1,预警,焚烧炉出口氧含量偏高
2025-06-22 04:42:00,1,预警,焚烧炉出口氧含量偏高
2025-06-22 04:44:00,1,预警,焚烧炉出口氧含量偏高
2025-06-22 04:46:00,1,预警,焚烧炉出口氧含量偏高
2025-06-22 04:48:00,1,预警,焚烧炉出口氧含量偏高
2025-06-22 04:50:00,1,预警,焚烧炉出口氧含量偏高
2025-06-22 04:52:00,1,预警,焚烧炉出口氧含量偏高
2025-06-22 04:54:00,1,预警,焚烧炉出口氧含量偏高
2025-06-22 04:56:00,1,预警,焚烧炉出口氧含量偏高
2025-06-22 04:58:00,1,预警,焚烧炉出口氧含量偏高
2025-06-22 05:00:00,1,预警,焚烧炉出口氧含量偏高
2025-06-22 05:02:00,1,预警,焚烧炉出口氧含量偏高
2025-06-22 05:04:00,1,预警,焚烧炉出口氧含量偏高
2025-06-22 05:06:00,1,预警,焚烧炉出口氧含量偏高
2025-06-22 05:08:00,1,预警,焚烧炉出口氧含量偏高
2025-06-22 05:10:00,1,预警,焚烧炉出口氧含量偏高
2025-06-22 05:12:00,1,预警,焚烧炉出口氧含量偏高
2025-06-22 05:14:00,1,预警,焚烧炉出口氧含量偏高
2025-06-22 05:16:00,1,预警,焚烧炉出口氧含量偏高
2025-06-22 05:18:00,1,预警,焚烧炉出口氧含量偏高
2025-06-22 05:20:00,1,预警,焚烧炉出口氧含量偏高
2025-06-22 05:22:00,1,预警,焚烧炉出口氧含量偏高
2025-06-22 05:24:00,1,预警,焚烧炉出口氧含量偏高
2025-06-22 05:26:00,1,预警,焚烧炉出口氧含量偏高
2025-06-22 05:28:00,1,预警,焚烧炉出口氧含量偏高
2025-06-22 05:32:00,1,预警,焚烧炉出口氧含量偏高
2025-06-22 05:46:00,1,预警,焚烧炉出口氧含量偏高
2025-06-22 05:56:00,1,预警,焚烧炉出口氧含量偏高
2025-06-22 06:02:00,1,预警,焚烧炉出口氧含量偏高
2025-06-22 06:04:00,1,预警,焚烧炉出口氧含量偏高
2025-06-22 06:06:00,1,预警,焚烧炉出口氧含量偏高
2025-06-22 06:10:00,1,预警,焚烧炉出口氧含量偏高
2025-06-22 07:36:00,1,预警,焚烧炉出口氧含量偏高
2025-06-22 07:48:00,1,预警,焚烧炉出口氧含量偏高
2025-06-22 07:50:00,1,预警,焚烧炉出口氧含量偏高
2025-06-22 08:12:00,1,预警,焚烧炉出口氧含量偏高
2025-06-22 08:14:00,1,预警,焚烧炉出口氧含量偏高
2025-06-22 08:16:00,1,预警,焚烧炉出口氧含量偏高
2025-06-22 08:18:01,1,预警,焚烧炉出口氧含量偏高
2025-06-22 08:20:00,1,预警,焚烧炉出口氧含量偏高
2025-06-22 08:22:00,1,预警,焚烧炉出口氧含量偏高
2025-06-22 08:24:00,1,预警,焚烧炉出口氧含量偏高
2025-06-22 08:32:00,1,预警,焚烧炉出口氧含量偏高
2025-06-22 08:34:00,1,预警,焚烧炉出口氧含量偏高
2025-06-22 08:36:00,1,预警,焚烧炉出口氧含量偏高
2025-06-22 08:38:00,1,预警,焚烧炉出口氧含量偏高
2025-06-22 08:40:00,1,预警,焚烧炉出口氧含量偏高
2025-06-22 08:42:00,1,预警,焚烧炉出口氧含量偏高
2025-06-22 08:44:00,1,预警,焚烧炉出口氧含量偏高
2025-06-22 08:46:00,1,预警,焚烧炉出口氧含量偏高
2025-06-22 08:54:00,1,预警,焚烧炉出口氧含量偏高
2025-06-22 08:56:00,1,预警,焚烧炉出口氧含量偏高
2025-06-22 08:58:00,1,预警,焚烧炉出口氧含量偏高
2025-06-22 09:00:00,1,预警,焚烧炉出口氧含量偏高
2025-06-22 09:02:00,1,预警,焚烧炉出口氧含量偏高
2025-06-22 09:04:00,1,预警,焚烧炉出口氧含量偏高
2025-06-22 09:06:00,1,预警,焚烧炉出口氧含量偏高
2025-06-22 09:08:00,1,预警,焚烧炉出口氧含量偏高
2025-06-22 09:10:00,1,预警,焚烧炉出口氧含量偏高
2025-06-22 09:12:00,1,预警,焚烧炉出口氧含量偏高
2025-06-22 09:14:00,1,预警,焚烧炉出口氧含量偏高
2025-06-22 09:16:00,1,预警,焚烧炉出口氧含量偏高
2025-06-22 09:18:00,1,预警,焚烧炉出口氧含量偏高
2025-06-22 09:20:00,1,预警,焚烧炉出口氧含量偏高
2025-06-22 09:22:00,1,预警,焚烧炉出口氧含量偏高
2025-06-22 09:24:00,1,预警,焚烧炉出口氧含量偏高
2025-06-22 09:26:00,1,预警,焚烧炉出口氧含量偏高
2025-06-22 09:28:00,1,预警,焚烧炉出口氧含量偏高
2025-06-22 09:30:00,1,预警,焚烧炉出口氧含量偏高
2025-06-22 09:32:00,1,预警,焚烧炉出口氧含量偏高
2025-06-22 09:34:00,1,预警,焚烧炉出口氧含量偏高
2025-06-22 09:36:00,1,预警,焚烧炉出口氧含量偏高
2025-06-22 09:38:00,1,预警,焚烧炉出口氧含量偏高
2025-06-22 09:40:00,1,预警,焚烧炉出口氧含量偏高
2025-06-22 09:42:00,1,预警,焚烧炉出口氧含量偏高
2025-06-22 09:44:00,1,预警,焚烧炉出口氧含量偏高
2025-06-22 09:46:00,1,预警,焚烧炉出口氧含量偏高
2025-06-22 09:48:00,1,预警,焚烧炉出口氧含量偏高
2025-06-22 09:50:00,1,预警,焚烧炉出口氧含量偏高
2025-06-22 09:52:00,1,预警,焚烧炉出口氧含量偏高
2025-06-22 09:54:00,1,预警,焚烧炉出口氧含量偏高
2025-06-22 09:56:00,1,预警,焚烧炉出口氧含量偏高
2025-06-22 09:58:00,1,预警,焚烧炉出口氧含量偏高
2025-06-22 10:00:00,1,预警,焚烧炉出口氧含量偏高
2025-06-22 10:02:00,1,预警,焚烧炉出口氧含量偏高
2025-06-22 10:04:00,1,预警,焚烧炉出口氧含量偏高
2025-06-22 10:06:00,1,预警,焚烧炉出口氧含量偏高
2025-06-22 10:08:00,1,预警,焚烧炉出口氧含量偏高
2025-06-22 10:10:00,1,预警,焚烧炉出口氧含量偏高
2025-06-22 10:14:00,1,预警,焚烧炉出口氧含量偏高
2025-06-22 10:18:00,1,预警,焚烧炉出口氧含量偏高
2025-06-22 10:20:00,1,预警,焚烧炉出口氧含量偏高
2025-06-22 10:24:00,1,预警,焚烧炉出口氧含量偏高
2025-06-22 10:26:00,1,预警,焚烧炉出口氧含量偏高
2025-06-22 10:28:00,1,预警,焚烧炉出口氧含量偏高
2025-06-22 10:30:00,1,预警,焚烧炉出口氧含量偏高
2025-06-22 11:50:00,1,预警,焚烧炉出口氧含量偏高
2025-06-22 11:52:00,1,预警,焚烧炉出口氧含量偏高
2025-06-22 11:56:00,1,预警,焚烧炉出口氧含量偏高
2025-06-22 11:58:00,1,预警,焚烧炉出口氧含量偏高
2025-06-22 12:20:00,1,预警,焚烧炉出口氧含量偏高
2025-06-22 12:22:00,1,预警,焚烧炉出口氧含量偏高
2025-06-22 15:10:00,1,预警,焚烧炉出口氧含量偏高
2025-06-22 15:12:00,1,预警,焚烧炉出口氧含量偏高
2025-06-22 15:14:00,1,预警,焚烧炉出口氧含量偏高
2025-06-22 15:16:00,1,预警,焚烧炉出口氧含量偏高
2025-06-22 15:18:00,1,预警,焚烧炉出口氧含量偏高
2025-06-22 15:20:00,1,预警,焚烧炉出口氧含量偏高
2025-06-22 15:22:00,1,预警,焚烧炉出口氧含量偏高
2025-06-22 15:24:00,1,预警,焚烧炉出口氧含量偏高
2025-06-22 15:26:00,1,预警,焚烧炉出口氧含量偏高
2025-06-22 15:28:00,1,预警,焚烧炉出口氧含量偏高
2025-06-22 15:30:00,1,预警,焚烧炉出口氧含量偏高
2025-06-22 15:32:00,1,预警,焚烧炉出口氧含量偏高
2025-06-22 18:14:00,1,预警,焚烧炉出口氧含量偏高
2025-06-22 18:16:00,1,预警,焚烧炉出口氧含量偏高
2025-06-22 18:26:00,1,预警,焚烧炉出口氧含量偏高
2025-06-22 18:28:00,1,预警,焚烧炉出口氧含量偏高
2025-06-22 19:04:00,1,预警,焚烧炉出口氧含量偏高
2025-06-22 19:14:00,1,预警,焚烧炉出口氧含量偏高
2025-06-22 19:18:00,1,预警,焚烧炉出口氧含量偏高
2025-06-22 23:42:00,1,预警,焚烧炉出口氧含量偏高
