﻿时间,炉号,预警/报警类型,预警/报警事件
2025-06-23 00:10:00,1,预警,焚烧炉出口氧含量偏高
2025-06-23 00:40:00,1,预警,焚烧炉出口氧含量偏高
2025-06-23 00:44:00,1,预警,焚烧炉出口氧含量偏高
2025-06-23 00:46:00,1,预警,焚烧炉出口氧含量偏高
2025-06-23 01:40:00,1,预警,焚烧炉出口氧含量偏高
2025-06-23 01:42:00,1,预警,焚烧炉出口氧含量偏高
2025-06-23 01:44:00,1,预警,焚烧炉出口氧含量偏高
2025-06-23 01:46:00,1,预警,焚烧炉出口氧含量偏高
2025-06-23 01:48:00,1,预警,焚烧炉出口氧含量偏高
2025-06-23 01:50:00,1,预警,焚烧炉出口氧含量偏高
2025-06-23 01:52:00,1,预警,焚烧炉出口氧含量偏高
2025-06-23 01:56:00,1,预警,焚烧炉出口氧含量偏高
2025-06-23 01:58:00,1,预警,焚烧炉出口氧含量偏高
2025-06-23 02:06:00,1,预警,焚烧炉出口氧含量偏高
2025-06-23 02:12:00,1,预警,焚烧炉出口氧含量偏高
2025-06-23 02:16:00,1,预警,焚烧炉出口氧含量偏高
2025-06-23 02:26:00,1,预警,焚烧炉出口氧含量偏高
2025-06-23 04:06:00,1,预警,焚烧炉出口氧含量偏高
2025-06-23 04:12:00,1,预警,焚烧炉出口氧含量偏高
2025-06-23 04:14:00,1,预警,布袋除尘器压力损失偏低
2025-06-23 04:16:00,1,预警,布袋除尘器压力损失偏低
2025-06-23 04:18:00,1,预警,布袋除尘器压力损失偏低
2025-06-23 04:20:00,1,预警,布袋除尘器压力损失偏低
2025-06-23 04:22:00,1,预警,布袋除尘器压力损失偏低
2025-06-23 04:24:00,1,预警,布袋除尘器压力损失偏低
2025-06-23 04:30:00,1,预警,布袋除尘器压力损失偏低
2025-06-23 04:36:00,1,预警,布袋除尘器压力损失偏低
2025-06-23 04:52:00,1,预警,焚烧炉出口氧含量偏高
2025-06-23 04:56:00,1,预警,焚烧炉出口氧含量偏高
2025-06-23 05:04:00,1,预警,焚烧炉出口氧含量偏高
2025-06-23 05:06:00,1,预警,焚烧炉出口氧含量偏高
2025-06-23 05:08:00,1,预警,焚烧炉出口氧含量偏高
2025-06-23 05:10:00,1,预警,焚烧炉出口氧含量偏高
2025-06-23 07:10:00,1,预警,焚烧炉出口氧含量偏高
2025-06-23 07:30:00,1,预警,焚烧炉出口氧含量偏高
2025-06-23 07:34:00,1,预警,焚烧炉出口氧含量偏高
2025-06-23 07:36:00,1,预警,焚烧炉出口氧含量偏高
2025-06-23 07:38:00,1,预警,焚烧炉出口氧含量偏高
2025-06-23 07:58:00,1,预警,焚烧炉出口氧含量偏高
2025-06-23 08:02:00,1,预警,焚烧炉出口氧含量偏高
2025-06-23 08:08:00,1,预警,焚烧炉出口氧含量偏高
2025-06-23 08:10:00,1,预警,焚烧炉出口氧含量偏高
2025-06-23 08:12:00,1,预警,焚烧炉出口氧含量偏高
2025-06-23 10:00:00,1,预警,焚烧炉出口氧含量偏高
2025-06-23 10:02:00,1,预警,焚烧炉出口氧含量偏高
2025-06-23 10:04:00,1,预警,焚烧炉出口氧含量偏高
2025-06-23 10:06:00,1,预警,焚烧炉出口氧含量偏高
2025-06-23 10:08:00,1,预警,焚烧炉出口氧含量偏高
2025-06-23 10:10:00,1,预警,焚烧炉出口氧含量偏高
2025-06-23 10:12:00,1,预警,焚烧炉出口氧含量偏高
2025-06-23 10:14:00,1,预警,焚烧炉出口氧含量偏高
2025-06-23 10:16:00,1,预警,焚烧炉出口氧含量偏高
2025-06-23 10:18:00,1,预警,焚烧炉出口氧含量偏高
2025-06-23 10:36:00,1,预警,焚烧炉出口氧含量偏高
2025-06-23 10:38:00,1,预警,焚烧炉出口氧含量偏高
2025-06-23 10:48:00,1,预警,焚烧炉出口氧含量偏高
2025-06-23 10:52:00,1,预警,焚烧炉出口氧含量偏高
2025-06-23 10:54:00,1,预警,焚烧炉出口氧含量偏高
2025-06-23 10:56:00,1,预警,焚烧炉出口氧含量偏高
2025-06-23 10:58:00,1,预警,焚烧炉出口氧含量偏高
2025-06-23 11:00:00,1,预警,焚烧炉出口氧含量偏高
2025-06-23 11:04:00,1,预警,焚烧炉出口氧含量偏高
2025-06-23 11:06:00,1,预警,焚烧炉出口氧含量偏高
2025-06-23 14:18:00,1,预警,焚烧炉出口氧含量偏高
2025-06-23 14:30:00,1,预警,焚烧炉出口氧含量偏高
2025-06-23 16:08:00,1,预警,焚烧炉出口氧含量偏高
2025-06-23 16:10:00,1,预警,焚烧炉出口氧含量偏高
2025-06-23 16:12:00,1,预警,焚烧炉出口氧含量偏高
2025-06-23 16:14:00,1,预警,焚烧炉出口氧含量偏高
2025-06-23 16:16:00,1,预警,焚烧炉出口氧含量偏高
2025-06-23 16:18:00,1,预警,焚烧炉出口氧含量偏高
2025-06-23 16:20:00,1,预警,焚烧炉出口氧含量偏高
2025-06-23 16:22:00,1,预警,焚烧炉出口氧含量偏高
2025-06-23 16:24:00,1,预警,焚烧炉出口氧含量偏高
2025-06-23 16:26:00,1,预警,焚烧炉出口氧含量偏高
2025-06-23 16:28:00,1,预警,焚烧炉出口氧含量偏高
2025-06-23 16:30:00,1,预警,焚烧炉出口氧含量偏高
2025-06-23 16:32:00,1,预警,焚烧炉出口氧含量偏高
2025-06-23 16:34:00,1,预警,焚烧炉出口氧含量偏高
2025-06-23 16:36:00,1,预警,焚烧炉出口氧含量偏高
2025-06-23 16:38:00,1,预警,焚烧炉出口氧含量偏高
2025-06-23 16:40:00,1,预警,焚烧炉出口氧含量偏高
2025-06-23 16:42:00,1,预警,焚烧炉出口氧含量偏高
2025-06-23 16:44:00,1,预警,焚烧炉出口氧含量偏高
2025-06-23 16:46:00,1,预警,焚烧炉出口氧含量偏高
2025-06-23 16:48:00,1,预警,焚烧炉出口氧含量偏高
2025-06-23 16:50:00,1,预警,焚烧炉出口氧含量偏高
2025-06-23 16:52:00,1,预警,焚烧炉出口氧含量偏高
2025-06-23 16:54:00,1,预警,焚烧炉出口氧含量偏高
2025-06-23 16:56:00,1,预警,焚烧炉出口氧含量偏高
2025-06-23 16:58:00,1,预警,焚烧炉出口氧含量偏高
2025-06-23 17:00:00,1,预警,焚烧炉出口氧含量偏高
2025-06-23 17:04:00,1,预警,焚烧炉出口氧含量偏高
2025-06-23 17:06:00,1,预警,焚烧炉出口氧含量偏高
2025-06-23 17:08:00,1,预警,焚烧炉出口氧含量偏高
2025-06-23 17:10:00,1,预警,焚烧炉出口氧含量偏高
2025-06-23 17:12:00,1,预警,焚烧炉出口氧含量偏高
2025-06-23 17:14:00,1,预警,焚烧炉出口氧含量偏高
2025-06-23 17:16:00,1,预警,焚烧炉出口氧含量偏高
2025-06-23 17:18:00,1,预警,焚烧炉出口氧含量偏高
2025-06-23 17:20:00,1,预警,焚烧炉出口氧含量偏高
2025-06-23 17:22:00,1,预警,焚烧炉出口氧含量偏高
2025-06-23 17:24:00,1,预警,焚烧炉出口氧含量偏高
2025-06-23 17:26:00,1,预警,焚烧炉出口氧含量偏高
2025-06-23 17:28:00,1,预警,焚烧炉出口氧含量偏高
2025-06-23 17:30:00,1,预警,焚烧炉出口氧含量偏高
2025-06-23 17:32:00,1,预警,焚烧炉出口氧含量偏高
2025-06-23 17:34:00,1,预警,焚烧炉出口氧含量偏高
2025-06-23 17:36:00,1,预警,焚烧炉出口氧含量偏高
2025-06-23 17:38:00,1,预警,焚烧炉出口氧含量偏高
2025-06-23 17:40:00,1,预警,焚烧炉出口氧含量偏高
2025-06-23 17:42:00,1,预警,焚烧炉出口氧含量偏高
2025-06-23 17:44:00,1,预警,焚烧炉出口氧含量偏高
2025-06-23 17:46:00,1,预警,焚烧炉出口氧含量偏高
2025-06-23 17:48:00,1,预警,焚烧炉出口氧含量偏高
2025-06-23 17:50:00,1,预警,焚烧炉出口氧含量偏高
2025-06-23 17:52:00,1,预警,焚烧炉出口氧含量偏高
2025-06-23 17:54:00,1,预警,焚烧炉出口氧含量偏高
2025-06-23 17:56:00,1,预警,焚烧炉出口氧含量偏高
2025-06-23 17:58:00,1,预警,焚烧炉出口氧含量偏高
2025-06-23 18:02:00,1,预警,焚烧炉出口氧含量偏高
2025-06-23 18:10:00,1,预警,焚烧炉出口氧含量偏高
2025-06-23 18:12:00,1,预警,焚烧炉出口氧含量偏高
2025-06-23 18:14:00,1,预警,焚烧炉出口氧含量偏高
2025-06-23 18:16:00,1,预警,焚烧炉出口氧含量偏高
2025-06-23 18:18:00,1,预警,焚烧炉出口氧含量偏高
2025-06-23 18:20:00,1,预警,焚烧炉出口氧含量偏高
2025-06-23 18:22:00,1,预警,焚烧炉出口氧含量偏高
2025-06-23 18:24:00,1,预警,焚烧炉出口氧含量偏高
2025-06-23 18:26:00,1,预警,焚烧炉出口氧含量偏高
2025-06-23 18:28:00,1,预警,焚烧炉出口氧含量偏高
2025-06-23 18:30:01,1,预警,焚烧炉出口氧含量偏高
2025-06-23 18:32:00,1,预警,焚烧炉出口氧含量偏高
2025-06-23 18:34:00,1,预警,焚烧炉出口氧含量偏高
2025-06-23 18:36:00,1,预警,焚烧炉出口氧含量偏高
2025-06-23 18:38:00,1,预警,焚烧炉出口氧含量偏高
2025-06-23 18:40:00,1,预警,焚烧炉出口氧含量偏高
2025-06-23 18:42:00,1,预警,焚烧炉出口氧含量偏高
2025-06-23 18:44:00,1,预警,焚烧炉出口氧含量偏高
2025-06-23 18:46:00,1,预警,焚烧炉出口氧含量偏高
2025-06-23 18:48:00,1,预警,焚烧炉出口氧含量偏高
2025-06-23 18:50:00,1,预警,焚烧炉出口氧含量偏高
2025-06-23 18:52:00,1,预警,焚烧炉出口氧含量偏高
2025-06-23 18:54:00,1,预警,焚烧炉出口氧含量偏高
2025-06-23 18:56:00,1,预警,焚烧炉出口氧含量偏高
2025-06-23 18:58:00,1,预警,焚烧炉出口氧含量偏高
2025-06-23 19:00:00,1,预警,焚烧炉出口氧含量偏高
2025-06-23 19:02:00,1,预警,焚烧炉出口氧含量偏高
2025-06-23 19:04:00,1,预警,焚烧炉出口氧含量偏高
2025-06-23 19:06:00,1,预警,焚烧炉出口氧含量偏高
2025-06-23 19:08:00,1,预警,焚烧炉出口氧含量偏高
2025-06-23 19:10:00,1,预警,焚烧炉出口氧含量偏高
2025-06-23 19:12:00,1,预警,焚烧炉出口氧含量偏高
2025-06-23 19:14:00,1,预警,焚烧炉出口氧含量偏高
2025-06-23 19:16:00,1,预警,焚烧炉出口氧含量偏高
2025-06-23 19:18:00,1,预警,焚烧炉出口氧含量偏高
2025-06-23 19:20:00,1,预警,焚烧炉出口氧含量偏高
2025-06-23 19:22:00,1,预警,焚烧炉出口氧含量偏高
2025-06-23 19:24:00,1,预警,焚烧炉出口氧含量偏高
2025-06-23 19:26:00,1,预警,焚烧炉出口氧含量偏高
2025-06-23 19:28:00,1,预警,焚烧炉出口氧含量偏高
2025-06-23 19:30:00,1,预警,焚烧炉出口氧含量偏高
2025-06-23 19:32:00,1,预警,焚烧炉出口氧含量偏高
2025-06-23 19:34:00,1,预警,焚烧炉出口氧含量偏高
2025-06-23 19:36:00,1,预警,焚烧炉出口氧含量偏高
2025-06-23 19:38:00,1,预警,焚烧炉出口氧含量偏高
2025-06-23 19:40:00,1,预警,焚烧炉出口氧含量偏高
2025-06-23 19:42:00,1,预警,焚烧炉出口氧含量偏高
2025-06-23 19:44:00,1,预警,焚烧炉出口氧含量偏高
2025-06-23 19:46:00,1,预警,焚烧炉出口氧含量偏高
2025-06-23 19:48:00,1,预警,焚烧炉出口氧含量偏高
2025-06-23 19:50:00,1,预警,焚烧炉出口氧含量偏高
2025-06-23 19:52:00,1,预警,焚烧炉出口氧含量偏高
2025-06-23 19:54:00,1,预警,焚烧炉出口氧含量偏高
2025-06-23 19:56:00,1,预警,焚烧炉出口氧含量偏高
2025-06-23 19:58:00,1,预警,焚烧炉出口氧含量偏高
2025-06-23 20:00:00,1,预警,焚烧炉出口氧含量偏高
2025-06-23 20:02:00,1,预警,焚烧炉出口氧含量偏高
2025-06-23 20:04:00,1,预警,焚烧炉出口氧含量偏高
2025-06-23 20:06:00,1,预警,焚烧炉出口氧含量偏高
2025-06-23 20:08:00,1,预警,焚烧炉出口氧含量偏高
2025-06-23 20:10:00,1,预警,焚烧炉出口氧含量偏高
2025-06-23 20:12:00,1,预警,焚烧炉出口氧含量偏高
2025-06-23 20:14:00,1,预警,焚烧炉出口氧含量偏高
2025-06-23 20:16:00,1,预警,焚烧炉出口氧含量偏高
2025-06-23 20:18:00,1,预警,焚烧炉出口氧含量偏高
2025-06-23 20:20:00,1,预警,焚烧炉出口氧含量偏高
2025-06-23 20:22:00,1,预警,焚烧炉出口氧含量偏高
2025-06-23 20:24:00,1,预警,焚烧炉出口氧含量偏高
2025-06-23 20:26:00,1,预警,焚烧炉出口氧含量偏高
2025-06-23 20:28:00,1,预警,焚烧炉出口氧含量偏高
2025-06-23 20:30:00,1,预警,焚烧炉出口氧含量偏高
2025-06-23 20:32:00,1,预警,焚烧炉出口氧含量偏高
2025-06-23 20:34:00,1,预警,焚烧炉出口氧含量偏高
2025-06-23 20:36:00,1,预警,焚烧炉出口氧含量偏高
2025-06-23 20:38:00,1,预警,焚烧炉出口氧含量偏高
2025-06-23 20:40:00,1,预警,焚烧炉出口氧含量偏高
2025-06-23 20:42:00,1,预警,焚烧炉出口氧含量偏高
2025-06-23 20:44:00,1,预警,焚烧炉出口氧含量偏高
2025-06-23 20:46:00,1,预警,焚烧炉出口氧含量偏高
2025-06-23 20:48:00,1,预警,焚烧炉出口氧含量偏高
2025-06-23 20:50:00,1,预警,焚烧炉出口氧含量偏高
2025-06-23 20:52:00,1,预警,焚烧炉出口氧含量偏高
2025-06-23 20:54:00,1,预警,焚烧炉出口氧含量偏高
2025-06-23 20:56:00,1,预警,焚烧炉出口氧含量偏高
2025-06-23 20:58:00,1,预警,焚烧炉出口氧含量偏高
2025-06-23 21:00:00,1,预警,焚烧炉出口氧含量偏高
2025-06-23 21:02:00,1,预警,焚烧炉出口氧含量偏高
2025-06-23 21:04:00,1,预警,焚烧炉出口氧含量偏高
2025-06-23 21:06:00,1,预警,焚烧炉出口氧含量偏高
2025-06-23 21:08:00,1,预警,焚烧炉出口氧含量偏高
2025-06-23 21:10:00,1,预警,焚烧炉出口氧含量偏高
2025-06-23 21:12:00,1,预警,焚烧炉出口氧含量偏高
2025-06-23 21:14:00,1,预警,焚烧炉出口氧含量偏高
2025-06-23 21:16:00,1,预警,焚烧炉出口氧含量偏高
2025-06-23 21:18:00,1,预警,焚烧炉出口氧含量偏高
2025-06-23 21:20:00,1,预警,焚烧炉出口氧含量偏高
2025-06-23 21:22:00,1,预警,焚烧炉出口氧含量偏高
2025-06-23 21:24:00,1,预警,焚烧炉出口氧含量偏高
2025-06-23 21:26:00,1,预警,焚烧炉出口氧含量偏高
2025-06-23 21:28:00,1,预警,焚烧炉出口氧含量偏高
2025-06-23 21:30:00,1,预警,焚烧炉出口氧含量偏高
2025-06-23 21:32:00,1,预警,焚烧炉出口氧含量偏高
2025-06-23 21:34:01,1,预警,焚烧炉出口氧含量偏高
2025-06-23 21:36:00,1,预警,焚烧炉出口氧含量偏高
2025-06-23 21:38:00,1,预警,焚烧炉出口氧含量偏高
2025-06-23 21:40:00,1,预警,焚烧炉出口氧含量偏高
2025-06-23 21:42:00,1,预警,焚烧炉出口氧含量偏高
2025-06-23 21:44:00,1,预警,焚烧炉出口氧含量偏高
2025-06-23 21:46:00,1,预警,焚烧炉出口氧含量偏高
2025-06-23 21:48:00,1,预警,焚烧炉出口氧含量偏高
2025-06-23 21:50:00,1,预警,焚烧炉出口氧含量偏高
2025-06-23 21:52:00,1,预警,焚烧炉出口氧含量偏高
2025-06-23 21:54:00,1,预警,焚烧炉出口氧含量偏高
2025-06-23 21:56:00,1,预警,焚烧炉出口氧含量偏高
2025-06-23 21:58:00,1,预警,焚烧炉出口氧含量偏高
2025-06-23 22:00:00,1,预警,焚烧炉出口氧含量偏高
2025-06-23 22:02:00,1,预警,焚烧炉出口氧含量偏高
2025-06-23 22:04:00,1,预警,焚烧炉出口氧含量偏高
2025-06-23 22:06:00,1,预警,焚烧炉出口氧含量偏高
2025-06-23 22:08:00,1,预警,焚烧炉出口氧含量偏高
2025-06-23 22:10:00,1,预警,焚烧炉出口氧含量偏高
2025-06-23 22:12:00,1,预警,焚烧炉出口氧含量偏高
2025-06-23 22:14:00,1,预警,焚烧炉出口氧含量偏高
2025-06-23 22:16:00,1,预警,焚烧炉出口氧含量偏高
2025-06-23 22:18:00,1,预警,焚烧炉出口氧含量偏高
2025-06-23 22:20:00,1,预警,焚烧炉出口氧含量偏高
2025-06-23 22:22:00,1,预警,焚烧炉出口氧含量偏高
2025-06-23 22:24:00,1,预警,焚烧炉出口氧含量偏高
2025-06-23 22:26:00,1,预警,焚烧炉出口氧含量偏高
2025-06-23 22:28:00,1,预警,焚烧炉出口氧含量偏高
2025-06-23 22:32:00,1,预警,焚烧炉出口氧含量偏高
2025-06-23 22:34:00,1,预警,焚烧炉出口氧含量偏高
2025-06-23 22:36:00,1,预警,焚烧炉出口氧含量偏高
2025-06-23 22:38:00,1,预警,焚烧炉出口氧含量偏高
2025-06-23 22:40:00,1,预警,焚烧炉出口氧含量偏高
2025-06-23 22:42:00,1,预警,焚烧炉出口氧含量偏高
2025-06-23 22:44:00,1,预警,焚烧炉出口氧含量偏高
2025-06-23 22:48:00,1,预警,焚烧炉出口氧含量偏高
2025-06-23 22:52:00,1,预警,焚烧炉出口氧含量偏高
2025-06-23 22:58:00,1,预警,焚烧炉出口氧含量偏高
2025-06-23 23:12:00,1,预警,焚烧炉出口氧含量偏高
2025-06-23 23:14:00,1,预警,焚烧炉出口氧含量偏高
2025-06-23 23:22:00,1,预警,焚烧炉出口氧含量偏高
2025-06-23 23:42:00,1,预警,焚烧炉出口氧含量偏高
2025-06-23 23:44:00,1,预警,焚烧炉出口氧含量偏高
2025-06-23 23:46:00,1,预警,焚烧炉出口氧含量偏高
2025-06-23 23:48:00,1,预警,焚烧炉出口氧含量偏高
2025-06-23 23:50:00,1,预警,焚烧炉出口氧含量偏高
2025-06-23 23:52:00,1,预警,焚烧炉出口氧含量偏高
