﻿时间,炉号,预警/报警类型,预警/报警事件
2025-06-24 00:08:00,1,预警,焚烧炉出口氧含量偏高
2025-06-24 00:14:00,1,预警,焚烧炉出口氧含量偏高
2025-06-24 00:16:00,1,预警,焚烧炉出口氧含量偏高
2025-06-24 00:20:00,1,预警,焚烧炉出口氧含量偏高
2025-06-24 00:22:00,1,预警,焚烧炉出口氧含量偏高
2025-06-24 00:24:00,1,预警,焚烧炉出口氧含量偏高
2025-06-24 00:26:00,1,预警,焚烧炉出口氧含量偏高
2025-06-24 00:28:00,1,预警,焚烧炉出口氧含量偏高
2025-06-24 01:08:00,1,预警,焚烧炉出口氧含量偏高
2025-06-24 01:10:00,1,预警,焚烧炉出口氧含量偏高
2025-06-24 01:12:00,1,预警,焚烧炉出口氧含量偏高
2025-06-24 01:14:00,1,预警,焚烧炉出口氧含量偏高
2025-06-24 01:28:00,1,预警,焚烧炉出口氧含量偏高
2025-06-24 01:30:00,1,预警,焚烧炉出口氧含量偏高
2025-06-24 01:32:00,1,预警,焚烧炉出口氧含量偏高
2025-06-24 01:34:00,1,预警,焚烧炉出口氧含量偏高
2025-06-24 01:36:00,1,预警,焚烧炉出口氧含量偏高
2025-06-24 01:38:00,1,预警,焚烧炉出口氧含量偏高
2025-06-24 01:40:00,1,预警,焚烧炉出口氧含量偏高
2025-06-24 01:42:00,1,预警,焚烧炉出口氧含量偏高
2025-06-24 01:46:00,1,预警,焚烧炉出口氧含量偏高
2025-06-24 02:38:00,1,预警,焚烧炉出口氧含量偏高
2025-06-24 02:40:00,1,预警,焚烧炉出口氧含量偏高
2025-06-24 03:12:00,1,预警,焚烧炉出口氧含量偏高
2025-06-24 03:22:00,1,预警,焚烧炉出口氧含量偏高
2025-06-24 03:24:00,1,预警,焚烧炉出口氧含量偏高
2025-06-24 03:26:00,1,预警,焚烧炉出口氧含量偏高
2025-06-24 03:28:00,1,预警,焚烧炉出口氧含量偏高
2025-06-24 03:30:00,1,预警,焚烧炉出口氧含量偏高
2025-06-24 03:34:00,1,预警,焚烧炉出口氧含量偏高
2025-06-24 03:38:00,1,预警,焚烧炉出口氧含量偏高
2025-06-24 03:40:00,1,预警,焚烧炉出口氧含量偏高
2025-06-24 03:42:00,1,预警,焚烧炉出口氧含量偏高
2025-06-24 03:48:00,1,预警,焚烧炉出口氧含量偏高
2025-06-24 03:50:00,1,预警,焚烧炉出口氧含量偏高
2025-06-24 03:52:00,1,预警,焚烧炉出口氧含量偏高
2025-06-24 03:58:00,1,预警,焚烧炉出口氧含量偏高
2025-06-24 04:00:00,1,预警,焚烧炉出口氧含量偏高
2025-06-24 04:02:00,1,预警,焚烧炉出口氧含量偏高
2025-06-24 04:38:00,1,预警,焚烧炉出口氧含量偏高
2025-06-24 04:40:00,1,预警,焚烧炉出口氧含量偏高
2025-06-24 04:42:00,1,预警,焚烧炉出口氧含量偏高
2025-06-24 04:44:00,1,预警,焚烧炉出口氧含量偏高
2025-06-24 04:46:00,1,预警,焚烧炉出口氧含量偏高
2025-06-24 04:48:00,1,预警,焚烧炉出口氧含量偏高
2025-06-24 04:50:00,1,预警,焚烧炉出口氧含量偏高
2025-06-24 05:06:00,1,预警,焚烧炉出口氧含量偏高
2025-06-24 05:10:00,1,预警,焚烧炉出口氧含量偏高
2025-06-24 05:24:00,1,预警,焚烧炉出口氧含量偏高
2025-06-24 05:26:00,1,预警,焚烧炉出口氧含量偏高
2025-06-24 05:28:00,1,预警,焚烧炉出口氧含量偏高
2025-06-24 05:30:00,1,预警,焚烧炉出口氧含量偏高
2025-06-24 05:32:00,1,预警,焚烧炉出口氧含量偏高
2025-06-24 05:34:00,1,预警,焚烧炉出口氧含量偏高
2025-06-24 05:42:01,1,预警,焚烧炉出口氧含量偏高
2025-06-24 05:50:00,1,预警,焚烧炉出口氧含量偏高
2025-06-24 05:54:00,1,预警,焚烧炉出口氧含量偏高
2025-06-24 05:56:00,1,预警,焚烧炉出口氧含量偏高
2025-06-24 05:58:00,1,预警,焚烧炉出口氧含量偏高
2025-06-24 06:04:00,1,预警,焚烧炉出口氧含量偏高
2025-06-24 06:06:00,1,预警,焚烧炉出口氧含量偏高
2025-06-24 06:10:00,1,预警,焚烧炉出口氧含量偏高
2025-06-24 06:32:00,1,预警,焚烧炉出口氧含量偏高
2025-06-24 06:50:00,1,预警,焚烧炉出口氧含量偏高
2025-06-24 06:52:00,1,预警,焚烧炉出口氧含量偏高
2025-06-24 07:28:00,1,预警,焚烧炉出口氧含量偏高
2025-06-24 07:30:00,1,预警,焚烧炉出口氧含量偏高
2025-06-24 07:48:00,1,预警,焚烧炉出口氧含量偏高
2025-06-24 07:56:00,1,预警,焚烧炉出口氧含量偏高
2025-06-24 08:00:00,1,预警,焚烧炉出口氧含量偏高
2025-06-24 08:04:00,1,预警,焚烧炉出口氧含量偏高
2025-06-24 08:16:00,1,预警,焚烧炉出口氧含量偏高
2025-06-24 08:18:00,1,预警,焚烧炉出口氧含量偏高
2025-06-24 08:20:00,1,预警,焚烧炉出口氧含量偏高
2025-06-24 08:22:00,1,预警,焚烧炉出口氧含量偏高
2025-06-24 08:24:00,1,预警,焚烧炉出口氧含量偏高
2025-06-24 08:26:00,1,预警,焚烧炉出口氧含量偏高
2025-06-24 08:28:00,1,预警,焚烧炉出口氧含量偏高
2025-06-24 08:30:00,1,预警,焚烧炉出口氧含量偏高
2025-06-24 08:32:00,1,预警,焚烧炉出口氧含量偏高
2025-06-24 08:34:00,1,预警,焚烧炉出口氧含量偏高
2025-06-24 08:36:00,1,预警,焚烧炉出口氧含量偏高
2025-06-24 08:38:00,1,预警,焚烧炉出口氧含量偏高
2025-06-24 08:40:00,1,预警,焚烧炉出口氧含量偏高
2025-06-24 08:42:00,1,预警,焚烧炉出口氧含量偏高
2025-06-24 08:44:00,1,预警,焚烧炉出口氧含量偏高
2025-06-24 08:46:00,1,预警,焚烧炉出口氧含量偏高
2025-06-24 08:48:00,1,预警,焚烧炉出口氧含量偏高
2025-06-24 08:50:00,1,预警,焚烧炉出口氧含量偏高
2025-06-24 08:52:00,1,预警,焚烧炉出口氧含量偏高
2025-06-24 08:54:00,1,预警,焚烧炉出口氧含量偏高
2025-06-24 08:56:00,1,预警,焚烧炉出口氧含量偏高
2025-06-24 08:58:00,1,预警,焚烧炉出口氧含量偏高
2025-06-24 09:00:00,1,预警,焚烧炉出口氧含量偏高
2025-06-24 09:02:00,1,预警,焚烧炉出口氧含量偏高
2025-06-24 09:04:00,1,预警,焚烧炉出口氧含量偏高
2025-06-24 09:06:00,1,预警,焚烧炉出口氧含量偏高
2025-06-24 09:08:00,1,预警,焚烧炉出口氧含量偏高
2025-06-24 09:10:00,1,预警,焚烧炉出口氧含量偏高
2025-06-24 09:12:00,1,预警,焚烧炉出口氧含量偏高
2025-06-24 09:14:00,1,预警,焚烧炉出口氧含量偏高
2025-06-24 09:16:00,1,预警,焚烧炉出口氧含量偏高
2025-06-24 09:18:00,1,预警,焚烧炉出口氧含量偏高
2025-06-24 09:20:00,1,预警,焚烧炉出口氧含量偏高
2025-06-24 09:22:00,1,预警,焚烧炉出口氧含量偏高
2025-06-24 09:24:00,1,预警,焚烧炉出口氧含量偏高
2025-06-24 09:26:00,1,预警,焚烧炉出口氧含量偏高
2025-06-24 09:28:00,1,预警,焚烧炉出口氧含量偏高
2025-06-24 09:30:00,1,预警,焚烧炉出口氧含量偏高
2025-06-24 09:32:00,1,预警,焚烧炉出口氧含量偏高
2025-06-24 09:34:00,1,预警,焚烧炉出口氧含量偏高
2025-06-24 09:36:00,1,预警,焚烧炉出口氧含量偏高
2025-06-24 09:38:00,1,预警,焚烧炉出口氧含量偏高
2025-06-24 09:40:00,1,预警,焚烧炉出口氧含量偏高
2025-06-24 09:42:00,1,预警,焚烧炉出口氧含量偏高
2025-06-24 09:44:00,1,预警,焚烧炉出口氧含量偏高
2025-06-24 09:46:00,1,预警,焚烧炉出口氧含量偏高
2025-06-24 09:48:00,1,预警,焚烧炉出口氧含量偏高
2025-06-24 09:50:00,1,预警,焚烧炉出口氧含量偏高
2025-06-24 09:52:00,1,预警,焚烧炉出口氧含量偏高
2025-06-24 09:54:00,1,预警,焚烧炉出口氧含量偏高
2025-06-24 09:56:00,1,预警,焚烧炉出口氧含量偏高
2025-06-24 09:58:00,1,预警,焚烧炉出口氧含量偏高
2025-06-24 10:00:00,1,预警,焚烧炉出口氧含量偏高
2025-06-24 10:02:00,1,预警,焚烧炉出口氧含量偏高
2025-06-24 10:04:00,1,预警,焚烧炉出口氧含量偏高
2025-06-24 10:06:00,1,预警,焚烧炉出口氧含量偏高
2025-06-24 10:08:00,1,预警,焚烧炉出口氧含量偏高
2025-06-24 10:10:00,1,预警,焚烧炉出口氧含量偏高
2025-06-24 10:12:00,1,预警,焚烧炉出口氧含量偏高
2025-06-24 10:14:00,1,预警,焚烧炉出口氧含量偏高
2025-06-24 10:16:00,1,预警,焚烧炉出口氧含量偏高
2025-06-24 10:18:00,1,预警,焚烧炉出口氧含量偏高
2025-06-24 10:20:00,1,预警,焚烧炉出口氧含量偏高
2025-06-24 10:22:00,1,预警,焚烧炉出口氧含量偏高
2025-06-24 10:24:00,1,预警,焚烧炉出口氧含量偏高
2025-06-24 10:26:00,1,预警,焚烧炉出口氧含量偏高
2025-06-24 10:28:00,1,预警,焚烧炉出口氧含量偏高
2025-06-24 10:30:00,1,预警,焚烧炉出口氧含量偏高
2025-06-24 10:32:00,1,预警,焚烧炉出口氧含量偏高
2025-06-24 10:34:00,1,预警,焚烧炉出口氧含量偏高
2025-06-24 10:38:00,1,预警,焚烧炉出口氧含量偏高
2025-06-24 10:40:00,1,预警,焚烧炉出口氧含量偏高
2025-06-24 10:42:00,1,预警,焚烧炉出口氧含量偏高
2025-06-24 10:44:00,1,预警,焚烧炉出口氧含量偏高
2025-06-24 10:48:00,1,预警,焚烧炉出口氧含量偏高
2025-06-24 10:50:00,1,预警,焚烧炉出口氧含量偏高
2025-06-24 10:52:00,1,预警,焚烧炉出口氧含量偏高
2025-06-24 10:54:00,1,预警,焚烧炉出口氧含量偏高
2025-06-24 10:56:00,1,预警,焚烧炉出口氧含量偏高
2025-06-24 11:02:00,1,预警,焚烧炉出口氧含量偏高
2025-06-24 11:04:00,1,预警,焚烧炉出口氧含量偏高
2025-06-24 11:06:00,1,预警,焚烧炉出口氧含量偏高
2025-06-24 11:08:00,1,预警,焚烧炉出口氧含量偏高
2025-06-24 11:10:00,1,预警,焚烧炉出口氧含量偏高
2025-06-24 11:12:00,1,预警,焚烧炉出口氧含量偏高
2025-06-24 11:14:00,1,预警,焚烧炉出口氧含量偏高
2025-06-24 11:16:00,1,预警,焚烧炉出口氧含量偏高
2025-06-24 11:18:00,1,预警,焚烧炉出口氧含量偏高
2025-06-24 11:20:00,1,预警,焚烧炉出口氧含量偏高
2025-06-24 11:24:00,1,预警,焚烧炉出口氧含量偏高
2025-06-24 11:26:00,1,预警,焚烧炉出口氧含量偏高
2025-06-24 11:28:00,1,预警,焚烧炉出口氧含量偏高
2025-06-24 11:40:00,1,预警,焚烧炉出口氧含量偏高
2025-06-24 11:42:00,1,预警,焚烧炉出口氧含量偏高
2025-06-24 11:44:00,1,预警,焚烧炉出口氧含量偏高
2025-06-24 11:46:00,1,预警,焚烧炉出口氧含量偏高
2025-06-24 11:50:00,1,预警,焚烧炉出口氧含量偏高
2025-06-24 11:52:00,1,预警,焚烧炉出口氧含量偏高
2025-06-24 11:54:00,1,预警,焚烧炉出口氧含量偏高
2025-06-24 11:56:00,1,预警,焚烧炉出口氧含量偏高
2025-06-24 11:58:00,1,预警,焚烧炉出口氧含量偏高
2025-06-24 12:00:00,1,预警,焚烧炉出口氧含量偏高
2025-06-24 12:04:00,1,预警,焚烧炉出口氧含量偏高
2025-06-24 12:08:00,1,预警,焚烧炉出口氧含量偏高
2025-06-24 12:12:00,1,预警,焚烧炉出口氧含量偏高
2025-06-24 12:32:00,1,预警,焚烧炉出口氧含量偏高
2025-06-24 12:36:00,1,预警,焚烧炉出口氧含量偏高
2025-06-24 12:38:00,1,预警,焚烧炉出口氧含量偏高
2025-06-24 12:40:00,1,预警,焚烧炉出口氧含量偏高
2025-06-24 12:42:00,1,预警,焚烧炉出口氧含量偏高
2025-06-24 12:44:00,1,预警,焚烧炉出口氧含量偏高
2025-06-24 12:46:00,1,预警,焚烧炉出口氧含量偏高
2025-06-24 12:48:00,1,预警,焚烧炉出口氧含量偏高
2025-06-24 12:50:00,1,预警,焚烧炉出口氧含量偏高
2025-06-24 13:20:00,1,预警,焚烧炉出口氧含量偏高
2025-06-24 13:22:00,1,预警,焚烧炉出口氧含量偏高
2025-06-24 13:24:00,1,预警,焚烧炉出口氧含量偏高
2025-06-24 13:26:00,1,预警,焚烧炉出口氧含量偏高
2025-06-24 13:28:00,1,预警,焚烧炉出口氧含量偏高
2025-06-24 13:30:00,1,预警,焚烧炉出口氧含量偏高
2025-06-24 13:34:00,1,预警,焚烧炉出口氧含量偏高
2025-06-24 13:36:00,1,预警,焚烧炉出口氧含量偏高
2025-06-24 13:38:00,1,预警,焚烧炉出口氧含量偏高
2025-06-24 13:40:00,1,预警,焚烧炉出口氧含量偏高
2025-06-24 13:44:00,1,预警,焚烧炉出口氧含量偏高
2025-06-24 13:46:00,1,预警,焚烧炉出口氧含量偏高
2025-06-24 13:48:00,1,预警,焚烧炉出口氧含量偏高
2025-06-24 13:50:00,1,预警,焚烧炉出口氧含量偏高
2025-06-24 13:52:00,1,预警,焚烧炉出口氧含量偏高
2025-06-24 13:54:00,1,预警,焚烧炉出口氧含量偏高
2025-06-24 13:56:00,1,预警,焚烧炉出口氧含量偏高
2025-06-24 13:58:00,1,预警,焚烧炉出口氧含量偏高
2025-06-24 14:00:00,1,预警,焚烧炉出口氧含量偏高
2025-06-24 14:02:00,1,预警,焚烧炉出口氧含量偏高
2025-06-24 14:04:00,1,预警,焚烧炉出口氧含量偏高
2025-06-24 14:06:00,1,预警,焚烧炉出口氧含量偏高
2025-06-24 14:08:00,1,预警,焚烧炉出口氧含量偏高
2025-06-24 14:10:00,1,预警,焚烧炉出口氧含量偏高
2025-06-24 14:12:00,1,预警,焚烧炉出口氧含量偏高
2025-06-24 14:14:00,1,预警,焚烧炉出口氧含量偏高
2025-06-24 14:16:00,1,预警,焚烧炉出口氧含量偏高
2025-06-24 14:18:00,1,预警,焚烧炉出口氧含量偏高
2025-06-24 14:20:00,1,预警,焚烧炉出口氧含量偏高
2025-06-24 14:22:00,1,预警,焚烧炉出口氧含量偏高
2025-06-24 14:24:00,1,预警,焚烧炉出口氧含量偏高
2025-06-24 14:26:00,1,预警,焚烧炉出口氧含量偏高
2025-06-24 14:28:00,1,预警,焚烧炉出口氧含量偏高
2025-06-24 14:30:00,1,预警,焚烧炉出口氧含量偏高
2025-06-24 14:32:00,1,预警,焚烧炉出口氧含量偏高
2025-06-24 14:34:00,1,预警,焚烧炉出口氧含量偏高
2025-06-24 14:36:00,1,预警,焚烧炉出口氧含量偏高
2025-06-24 14:42:00,1,预警,焚烧炉出口氧含量偏高
2025-06-24 14:44:00,1,预警,焚烧炉出口氧含量偏高
2025-06-24 14:46:00,1,预警,焚烧炉出口氧含量偏高
2025-06-24 14:48:00,1,预警,焚烧炉出口氧含量偏高
2025-06-24 14:50:00,1,预警,焚烧炉出口氧含量偏高
2025-06-24 14:52:00,1,预警,焚烧炉出口氧含量偏高
2025-06-24 14:54:00,1,预警,焚烧炉出口氧含量偏高
2025-06-24 14:56:00,1,预警,焚烧炉出口氧含量偏高
2025-06-24 14:58:00,1,预警,焚烧炉出口氧含量偏高
2025-06-24 15:00:00,1,预警,焚烧炉出口氧含量偏高
2025-06-24 15:02:00,1,预警,焚烧炉出口氧含量偏高
2025-06-24 15:04:00,1,预警,焚烧炉出口氧含量偏高
2025-06-24 15:06:00,1,预警,焚烧炉出口氧含量偏高
2025-06-24 16:06:00,1,预警,焚烧炉出口氧含量偏高
2025-06-24 16:16:00,1,预警,焚烧炉出口氧含量偏高
2025-06-24 16:20:00,1,预警,焚烧炉出口氧含量偏高
2025-06-24 16:26:00,1,预警,焚烧炉出口氧含量偏高
2025-06-24 16:32:00,1,预警,焚烧炉出口氧含量偏高
2025-06-24 16:38:00,1,预警,焚烧炉出口氧含量偏高
2025-06-24 16:44:00,1,预警,焚烧炉出口氧含量偏高
2025-06-24 16:46:00,1,预警,焚烧炉出口氧含量偏高
2025-06-24 16:48:00,1,预警,焚烧炉出口氧含量偏高
2025-06-24 16:50:00,1,预警,焚烧炉出口氧含量偏高
2025-06-24 16:52:00,1,预警,焚烧炉出口氧含量偏高
2025-06-24 16:54:00,1,预警,焚烧炉出口氧含量偏高
2025-06-24 16:56:00,1,预警,焚烧炉出口氧含量偏高
2025-06-24 16:58:00,1,预警,焚烧炉出口氧含量偏高
2025-06-24 17:00:00,1,预警,焚烧炉出口氧含量偏高
2025-06-24 17:02:00,1,预警,焚烧炉出口氧含量偏高
2025-06-24 17:04:00,1,预警,焚烧炉出口氧含量偏高
2025-06-24 17:06:00,1,预警,焚烧炉出口氧含量偏高
2025-06-24 17:08:00,1,预警,焚烧炉出口氧含量偏高
2025-06-24 17:10:00,1,预警,焚烧炉出口氧含量偏高
2025-06-24 17:12:00,1,预警,焚烧炉出口氧含量偏高
2025-06-24 17:14:00,1,预警,焚烧炉出口氧含量偏高
2025-06-24 17:16:00,1,预警,焚烧炉出口氧含量偏高
2025-06-24 17:18:00,1,预警,焚烧炉出口氧含量偏高
2025-06-24 17:20:00,1,预警,焚烧炉出口氧含量偏高
2025-06-24 17:22:00,1,预警,焚烧炉出口氧含量偏高
2025-06-24 17:24:00,1,预警,焚烧炉出口氧含量偏高
2025-06-24 17:26:00,1,预警,焚烧炉出口氧含量偏高
2025-06-24 17:28:00,1,预警,焚烧炉出口氧含量偏高
2025-06-24 17:30:00,1,预警,焚烧炉出口氧含量偏高
2025-06-24 17:32:00,1,预警,焚烧炉出口氧含量偏高
2025-06-24 17:34:00,1,预警,焚烧炉出口氧含量偏高
2025-06-24 17:36:00,1,预警,焚烧炉出口氧含量偏高
2025-06-24 17:38:00,1,预警,焚烧炉出口氧含量偏高
2025-06-24 17:40:00,1,预警,焚烧炉出口氧含量偏高
2025-06-24 17:42:00,1,预警,焚烧炉出口氧含量偏高
2025-06-24 17:44:00,1,预警,焚烧炉出口氧含量偏高
2025-06-24 17:48:00,1,预警,焚烧炉出口氧含量偏高
2025-06-24 20:14:00,1,预警,焚烧炉出口氧含量偏高
2025-06-24 20:20:00,1,预警,焚烧炉出口氧含量偏高
2025-06-24 20:28:00,1,预警,焚烧炉出口氧含量偏高
2025-06-24 20:50:00,1,预警,焚烧炉出口氧含量偏高
2025-06-24 20:52:00,1,预警,焚烧炉出口氧含量偏高
2025-06-24 21:10:00,1,预警,焚烧炉出口氧含量偏高
2025-06-24 21:12:00,1,预警,焚烧炉出口氧含量偏高
2025-06-24 21:14:00,1,预警,焚烧炉出口氧含量偏高
2025-06-24 21:22:00,1,预警,焚烧炉出口氧含量偏高
2025-06-24 21:38:00,1,预警,焚烧炉出口氧含量偏高
2025-06-24 21:40:00,1,预警,焚烧炉出口氧含量偏高
2025-06-24 21:42:00,1,预警,焚烧炉出口氧含量偏高
2025-06-24 21:50:00,1,预警,焚烧炉出口氧含量偏高
2025-06-24 22:40:00,1,预警,焚烧炉出口氧含量偏高
2025-06-24 22:42:00,1,预警,焚烧炉出口氧含量偏高
2025-06-24 22:44:00,1,预警,焚烧炉出口氧含量偏高
2025-06-24 23:10:00,1,预警,焚烧炉出口氧含量偏高
2025-06-24 23:12:00,1,预警,焚烧炉出口氧含量偏高
2025-06-24 23:14:00,1,预警,焚烧炉出口氧含量偏高
2025-06-24 23:18:00,1,预警,焚烧炉出口氧含量偏高
2025-06-24 23:22:00,1,预警,焚烧炉出口氧含量偏高
2025-06-24 23:24:00,1,预警,焚烧炉出口氧含量偏高
2025-06-24 23:26:00,1,预警,焚烧炉出口氧含量偏高
2025-06-24 23:42:00,1,预警,焚烧炉出口氧含量偏高
2025-06-24 23:46:00,1,预警,焚烧炉出口氧含量偏高
2025-06-24 23:48:00,1,预警,焚烧炉出口氧含量偏高
2025-06-24 23:52:00,1,预警,焚烧炉出口氧含量偏高
2025-06-24 23:54:00,1,预警,焚烧炉出口氧含量偏高
2025-06-24 23:58:00,1,预警,焚烧炉出口氧含量偏高
