﻿时间,炉号,预警/报警类型,预警/报警事件
2025-06-25 00:02:00,1,预警,焚烧炉出口氧含量偏高
2025-06-25 00:04:00,1,预警,焚烧炉出口氧含量偏高
2025-06-25 00:06:00,1,预警,焚烧炉出口氧含量偏高
2025-06-25 00:08:00,1,预警,焚烧炉出口氧含量偏高
2025-06-25 00:10:00,1,预警,焚烧炉出口氧含量偏高
2025-06-25 00:12:00,1,预警,焚烧炉出口氧含量偏高
2025-06-25 00:14:00,1,预警,焚烧炉出口氧含量偏高
2025-06-25 00:16:00,1,预警,焚烧炉出口氧含量偏高
2025-06-25 00:18:00,1,预警,焚烧炉出口氧含量偏高
2025-06-25 00:20:00,1,预警,焚烧炉出口氧含量偏高
2025-06-25 00:24:00,1,预警,焚烧炉出口氧含量偏高
2025-06-25 00:26:00,1,预警,焚烧炉出口氧含量偏高
2025-06-25 00:28:00,1,预警,焚烧炉出口氧含量偏高
2025-06-25 00:50:00,1,预警,焚烧炉出口氧含量偏高
2025-06-25 00:54:00,1,预警,焚烧炉出口氧含量偏高
2025-06-25 00:58:00,1,预警,焚烧炉出口氧含量偏高
2025-06-25 01:04:00,1,预警,焚烧炉出口氧含量偏高
2025-06-25 01:06:00,1,预警,焚烧炉出口氧含量偏高
2025-06-25 01:08:00,1,预警,焚烧炉出口氧含量偏高
2025-06-25 01:10:00,1,预警,焚烧炉出口氧含量偏高
2025-06-25 01:12:00,1,预警,焚烧炉出口氧含量偏高
2025-06-25 01:14:00,1,预警,焚烧炉出口氧含量偏高
2025-06-25 01:16:00,1,预警,焚烧炉出口氧含量偏高
2025-06-25 01:18:00,1,预警,焚烧炉出口氧含量偏高
2025-06-25 01:20:00,1,预警,焚烧炉出口氧含量偏高
2025-06-25 01:22:00,1,预警,焚烧炉出口氧含量偏高
2025-06-25 01:24:00,1,预警,焚烧炉出口氧含量偏高
2025-06-25 01:26:00,1,预警,焚烧炉出口氧含量偏高
2025-06-25 01:28:00,1,预警,焚烧炉出口氧含量偏高
2025-06-25 01:30:00,1,预警,焚烧炉出口氧含量偏高
2025-06-25 01:32:00,1,预警,焚烧炉出口氧含量偏高
2025-06-25 01:34:00,1,预警,焚烧炉出口氧含量偏高
2025-06-25 01:36:00,1,预警,焚烧炉出口氧含量偏高
2025-06-25 01:38:00,1,预警,焚烧炉出口氧含量偏高
2025-06-25 01:40:00,1,预警,焚烧炉出口氧含量偏高
2025-06-25 01:42:00,1,预警,焚烧炉出口氧含量偏高
2025-06-25 01:44:00,1,预警,焚烧炉出口氧含量偏高
2025-06-25 01:46:00,1,预警,焚烧炉出口氧含量偏高
2025-06-25 01:48:00,1,预警,焚烧炉出口氧含量偏高
2025-06-25 01:50:00,1,预警,焚烧炉出口氧含量偏高
2025-06-25 01:52:00,1,预警,焚烧炉出口氧含量偏高
2025-06-25 01:54:00,1,预警,焚烧炉出口氧含量偏高
2025-06-25 01:56:00,1,预警,焚烧炉出口氧含量偏高
2025-06-25 01:58:00,1,预警,焚烧炉出口氧含量偏高
2025-06-25 02:00:00,1,预警,焚烧炉出口氧含量偏高
2025-06-25 02:02:00,1,预警,焚烧炉出口氧含量偏高
2025-06-25 02:04:00,1,预警,焚烧炉出口氧含量偏高
2025-06-25 02:06:00,1,预警,焚烧炉出口氧含量偏高
2025-06-25 02:08:00,1,预警,焚烧炉出口氧含量偏高
2025-06-25 02:10:00,1,预警,焚烧炉出口氧含量偏高
2025-06-25 02:12:00,1,预警,焚烧炉出口氧含量偏高
2025-06-25 02:14:00,1,预警,焚烧炉出口氧含量偏高
2025-06-25 02:22:00,1,预警,焚烧炉出口氧含量偏高
2025-06-25 02:24:00,1,预警,焚烧炉出口氧含量偏高
2025-06-25 02:26:00,1,预警,焚烧炉出口氧含量偏高
2025-06-25 02:28:00,1,预警,焚烧炉出口氧含量偏高
2025-06-25 02:30:00,1,预警,焚烧炉出口氧含量偏高
2025-06-25 02:32:00,1,预警,焚烧炉出口氧含量偏高
2025-06-25 02:34:00,1,预警,焚烧炉出口氧含量偏高
2025-06-25 02:36:00,1,预警,焚烧炉出口氧含量偏高
2025-06-25 02:38:00,1,预警,焚烧炉出口氧含量偏高
2025-06-25 02:40:00,1,预警,焚烧炉出口氧含量偏高
2025-06-25 02:42:00,1,预警,焚烧炉出口氧含量偏高
2025-06-25 02:44:00,1,预警,焚烧炉出口氧含量偏高
2025-06-25 02:46:00,1,预警,焚烧炉出口氧含量偏高
2025-06-25 02:48:00,1,预警,焚烧炉出口氧含量偏高
2025-06-25 02:50:00,1,预警,焚烧炉出口氧含量偏高
2025-06-25 02:52:00,1,预警,焚烧炉出口氧含量偏高
2025-06-25 02:54:00,1,预警,焚烧炉出口氧含量偏高
2025-06-25 03:12:00,1,预警,焚烧炉出口氧含量偏高
2025-06-25 03:16:00,1,预警,焚烧炉出口氧含量偏高
2025-06-25 03:18:00,1,预警,焚烧炉出口氧含量偏高
2025-06-25 03:22:00,1,预警,焚烧炉出口氧含量偏高
2025-06-25 03:40:00,1,预警,焚烧炉出口氧含量偏高
2025-06-25 03:42:00,1,预警,焚烧炉出口氧含量偏高
2025-06-25 03:44:00,1,预警,焚烧炉出口氧含量偏高
2025-06-25 03:46:00,1,预警,焚烧炉出口氧含量偏高
2025-06-25 03:48:00,1,预警,焚烧炉出口氧含量偏高
2025-06-25 03:50:00,1,预警,焚烧炉出口氧含量偏高
2025-06-25 03:52:00,1,预警,焚烧炉出口氧含量偏高
2025-06-25 03:54:00,1,预警,焚烧炉出口氧含量偏高
2025-06-25 03:56:00,1,预警,焚烧炉出口氧含量偏高
2025-06-25 03:58:00,1,预警,焚烧炉出口氧含量偏高
2025-06-25 04:00:00,1,预警,焚烧炉出口氧含量偏高
2025-06-25 04:02:00,1,预警,焚烧炉出口氧含量偏高
2025-06-25 04:04:00,1,预警,焚烧炉出口氧含量偏高
2025-06-25 04:06:00,1,预警,焚烧炉出口氧含量偏高
2025-06-25 04:08:00,1,预警,焚烧炉出口氧含量偏高
2025-06-25 04:10:00,1,预警,焚烧炉出口氧含量偏高
2025-06-25 04:12:00,1,预警,焚烧炉出口氧含量偏高
2025-06-25 04:14:00,1,预警,焚烧炉出口氧含量偏高
2025-06-25 04:16:00,1,预警,焚烧炉出口氧含量偏高
2025-06-25 04:18:00,1,预警,焚烧炉出口氧含量偏高
2025-06-25 04:20:00,1,预警,焚烧炉出口氧含量偏高
2025-06-25 04:22:00,1,预警,焚烧炉出口氧含量偏高
2025-06-25 04:24:00,1,预警,焚烧炉出口氧含量偏高
2025-06-25 05:34:00,1,预警,焚烧炉出口氧含量偏高
2025-06-25 05:36:00,1,预警,焚烧炉出口氧含量偏高
2025-06-25 05:42:00,1,预警,焚烧炉出口氧含量偏高
2025-06-25 05:44:00,1,预警,焚烧炉出口氧含量偏高
2025-06-25 05:46:00,1,预警,焚烧炉出口氧含量偏高
2025-06-25 05:48:00,1,预警,焚烧炉出口氧含量偏高
2025-06-25 05:50:00,1,预警,焚烧炉出口氧含量偏高
2025-06-25 05:52:00,1,预警,焚烧炉出口氧含量偏高
2025-06-25 05:54:00,1,预警,焚烧炉出口氧含量偏高
2025-06-25 05:56:00,1,预警,焚烧炉出口氧含量偏高
2025-06-25 05:58:00,1,预警,焚烧炉出口氧含量偏高
2025-06-25 06:00:00,1,预警,焚烧炉出口氧含量偏高
2025-06-25 06:02:00,1,预警,焚烧炉出口氧含量偏高
2025-06-25 06:04:00,1,预警,焚烧炉出口氧含量偏高
2025-06-25 06:08:00,1,预警,焚烧炉出口氧含量偏高
2025-06-25 06:10:00,1,预警,焚烧炉出口氧含量偏高
2025-06-25 06:12:00,1,预警,焚烧炉出口氧含量偏高
2025-06-25 06:14:00,1,预警,焚烧炉出口氧含量偏高
2025-06-25 06:16:00,1,预警,焚烧炉出口氧含量偏高
2025-06-25 06:18:00,1,预警,焚烧炉出口氧含量偏高
2025-06-25 06:20:00,1,预警,焚烧炉出口氧含量偏高
2025-06-25 06:22:00,1,预警,焚烧炉出口氧含量偏高
2025-06-25 06:24:00,1,预警,焚烧炉出口氧含量偏高
2025-06-25 06:26:00,1,预警,焚烧炉出口氧含量偏高
2025-06-25 06:28:00,1,预警,焚烧炉出口氧含量偏高
2025-06-25 06:30:00,1,预警,焚烧炉出口氧含量偏高
2025-06-25 06:32:00,1,预警,焚烧炉出口氧含量偏高
2025-06-25 06:34:00,1,预警,焚烧炉出口氧含量偏高
2025-06-25 06:36:00,1,预警,焚烧炉出口氧含量偏高
2025-06-25 06:38:00,1,预警,焚烧炉出口氧含量偏高
2025-06-25 06:40:00,1,预警,焚烧炉出口氧含量偏高
2025-06-25 06:44:00,1,预警,焚烧炉出口氧含量偏高
2025-06-25 06:46:00,1,预警,焚烧炉出口氧含量偏高
2025-06-25 06:48:00,1,预警,焚烧炉出口氧含量偏高
2025-06-25 06:50:00,1,预警,焚烧炉出口氧含量偏高
2025-06-25 06:52:00,1,预警,焚烧炉出口氧含量偏高
2025-06-25 06:54:00,1,预警,焚烧炉出口氧含量偏高
2025-06-25 06:56:00,1,预警,焚烧炉出口氧含量偏高
2025-06-25 06:58:00,1,预警,焚烧炉出口氧含量偏高
2025-06-25 07:00:00,1,预警,焚烧炉出口氧含量偏高
2025-06-25 07:02:00,1,预警,焚烧炉出口氧含量偏高
2025-06-25 07:04:00,1,预警,焚烧炉出口氧含量偏高
2025-06-25 07:06:00,1,预警,焚烧炉出口氧含量偏高
2025-06-25 07:08:00,1,预警,焚烧炉出口氧含量偏高
2025-06-25 07:10:00,1,预警,焚烧炉出口氧含量偏高
2025-06-25 07:12:00,1,预警,焚烧炉出口氧含量偏高
2025-06-25 07:14:00,1,预警,焚烧炉出口氧含量偏高
2025-06-25 07:16:00,1,预警,焚烧炉出口氧含量偏高
2025-06-25 07:18:00,1,预警,焚烧炉出口氧含量偏高
2025-06-25 07:20:00,1,预警,焚烧炉出口氧含量偏高
2025-06-25 07:22:00,1,预警,焚烧炉出口氧含量偏高
2025-06-25 07:24:00,1,预警,焚烧炉出口氧含量偏高
2025-06-25 07:34:00,1,预警,焚烧炉出口氧含量偏高
2025-06-25 07:36:00,1,预警,焚烧炉出口氧含量偏高
2025-06-25 07:40:00,1,预警,焚烧炉出口氧含量偏高
2025-06-25 07:42:00,1,预警,焚烧炉出口氧含量偏高
2025-06-25 07:44:00,1,预警,焚烧炉出口氧含量偏高
2025-06-25 07:50:00,1,预警,焚烧炉出口氧含量偏高
2025-06-25 07:52:00,1,预警,焚烧炉出口氧含量偏高
2025-06-25 07:54:00,1,预警,焚烧炉出口氧含量偏高
2025-06-25 07:56:00,1,预警,焚烧炉出口氧含量偏高
2025-06-25 07:58:00,1,预警,焚烧炉出口氧含量偏高
2025-06-25 08:18:00,1,预警,焚烧炉出口氧含量偏高
2025-06-25 08:20:00,1,预警,焚烧炉出口氧含量偏高
2025-06-25 08:22:00,1,预警,焚烧炉出口氧含量偏高
2025-06-25 08:24:00,1,预警,焚烧炉出口氧含量偏高
2025-06-25 08:26:00,1,预警,焚烧炉出口氧含量偏高
2025-06-25 08:28:00,1,预警,焚烧炉出口氧含量偏高
2025-06-25 08:32:00,1,预警,焚烧炉出口氧含量偏高
2025-06-25 08:34:00,1,预警,焚烧炉出口氧含量偏高
2025-06-25 08:38:00,1,预警,焚烧炉出口氧含量偏高
2025-06-25 08:40:00,1,预警,焚烧炉出口氧含量偏高
2025-06-25 08:42:00,1,预警,焚烧炉出口氧含量偏高
2025-06-25 08:56:00,1,预警,焚烧炉出口氧含量偏高
2025-06-25 09:26:00,1,预警,焚烧炉出口氧含量偏高
2025-06-25 09:38:00,1,预警,焚烧炉出口氧含量偏高
2025-06-25 09:50:00,1,预警,焚烧炉出口氧含量偏高
2025-06-25 09:56:00,1,预警,焚烧炉出口氧含量偏高
2025-06-25 09:58:00,1,预警,焚烧炉出口氧含量偏高
2025-06-25 10:00:00,1,预警,焚烧炉出口氧含量偏高
2025-06-25 10:12:00,1,预警,焚烧炉出口氧含量偏高
2025-06-25 10:24:00,1,预警,焚烧炉出口氧含量偏高
2025-06-25 10:26:00,1,预警,焚烧炉出口氧含量偏高
2025-06-25 10:28:00,1,预警,焚烧炉出口氧含量偏高
2025-06-25 10:30:00,1,预警,焚烧炉出口氧含量偏高
2025-06-25 10:32:00,1,预警,焚烧炉出口氧含量偏高
2025-06-25 10:34:00,1,预警,焚烧炉出口氧含量偏高
2025-06-25 10:36:00,1,预警,焚烧炉出口氧含量偏高
2025-06-25 10:38:00,1,预警,焚烧炉出口氧含量偏高
2025-06-25 10:40:00,1,预警,焚烧炉出口氧含量偏高
2025-06-25 10:42:00,1,预警,焚烧炉出口氧含量偏高
2025-06-25 10:44:00,1,预警,焚烧炉出口氧含量偏高
2025-06-25 10:46:00,1,预警,焚烧炉出口氧含量偏高
2025-06-25 10:48:00,1,预警,焚烧炉出口氧含量偏高
2025-06-25 10:50:00,1,预警,焚烧炉出口氧含量偏高
2025-06-25 10:52:00,1,预警,焚烧炉出口氧含量偏高
2025-06-25 10:54:00,1,预警,焚烧炉出口氧含量偏高
2025-06-25 10:56:00,1,预警,焚烧炉出口氧含量偏高
2025-06-25 10:58:00,1,预警,焚烧炉出口氧含量偏高
2025-06-25 11:00:00,1,预警,焚烧炉出口氧含量偏高
2025-06-25 11:02:00,1,预警,焚烧炉出口氧含量偏高
2025-06-25 11:24:00,1,预警,焚烧炉出口氧含量偏高
2025-06-25 11:26:00,1,预警,焚烧炉出口氧含量偏高
2025-06-25 11:28:00,1,预警,焚烧炉出口氧含量偏高
2025-06-25 11:30:00,1,预警,焚烧炉出口氧含量偏高
2025-06-25 11:32:00,1,预警,焚烧炉出口氧含量偏高
2025-06-25 11:34:00,1,预警,焚烧炉出口氧含量偏高
2025-06-25 11:36:00,1,预警,焚烧炉出口氧含量偏高
2025-06-25 11:38:00,1,预警,焚烧炉出口氧含量偏高
2025-06-25 11:40:00,1,预警,焚烧炉出口氧含量偏高
2025-06-25 11:42:00,1,预警,焚烧炉出口氧含量偏高
2025-06-25 11:44:00,1,预警,焚烧炉出口氧含量偏高
2025-06-25 11:46:00,1,预警,焚烧炉出口氧含量偏高
2025-06-25 11:48:00,1,预警,焚烧炉出口氧含量偏高
2025-06-25 11:50:00,1,预警,焚烧炉出口氧含量偏高
2025-06-25 11:52:00,1,预警,焚烧炉出口氧含量偏高
2025-06-25 11:54:00,1,预警,焚烧炉出口氧含量偏高
2025-06-25 11:56:00,1,预警,焚烧炉出口氧含量偏高
2025-06-25 11:58:00,1,预警,焚烧炉出口氧含量偏高
2025-06-25 12:00:00,1,预警,焚烧炉出口氧含量偏高
2025-06-25 12:02:00,1,预警,焚烧炉出口氧含量偏高
2025-06-25 12:04:00,1,预警,焚烧炉出口氧含量偏高
2025-06-25 12:44:00,1,预警,焚烧炉出口氧含量偏高
2025-06-25 13:02:00,1,预警,焚烧炉出口氧含量偏高
2025-06-25 13:06:00,1,预警,焚烧炉出口氧含量偏高
2025-06-25 13:08:00,1,预警,焚烧炉出口氧含量偏高
2025-06-25 13:14:00,1,预警,焚烧炉出口氧含量偏高
2025-06-25 13:20:00,1,预警,焚烧炉出口氧含量偏高
2025-06-25 13:24:00,1,预警,焚烧炉出口氧含量偏高
2025-06-25 13:26:00,1,预警,焚烧炉出口氧含量偏高
2025-06-25 13:32:00,1,预警,焚烧炉出口氧含量偏高
2025-06-25 13:50:00,1,预警,焚烧炉出口氧含量偏高
2025-06-25 13:52:00,1,预警,焚烧炉出口氧含量偏高
2025-06-25 13:58:00,1,预警,焚烧炉出口氧含量偏高
2025-06-25 14:00:00,1,预警,焚烧炉出口氧含量偏高
2025-06-25 14:02:00,1,预警,焚烧炉出口氧含量偏高
2025-06-25 14:06:00,1,预警,焚烧炉出口氧含量偏高
2025-06-25 14:08:00,1,预警,焚烧炉出口氧含量偏高
2025-06-25 14:10:00,1,预警,焚烧炉出口氧含量偏高
2025-06-25 14:12:00,1,预警,焚烧炉出口氧含量偏高
2025-06-25 14:14:00,1,预警,焚烧炉出口氧含量偏高
2025-06-25 14:16:00,1,预警,焚烧炉出口氧含量偏高
2025-06-25 14:18:00,1,预警,焚烧炉出口氧含量偏高
2025-06-25 14:20:00,1,预警,焚烧炉出口氧含量偏高
2025-06-25 14:22:00,1,预警,焚烧炉出口氧含量偏高
2025-06-25 14:24:00,1,预警,焚烧炉出口氧含量偏高
2025-06-25 14:26:00,1,预警,焚烧炉出口氧含量偏高
2025-06-25 14:28:00,1,预警,焚烧炉出口氧含量偏高
2025-06-25 14:30:00,1,预警,焚烧炉出口氧含量偏高
2025-06-25 14:32:00,1,预警,焚烧炉出口氧含量偏高
2025-06-25 14:34:00,1,预警,焚烧炉出口氧含量偏高
2025-06-25 14:38:00,1,预警,焚烧炉出口氧含量偏高
2025-06-25 14:40:00,1,预警,焚烧炉出口氧含量偏高
2025-06-25 14:42:00,1,预警,焚烧炉出口氧含量偏高
2025-06-25 14:44:00,1,预警,焚烧炉出口氧含量偏高
2025-06-25 14:46:00,1,预警,焚烧炉出口氧含量偏高
2025-06-25 14:48:00,1,预警,焚烧炉出口氧含量偏高
2025-06-25 14:50:00,1,预警,焚烧炉出口氧含量偏高
2025-06-25 14:52:00,1,预警,焚烧炉出口氧含量偏高
2025-06-25 15:08:00,1,预警,焚烧炉出口氧含量偏高
2025-06-25 15:12:00,1,预警,焚烧炉出口氧含量偏高
2025-06-25 16:08:00,1,预警,焚烧炉出口氧含量偏高
2025-06-25 16:10:00,1,预警,焚烧炉出口氧含量偏高
2025-06-25 16:16:00,1,预警,焚烧炉出口氧含量偏高
2025-06-25 16:18:00,1,预警,焚烧炉出口氧含量偏高
2025-06-25 16:22:00,1,预警,焚烧炉出口氧含量偏高
2025-06-25 16:24:00,1,预警,焚烧炉出口氧含量偏高
2025-06-25 16:26:00,1,预警,焚烧炉出口氧含量偏高
2025-06-25 16:28:00,1,预警,焚烧炉出口氧含量偏高
2025-06-25 16:30:00,1,预警,焚烧炉出口氧含量偏高
2025-06-25 16:32:00,1,预警,焚烧炉出口氧含量偏高
2025-06-25 16:34:00,1,预警,焚烧炉出口氧含量偏高
2025-06-25 16:36:00,1,预警,焚烧炉出口氧含量偏高
2025-06-25 16:38:00,1,预警,焚烧炉出口氧含量偏高
2025-06-25 16:40:00,1,预警,焚烧炉出口氧含量偏高
2025-06-25 16:42:00,1,预警,焚烧炉出口氧含量偏高
2025-06-25 16:44:00,1,预警,焚烧炉出口氧含量偏高
2025-06-25 16:46:00,1,预警,焚烧炉出口氧含量偏高
2025-06-25 16:48:00,1,预警,焚烧炉出口氧含量偏高
2025-06-25 16:50:00,1,预警,焚烧炉出口氧含量偏高
2025-06-25 16:52:00,1,预警,焚烧炉出口氧含量偏高
2025-06-25 16:54:00,1,预警,焚烧炉出口氧含量偏高
2025-06-25 16:56:00,1,预警,焚烧炉出口氧含量偏高
2025-06-25 16:58:00,1,预警,焚烧炉出口氧含量偏高
2025-06-25 17:00:00,1,预警,焚烧炉出口氧含量偏高
2025-06-25 17:02:00,1,预警,焚烧炉出口氧含量偏高
2025-06-25 17:04:00,1,预警,焚烧炉出口氧含量偏高
2025-06-25 17:06:00,1,预警,焚烧炉出口氧含量偏高
2025-06-25 17:08:00,1,预警,焚烧炉出口氧含量偏高
2025-06-25 17:10:00,1,预警,焚烧炉出口氧含量偏高
2025-06-25 17:12:00,1,预警,焚烧炉出口氧含量偏高
2025-06-25 17:16:00,1,预警,焚烧炉出口氧含量偏高
2025-06-25 17:18:00,1,预警,焚烧炉出口氧含量偏高
2025-06-25 17:20:00,1,预警,焚烧炉出口氧含量偏高
2025-06-25 17:22:00,1,预警,焚烧炉出口氧含量偏高
2025-06-25 17:24:00,1,预警,焚烧炉出口氧含量偏高
2025-06-25 17:26:00,1,预警,焚烧炉出口氧含量偏高
2025-06-25 17:28:00,1,预警,焚烧炉出口氧含量偏高
2025-06-25 17:30:00,1,预警,焚烧炉出口氧含量偏高
2025-06-25 17:32:00,1,预警,焚烧炉出口氧含量偏高
2025-06-25 17:34:00,1,预警,焚烧炉出口氧含量偏高
2025-06-25 18:00:00,1,预警,焚烧炉出口氧含量偏高
2025-06-25 19:04:00,1,预警,焚烧炉出口氧含量偏高
2025-06-25 19:06:00,1,预警,焚烧炉出口氧含量偏高
2025-06-25 19:08:00,1,预警,焚烧炉出口氧含量偏高
2025-06-25 19:14:00,1,预警,焚烧炉出口氧含量偏高
2025-06-25 19:20:00,1,预警,焚烧炉出口氧含量偏高
2025-06-25 19:22:00,1,预警,焚烧炉出口氧含量偏高
2025-06-25 19:24:00,1,预警,焚烧炉出口氧含量偏高
2025-06-25 19:26:00,1,预警,焚烧炉出口氧含量偏高
2025-06-25 19:28:00,1,预警,焚烧炉出口氧含量偏高
2025-06-25 19:34:00,1,预警,焚烧炉出口氧含量偏高
2025-06-25 19:36:00,1,预警,焚烧炉出口氧含量偏高
2025-06-25 19:38:00,1,预警,焚烧炉出口氧含量偏高
2025-06-25 19:40:00,1,预警,焚烧炉出口氧含量偏高
2025-06-25 19:42:00,1,预警,焚烧炉出口氧含量偏高
2025-06-25 19:44:00,1,预警,焚烧炉出口氧含量偏高
2025-06-25 19:46:00,1,预警,焚烧炉出口氧含量偏高
2025-06-25 19:48:00,1,预警,焚烧炉出口氧含量偏高
2025-06-25 19:50:00,1,预警,焚烧炉出口氧含量偏高
2025-06-25 19:52:00,1,预警,焚烧炉出口氧含量偏高
2025-06-25 19:54:00,1,预警,焚烧炉出口氧含量偏高
2025-06-25 19:56:00,1,预警,焚烧炉出口氧含量偏高
2025-06-25 19:58:00,1,预警,焚烧炉出口氧含量偏高
2025-06-25 20:00:00,1,预警,焚烧炉出口氧含量偏高
2025-06-25 20:02:00,1,预警,焚烧炉出口氧含量偏高
2025-06-25 20:04:00,1,预警,焚烧炉出口氧含量偏高
2025-06-25 20:06:00,1,预警,焚烧炉出口氧含量偏高
2025-06-25 20:08:00,1,预警,焚烧炉出口氧含量偏高
2025-06-25 20:10:00,1,预警,焚烧炉出口氧含量偏高
2025-06-25 20:12:00,1,预警,焚烧炉出口氧含量偏高
2025-06-25 20:14:00,1,预警,焚烧炉出口氧含量偏高
2025-06-25 20:16:00,1,预警,焚烧炉出口氧含量偏高
2025-06-25 20:18:00,1,预警,焚烧炉出口氧含量偏高
2025-06-25 20:20:00,1,预警,焚烧炉出口氧含量偏高
2025-06-25 20:22:00,1,预警,焚烧炉出口氧含量偏高
2025-06-25 20:24:00,1,预警,焚烧炉出口氧含量偏高
2025-06-25 20:28:00,1,预警,焚烧炉出口氧含量偏高
2025-06-25 20:30:00,1,预警,焚烧炉出口氧含量偏高
2025-06-25 20:34:00,1,预警,焚烧炉出口氧含量偏高
2025-06-25 20:36:00,1,预警,焚烧炉出口氧含量偏高
2025-06-25 20:38:00,1,预警,焚烧炉出口氧含量偏高
2025-06-25 20:42:00,1,预警,焚烧炉出口氧含量偏高
2025-06-25 20:48:00,1,预警,焚烧炉出口氧含量偏高
2025-06-25 20:54:00,1,预警,焚烧炉出口氧含量偏高
2025-06-25 21:08:00,1,预警,焚烧炉出口氧含量偏高
2025-06-25 21:10:00,1,预警,焚烧炉出口氧含量偏高
2025-06-25 21:12:00,1,预警,焚烧炉出口氧含量偏高
2025-06-25 21:20:00,1,预警,焚烧炉出口氧含量偏高
2025-06-25 21:24:00,1,预警,焚烧炉出口氧含量偏高
2025-06-25 21:26:00,1,预警,焚烧炉出口氧含量偏高
2025-06-25 21:28:00,1,预警,焚烧炉出口氧含量偏高
2025-06-25 21:30:00,1,预警,焚烧炉出口氧含量偏高
2025-06-25 21:32:00,1,预警,焚烧炉出口氧含量偏高
2025-06-25 21:34:00,1,预警,焚烧炉出口氧含量偏高
2025-06-25 21:36:00,1,预警,焚烧炉出口氧含量偏高
2025-06-25 21:38:00,1,预警,焚烧炉出口氧含量偏高
2025-06-25 21:40:00,1,预警,焚烧炉出口氧含量偏高
2025-06-25 21:42:00,1,预警,焚烧炉出口氧含量偏高
2025-06-25 21:44:00,1,预警,焚烧炉出口氧含量偏高
2025-06-25 21:46:00,1,预警,焚烧炉出口氧含量偏高
2025-06-25 21:48:00,1,预警,焚烧炉出口氧含量偏高
2025-06-25 21:50:00,1,预警,焚烧炉出口氧含量偏高
2025-06-25 21:52:00,1,预警,焚烧炉出口氧含量偏高
2025-06-25 21:54:00,1,预警,焚烧炉出口氧含量偏高
2025-06-25 21:56:00,1,预警,焚烧炉出口氧含量偏高
2025-06-25 21:58:00,1,预警,焚烧炉出口氧含量偏高
2025-06-25 22:00:00,1,预警,焚烧炉出口氧含量偏高
2025-06-25 22:02:00,1,预警,焚烧炉出口氧含量偏高
2025-06-25 22:04:00,1,预警,焚烧炉出口氧含量偏高
2025-06-25 22:06:00,1,预警,焚烧炉出口氧含量偏高
2025-06-25 22:08:00,1,预警,焚烧炉出口氧含量偏高
2025-06-25 22:10:00,1,预警,焚烧炉出口氧含量偏高
2025-06-25 22:14:00,1,预警,焚烧炉出口氧含量偏高
2025-06-25 22:20:00,1,预警,焚烧炉出口氧含量偏高
2025-06-25 22:22:00,1,预警,焚烧炉出口氧含量偏高
2025-06-25 22:24:00,1,预警,焚烧炉出口氧含量偏高
2025-06-25 22:26:00,1,预警,焚烧炉出口氧含量偏高
2025-06-25 22:28:00,1,预警,焚烧炉出口氧含量偏高
2025-06-25 22:30:00,1,预警,焚烧炉出口氧含量偏高
2025-06-25 22:32:00,1,预警,焚烧炉出口氧含量偏高
2025-06-25 22:34:00,1,预警,焚烧炉出口氧含量偏高
2025-06-25 22:36:00,1,预警,焚烧炉出口氧含量偏高
2025-06-25 22:38:00,1,预警,焚烧炉出口氧含量偏高
2025-06-25 22:40:00,1,预警,焚烧炉出口氧含量偏高
2025-06-25 22:42:00,1,预警,焚烧炉出口氧含量偏高
2025-06-25 22:44:00,1,预警,焚烧炉出口氧含量偏高
2025-06-25 22:46:00,1,预警,焚烧炉出口氧含量偏高
2025-06-25 22:48:00,1,预警,焚烧炉出口氧含量偏高
2025-06-25 22:50:00,1,预警,焚烧炉出口氧含量偏高
2025-06-25 22:52:00,1,预警,焚烧炉出口氧含量偏高
2025-06-25 22:54:00,1,预警,焚烧炉出口氧含量偏高
2025-06-25 22:56:00,1,预警,焚烧炉出口氧含量偏高
2025-06-25 22:58:00,1,预警,焚烧炉出口氧含量偏高
2025-06-25 23:00:00,1,预警,焚烧炉出口氧含量偏高
2025-06-25 23:02:00,1,预警,焚烧炉出口氧含量偏高
2025-06-25 23:04:00,1,预警,焚烧炉出口氧含量偏高
2025-06-25 23:06:00,1,预警,焚烧炉出口氧含量偏高
2025-06-25 23:08:00,1,预警,焚烧炉出口氧含量偏高
2025-06-25 23:10:00,1,预警,焚烧炉出口氧含量偏高
2025-06-25 23:12:00,1,预警,焚烧炉出口氧含量偏高
2025-06-25 23:14:00,1,预警,焚烧炉出口氧含量偏高
2025-06-25 23:18:00,1,预警,焚烧炉出口氧含量偏高
2025-06-25 23:20:00,1,预警,焚烧炉出口氧含量偏高
2025-06-25 23:22:00,1,预警,焚烧炉出口氧含量偏高
2025-06-25 23:24:00,1,预警,焚烧炉出口氧含量偏高
2025-06-25 23:26:00,1,预警,焚烧炉出口氧含量偏高
2025-06-25 23:28:00,1,预警,焚烧炉出口氧含量偏高
2025-06-25 23:30:00,1,预警,焚烧炉出口氧含量偏高
2025-06-25 23:32:00,1,预警,焚烧炉出口氧含量偏高
2025-06-25 23:34:00,1,预警,焚烧炉出口氧含量偏高
2025-06-25 23:36:00,1,预警,焚烧炉出口氧含量偏高
2025-06-25 23:38:00,1,预警,焚烧炉出口氧含量偏高
2025-06-25 23:40:00,1,预警,焚烧炉出口氧含量偏高
2025-06-25 23:42:00,1,预警,焚烧炉出口氧含量偏高
2025-06-25 23:44:00,1,预警,焚烧炉出口氧含量偏高
2025-06-25 23:46:00,1,预警,焚烧炉出口氧含量偏高
2025-06-25 23:48:00,1,预警,焚烧炉出口氧含量偏高
2025-06-25 23:50:00,1,预警,焚烧炉出口氧含量偏高
2025-06-25 23:52:00,1,预警,焚烧炉出口氧含量偏高
2025-06-25 23:54:00,1,预警,焚烧炉出口氧含量偏高
2025-06-25 23:56:00,1,预警,焚烧炉出口氧含量偏高
2025-06-25 23:58:00,1,预警,焚烧炉出口氧含量偏高
