﻿时间,炉号,预警/报警类型,预警/报警事件
2025-06-26 00:00:00,1,预警,焚烧炉出口氧含量偏高
2025-06-26 00:02:00,1,预警,焚烧炉出口氧含量偏高
2025-06-26 00:14:00,1,预警,焚烧炉出口氧含量偏高
2025-06-26 00:16:00,1,预警,焚烧炉出口氧含量偏高
2025-06-26 00:18:00,1,预警,焚烧炉出口氧含量偏高
2025-06-26 00:24:00,1,预警,焚烧炉出口氧含量偏高
2025-06-26 00:28:00,1,预警,焚烧炉出口氧含量偏高
2025-06-26 00:32:00,1,预警,焚烧炉出口氧含量偏高
2025-06-26 00:58:00,1,预警,焚烧炉出口氧含量偏高
2025-06-26 01:00:00,1,预警,焚烧炉出口氧含量偏高
2025-06-26 01:02:00,1,预警,焚烧炉出口氧含量偏高
2025-06-26 01:04:00,1,预警,焚烧炉出口氧含量偏高
2025-06-26 01:06:00,1,预警,焚烧炉出口氧含量偏高
2025-06-26 01:08:00,1,预警,焚烧炉出口氧含量偏高
2025-06-26 01:10:00,1,预警,焚烧炉出口氧含量偏高
2025-06-26 01:18:00,1,预警,焚烧炉出口氧含量偏高
2025-06-26 01:20:00,1,预警,焚烧炉出口氧含量偏高
2025-06-26 01:22:00,1,预警,焚烧炉出口氧含量偏高
2025-06-26 01:24:00,1,预警,焚烧炉出口氧含量偏高
2025-06-26 01:26:00,1,预警,焚烧炉出口氧含量偏高
2025-06-26 01:30:00,1,预警,焚烧炉出口氧含量偏高
2025-06-26 01:34:00,1,预警,焚烧炉出口氧含量偏高
2025-06-26 02:02:00,1,预警,焚烧炉出口氧含量偏高
2025-06-26 02:06:00,1,预警,焚烧炉出口氧含量偏高
2025-06-26 02:16:00,1,预警,焚烧炉出口氧含量偏高
2025-06-26 02:18:00,1,预警,焚烧炉出口氧含量偏高
2025-06-26 02:20:00,1,预警,焚烧炉出口氧含量偏高
2025-06-26 02:24:00,1,预警,焚烧炉出口氧含量偏高
2025-06-26 02:38:00,1,预警,焚烧炉出口氧含量偏高
2025-06-26 02:42:00,1,预警,焚烧炉出口氧含量偏高
2025-06-26 02:44:00,1,预警,焚烧炉出口氧含量偏高
2025-06-26 02:46:00,1,预警,焚烧炉出口氧含量偏高
2025-06-26 02:48:00,1,预警,焚烧炉出口氧含量偏高
2025-06-26 02:50:00,1,预警,焚烧炉出口氧含量偏高
2025-06-26 02:52:00,1,预警,焚烧炉出口氧含量偏高
2025-06-26 02:54:00,1,预警,焚烧炉出口氧含量偏高
2025-06-26 02:56:00,1,预警,焚烧炉出口氧含量偏高
2025-06-26 02:58:00,1,预警,焚烧炉出口氧含量偏高
2025-06-26 03:00:00,1,预警,焚烧炉出口氧含量偏高
2025-06-26 03:02:00,1,预警,焚烧炉出口氧含量偏高
2025-06-26 03:04:00,1,预警,焚烧炉出口氧含量偏高
2025-06-26 03:06:00,1,预警,焚烧炉出口氧含量偏高
2025-06-26 03:08:00,1,预警,焚烧炉出口氧含量偏高
2025-06-26 03:28:00,1,预警,焚烧炉出口氧含量偏高
2025-06-26 03:40:00,1,预警,焚烧炉出口氧含量偏高
2025-06-26 04:02:00,1,预警,焚烧炉出口氧含量偏高
2025-06-26 04:04:00,1,预警,焚烧炉出口氧含量偏高
2025-06-26 04:06:00,1,预警,焚烧炉出口氧含量偏高
2025-06-26 04:08:00,1,预警,焚烧炉出口氧含量偏高
2025-06-26 04:10:00,1,预警,焚烧炉出口氧含量偏高
2025-06-26 04:12:00,1,预警,焚烧炉出口氧含量偏高
2025-06-26 04:14:00,1,预警,焚烧炉出口氧含量偏高
2025-06-26 04:16:00,1,预警,焚烧炉出口氧含量偏高
2025-06-26 04:18:00,1,预警,焚烧炉出口氧含量偏高
2025-06-26 04:20:00,1,预警,焚烧炉出口氧含量偏高
2025-06-26 04:22:00,1,预警,焚烧炉出口氧含量偏高
2025-06-26 04:24:00,1,预警,焚烧炉出口氧含量偏高
2025-06-26 04:26:00,1,预警,焚烧炉出口氧含量偏高
2025-06-26 04:28:00,1,预警,焚烧炉出口氧含量偏高
2025-06-26 04:30:00,1,预警,焚烧炉出口氧含量偏高
2025-06-26 04:32:00,1,预警,焚烧炉出口氧含量偏高
2025-06-26 04:34:00,1,预警,焚烧炉出口氧含量偏高
2025-06-26 04:42:00,1,预警,焚烧炉出口氧含量偏高
2025-06-26 05:14:00,1,预警,焚烧炉出口氧含量偏高
2025-06-26 05:16:00,1,预警,焚烧炉出口氧含量偏高
2025-06-26 05:18:00,1,预警,焚烧炉出口氧含量偏高
2025-06-26 05:20:00,1,预警,焚烧炉出口氧含量偏高
2025-06-26 05:22:00,1,预警,焚烧炉出口氧含量偏高
2025-06-26 05:24:00,1,预警,焚烧炉出口氧含量偏高
2025-06-26 05:26:00,1,预警,焚烧炉出口氧含量偏高
2025-06-26 05:28:00,1,预警,焚烧炉出口氧含量偏高
2025-06-26 05:30:00,1,预警,焚烧炉出口氧含量偏高
2025-06-26 05:32:00,1,预警,焚烧炉出口氧含量偏高
2025-06-26 05:34:00,1,预警,焚烧炉出口氧含量偏高
2025-06-26 05:36:00,1,预警,焚烧炉出口氧含量偏高
2025-06-26 05:38:00,1,预警,焚烧炉出口氧含量偏高
2025-06-26 05:40:00,1,预警,焚烧炉出口氧含量偏高
2025-06-26 05:42:00,1,预警,焚烧炉出口氧含量偏高
2025-06-26 05:46:00,1,预警,焚烧炉出口氧含量偏高
2025-06-26 05:48:00,1,预警,焚烧炉出口氧含量偏高
2025-06-26 05:50:00,1,预警,焚烧炉出口氧含量偏高
2025-06-26 05:52:00,1,预警,焚烧炉出口氧含量偏高
2025-06-26 06:58:00,1,预警,焚烧炉出口氧含量偏高
2025-06-26 07:00:00,1,预警,焚烧炉出口氧含量偏高
2025-06-26 07:02:00,1,预警,焚烧炉出口氧含量偏高
2025-06-26 07:04:00,1,预警,焚烧炉出口氧含量偏高
2025-06-26 07:06:00,1,预警,焚烧炉出口氧含量偏高
2025-06-26 07:08:00,1,预警,焚烧炉出口氧含量偏高
2025-06-26 07:10:00,1,预警,焚烧炉出口氧含量偏高
2025-06-26 07:12:00,1,预警,焚烧炉出口氧含量偏高
2025-06-26 07:14:00,1,预警,焚烧炉出口氧含量偏高
2025-06-26 07:16:00,1,预警,焚烧炉出口氧含量偏高
2025-06-26 07:18:00,1,预警,焚烧炉出口氧含量偏高
2025-06-26 07:20:00,1,预警,焚烧炉出口氧含量偏高
2025-06-26 07:22:00,1,预警,焚烧炉出口氧含量偏高
2025-06-26 07:24:00,1,预警,焚烧炉出口氧含量偏高
2025-06-26 07:26:01,1,预警,焚烧炉出口氧含量偏高
2025-06-26 07:28:00,1,预警,焚烧炉出口氧含量偏高
2025-06-26 07:30:00,1,预警,焚烧炉出口氧含量偏高
2025-06-26 07:32:00,1,预警,焚烧炉出口氧含量偏高
2025-06-26 07:34:00,1,预警,焚烧炉出口氧含量偏高
2025-06-26 07:36:00,1,预警,焚烧炉出口氧含量偏高
2025-06-26 07:38:00,1,预警,焚烧炉出口氧含量偏高
2025-06-26 07:40:00,1,预警,焚烧炉出口氧含量偏高
2025-06-26 07:44:00,1,预警,焚烧炉出口氧含量偏高
2025-06-26 07:46:00,1,预警,焚烧炉出口氧含量偏高
2025-06-26 07:48:00,1,预警,焚烧炉出口氧含量偏高
2025-06-26 07:50:00,1,预警,焚烧炉出口氧含量偏高
2025-06-26 07:52:00,1,预警,焚烧炉出口氧含量偏高
2025-06-26 08:00:00,1,预警,焚烧炉出口氧含量偏高
2025-06-26 08:12:00,1,预警,焚烧炉出口氧含量偏高
2025-06-26 08:16:00,1,预警,焚烧炉出口氧含量偏高
2025-06-26 08:22:00,1,预警,焚烧炉出口氧含量偏高
2025-06-26 08:26:00,1,预警,焚烧炉出口氧含量偏高
2025-06-26 08:28:00,1,预警,焚烧炉出口氧含量偏高
2025-06-26 08:30:00,1,预警,焚烧炉出口氧含量偏高
2025-06-26 08:32:00,1,预警,焚烧炉出口氧含量偏高
2025-06-26 08:34:00,1,预警,焚烧炉出口氧含量偏高
2025-06-26 08:36:00,1,预警,焚烧炉出口氧含量偏高
2025-06-26 08:38:00,1,预警,焚烧炉出口氧含量偏高
2025-06-26 08:50:00,1,预警,焚烧炉出口氧含量偏高
2025-06-26 08:52:00,1,预警,焚烧炉出口氧含量偏高
2025-06-26 08:54:00,1,预警,焚烧炉出口氧含量偏高
2025-06-26 08:56:00,1,预警,焚烧炉出口氧含量偏高
2025-06-26 08:58:00,1,预警,焚烧炉出口氧含量偏低
2025-06-26 09:00:00,1,预警,焚烧炉出口氧含量偏低
2025-06-26 09:02:00,1,预警,焚烧炉出口氧含量偏低
2025-06-26 09:04:00,1,预警,焚烧炉出口氧含量偏低
2025-06-26 09:06:00,1,预警,焚烧炉出口氧含量偏低
2025-06-26 09:08:00,1,预警,焚烧炉出口氧含量偏低
2025-06-26 09:10:00,1,预警,焚烧炉出口氧含量偏低
2025-06-26 09:12:00,1,预警,焚烧炉出口氧含量偏低
2025-06-26 09:14:00,1,预警,焚烧炉出口氧含量偏低
2025-06-26 09:16:00,1,预警,焚烧炉出口氧含量偏低
2025-06-26 09:20:00,1,预警,焚烧炉出口氧含量偏低
2025-06-26 09:22:00,1,预警,焚烧炉出口氧含量偏低
2025-06-26 09:24:00,1,预警,焚烧炉出口氧含量偏低
2025-06-26 09:26:00,1,预警,焚烧炉出口氧含量偏低
2025-06-26 09:30:00,1,预警,焚烧炉出口氧含量偏低
2025-06-26 09:32:00,1,预警,焚烧炉出口氧含量偏低
2025-06-26 09:34:00,1,预警,焚烧炉出口氧含量偏低
2025-06-26 09:36:00,1,预警,焚烧炉出口氧含量偏低
2025-06-26 09:38:00,1,预警,焚烧炉出口氧含量偏低
2025-06-26 09:40:00,1,预警,焚烧炉出口氧含量偏低
2025-06-26 09:42:00,1,预警,焚烧炉出口氧含量偏低
2025-06-26 09:44:00,1,预警,焚烧炉出口氧含量偏低
2025-06-26 09:50:00,1,预警,焚烧炉出口氧含量偏低
2025-06-26 09:52:00,1,预警,焚烧炉出口氧含量偏低
2025-06-26 09:54:00,1,预警,焚烧炉出口氧含量偏低
2025-06-26 09:56:00,1,预警,焚烧炉出口氧含量偏低
2025-06-26 09:58:00,1,预警,焚烧炉出口氧含量偏低
2025-06-26 10:00:00,1,预警,焚烧炉出口氧含量偏低
2025-06-26 10:04:00,1,预警,焚烧炉出口氧含量偏低
2025-06-26 10:06:00,1,预警,焚烧炉出口氧含量偏低
2025-06-26 10:08:00,1,预警,焚烧炉出口氧含量偏低
2025-06-26 10:10:00,1,预警,焚烧炉出口氧含量偏低
2025-06-26 10:12:00,1,预警,焚烧炉出口氧含量偏低
2025-06-26 10:14:00,1,预警,焚烧炉出口氧含量偏低
2025-06-26 10:16:00,1,预警,焚烧炉出口氧含量偏低
2025-06-26 10:18:00,1,预警,焚烧炉出口氧含量偏低
2025-06-26 10:20:00,1,预警,焚烧炉出口氧含量偏低
2025-06-26 10:22:00,1,预警,焚烧炉出口氧含量偏低
2025-06-26 10:24:00,1,预警,焚烧炉出口氧含量偏低
2025-06-26 10:26:00,1,预警,焚烧炉出口氧含量偏低
2025-06-26 10:28:00,1,预警,焚烧炉出口氧含量偏低
2025-06-26 10:30:00,1,预警,焚烧炉出口氧含量偏高
2025-06-26 10:32:00,1,预警,焚烧炉出口氧含量偏低
2025-06-26 10:34:00,1,预警,焚烧炉出口氧含量偏低
2025-06-26 10:36:00,1,预警,焚烧炉出口氧含量偏低
2025-06-26 10:38:00,1,预警,焚烧炉出口氧含量偏低
2025-06-26 10:40:00,1,预警,焚烧炉出口氧含量偏低
2025-06-26 10:42:00,1,预警,焚烧炉出口氧含量偏低
2025-06-26 10:44:00,1,预警,焚烧炉出口氧含量偏低
2025-06-26 10:46:00,1,预警,焚烧炉出口氧含量偏低
2025-06-26 10:48:00,1,预警,焚烧炉出口氧含量偏低
2025-06-26 10:50:00,1,预警,焚烧炉出口氧含量偏低
2025-06-26 10:52:00,1,预警,焚烧炉出口氧含量偏低
2025-06-26 10:54:00,1,预警,焚烧炉出口氧含量偏低
2025-06-26 10:56:00,1,预警,焚烧炉出口氧含量偏低
2025-06-26 10:58:00,1,预警,焚烧炉出口氧含量偏低
2025-06-26 11:00:00,1,预警,焚烧炉出口氧含量偏低
2025-06-26 11:02:00,1,预警,焚烧炉出口氧含量偏低
2025-06-26 11:04:00,1,预警,焚烧炉出口氧含量偏低
2025-06-26 11:06:00,1,预警,焚烧炉出口氧含量偏低
2025-06-26 11:08:00,1,预警,焚烧炉出口氧含量偏低
2025-06-26 11:10:00,1,预警,焚烧炉出口氧含量偏低
2025-06-26 11:12:00,1,预警,焚烧炉出口氧含量偏低
2025-06-26 11:14:00,1,预警,焚烧炉出口氧含量偏低
2025-06-26 11:16:00,1,预警,焚烧炉出口氧含量偏低
2025-06-26 11:18:00,1,预警,焚烧炉出口氧含量偏低
2025-06-26 11:20:00,1,预警,焚烧炉出口氧含量偏低
2025-06-26 11:22:00,1,预警,焚烧炉出口氧含量偏低
2025-06-26 11:24:00,1,预警,焚烧炉出口氧含量偏低
2025-06-26 11:26:00,1,预警,焚烧炉出口氧含量偏低
2025-06-26 11:28:00,1,预警,焚烧炉出口氧含量偏低
2025-06-26 11:30:00,1,预警,焚烧炉出口氧含量偏低
2025-06-26 11:32:00,1,预警,焚烧炉出口氧含量偏低
2025-06-26 11:34:00,1,预警,焚烧炉出口氧含量偏低
2025-06-26 11:36:00,1,预警,焚烧炉出口氧含量偏低
2025-06-26 11:38:00,1,预警,焚烧炉出口氧含量偏低
2025-06-26 11:40:00,1,预警,焚烧炉出口氧含量偏低
2025-06-26 11:42:00,1,预警,焚烧炉出口氧含量偏低
2025-06-26 11:44:00,1,预警,焚烧炉出口氧含量偏低
2025-06-26 11:46:00,1,预警,焚烧炉出口氧含量偏低
2025-06-26 11:48:00,1,预警,焚烧炉出口氧含量偏低
2025-06-26 11:50:00,1,预警,焚烧炉出口氧含量偏低
2025-06-26 11:52:00,1,预警,焚烧炉出口氧含量偏低
2025-06-26 11:54:00,1,预警,焚烧炉出口氧含量偏低
2025-06-26 11:56:00,1,预警,焚烧炉出口氧含量偏低
2025-06-26 11:58:00,1,预警,焚烧炉出口氧含量偏低
2025-06-26 12:00:00,1,预警,焚烧炉出口氧含量偏低
2025-06-26 12:02:00,1,预警,焚烧炉出口氧含量偏高
2025-06-26 12:04:00,1,预警,焚烧炉出口氧含量偏低
2025-06-26 12:08:00,1,预警,焚烧炉出口氧含量偏低
2025-06-26 12:10:00,1,预警,焚烧炉出口氧含量偏低
2025-06-26 12:12:00,1,预警,焚烧炉出口氧含量偏低
2025-06-26 12:14:00,1,预警,焚烧炉出口氧含量偏低
2025-06-26 12:16:00,1,预警,焚烧炉出口氧含量偏低
2025-06-26 12:18:00,1,预警,焚烧炉出口氧含量偏低
2025-06-26 12:20:00,1,预警,焚烧炉出口氧含量偏低
2025-06-26 12:22:00,1,预警,焚烧炉出口氧含量偏低
2025-06-26 12:24:00,1,预警,焚烧炉出口氧含量偏低
2025-06-26 12:26:00,1,预警,焚烧炉出口氧含量偏低
2025-06-26 12:28:00,1,预警,焚烧炉出口氧含量偏低
2025-06-26 12:30:00,1,预警,焚烧炉出口氧含量偏低
2025-06-26 12:32:00,1,预警,焚烧炉出口氧含量偏低
2025-06-26 12:34:00,1,预警,焚烧炉出口氧含量偏低
2025-06-26 12:36:00,1,预警,焚烧炉出口氧含量偏高
2025-06-26 12:38:00,1,预警,焚烧炉出口氧含量偏低
2025-06-26 12:40:00,1,预警,焚烧炉出口氧含量偏低
2025-06-26 12:44:00,1,预警,焚烧炉出口氧含量偏低
2025-06-26 12:48:00,1,预警,焚烧炉出口氧含量偏高
2025-06-26 12:50:00,1,预警,焚烧炉出口氧含量偏低
2025-06-26 12:52:00,1,预警,焚烧炉出口氧含量偏低
2025-06-26 12:54:00,1,预警,焚烧炉出口氧含量偏高
2025-06-26 12:56:00,1,预警,焚烧炉出口氧含量偏低
2025-06-26 12:58:00,1,预警,焚烧炉出口氧含量偏高
2025-06-26 13:00:00,1,预警,焚烧炉出口氧含量偏高
2025-06-26 13:02:00,1,预警,焚烧炉出口氧含量偏高
2025-06-26 13:04:00,1,预警,焚烧炉出口氧含量偏高
2025-06-26 13:06:00,1,预警,焚烧炉出口氧含量偏高
2025-06-26 13:08:00,1,预警,焚烧炉出口氧含量偏高
2025-06-26 13:10:00,1,预警,焚烧炉出口氧含量偏高
2025-06-26 13:12:00,1,预警,焚烧炉出口氧含量偏高
2025-06-26 13:14:00,1,预警,焚烧炉出口氧含量偏高
2025-06-26 13:16:00,1,预警,焚烧炉出口氧含量偏高
2025-06-26 13:18:00,1,预警,焚烧炉出口氧含量偏高
2025-06-26 13:20:00,1,预警,焚烧炉出口氧含量偏高
2025-06-26 13:22:00,1,预警,焚烧炉出口氧含量偏高
2025-06-26 13:24:00,1,预警,焚烧炉出口氧含量偏高
2025-06-26 13:26:00,1,预警,焚烧炉出口氧含量偏高
2025-06-26 13:28:00,1,预警,焚烧炉出口氧含量偏高
2025-06-26 13:30:00,1,预警,焚烧炉出口氧含量偏高
2025-06-26 13:46:00,1,预警,焚烧炉出口氧含量偏高
2025-06-26 14:22:00,1,预警,焚烧炉出口氧含量偏高
2025-06-26 14:24:00,1,预警,焚烧炉出口氧含量偏高
2025-06-26 14:26:00,1,预警,焚烧炉出口氧含量偏高
2025-06-26 14:28:00,1,预警,焚烧炉出口氧含量偏高
2025-06-26 14:30:00,1,预警,焚烧炉出口氧含量偏高
2025-06-26 14:32:00,1,预警,焚烧炉出口氧含量偏高
2025-06-26 14:34:00,1,预警,焚烧炉出口氧含量偏高
2025-06-26 14:36:00,1,预警,焚烧炉出口氧含量偏高
2025-06-26 14:38:00,1,预警,焚烧炉出口氧含量偏高
2025-06-26 14:40:00,1,预警,焚烧炉出口氧含量偏高
2025-06-26 14:42:00,1,预警,焚烧炉出口氧含量偏高
2025-06-26 14:44:00,1,预警,焚烧炉出口氧含量偏高
2025-06-26 14:48:00,1,预警,焚烧炉出口氧含量偏高
2025-06-26 14:50:00,1,预警,焚烧炉出口氧含量偏高
2025-06-26 14:52:00,1,预警,焚烧炉出口氧含量偏高
2025-06-26 14:54:00,1,预警,焚烧炉出口氧含量偏高
2025-06-26 15:00:00,1,预警,焚烧炉出口氧含量偏高
2025-06-26 16:00:00,1,预警,焚烧炉出口氧含量偏高
2025-06-26 16:02:00,1,预警,焚烧炉出口氧含量偏高
2025-06-26 16:04:00,1,预警,焚烧炉出口氧含量偏高
2025-06-26 16:06:00,1,预警,焚烧炉出口氧含量偏高
2025-06-26 16:08:00,1,预警,焚烧炉出口氧含量偏高
2025-06-26 16:10:00,1,预警,焚烧炉出口氧含量偏高
2025-06-26 16:12:00,1,预警,焚烧炉出口氧含量偏高
2025-06-26 16:14:00,1,预警,焚烧炉出口氧含量偏高
2025-06-26 16:16:00,1,预警,焚烧炉出口氧含量偏高
2025-06-26 16:18:00,1,预警,焚烧炉出口氧含量偏高
2025-06-26 16:20:00,1,预警,焚烧炉出口氧含量偏高
2025-06-26 16:22:00,1,预警,焚烧炉出口氧含量偏高
2025-06-26 16:24:00,1,预警,焚烧炉出口氧含量偏高
2025-06-26 16:26:00,1,预警,焚烧炉出口氧含量偏高
2025-06-26 16:28:00,1,预警,焚烧炉出口氧含量偏高
2025-06-26 16:30:00,1,预警,焚烧炉出口氧含量偏高
2025-06-26 16:32:00,1,预警,焚烧炉出口氧含量偏高
2025-06-26 16:34:00,1,预警,焚烧炉出口氧含量偏高
2025-06-26 16:36:00,1,预警,焚烧炉出口氧含量偏高
2025-06-26 16:38:00,1,预警,焚烧炉出口氧含量偏高
2025-06-26 16:40:00,1,预警,焚烧炉出口氧含量偏高
2025-06-26 16:42:00,1,预警,焚烧炉出口氧含量偏高
2025-06-26 16:44:00,1,预警,焚烧炉出口氧含量偏高
2025-06-26 16:46:00,1,预警,焚烧炉出口氧含量偏高
2025-06-26 16:48:00,1,预警,焚烧炉出口氧含量偏高
2025-06-26 16:50:00,1,预警,焚烧炉出口氧含量偏高
2025-06-26 16:52:00,1,预警,焚烧炉出口氧含量偏高
2025-06-26 16:54:00,1,预警,焚烧炉出口氧含量偏高
2025-06-26 16:56:00,1,预警,焚烧炉出口氧含量偏高
2025-06-26 16:58:00,1,预警,焚烧炉出口氧含量偏高
2025-06-26 17:00:00,1,预警,焚烧炉出口氧含量偏高
2025-06-26 17:02:00,1,预警,焚烧炉出口氧含量偏高
2025-06-26 17:04:00,1,预警,焚烧炉出口氧含量偏高
2025-06-26 17:06:00,1,预警,焚烧炉出口氧含量偏高
2025-06-26 17:14:00,1,预警,焚烧炉出口氧含量偏高
2025-06-26 17:16:00,1,预警,焚烧炉出口氧含量偏高
2025-06-26 17:18:00,1,预警,焚烧炉出口氧含量偏高
2025-06-26 17:20:00,1,预警,焚烧炉出口氧含量偏高
2025-06-26 17:22:00,1,预警,焚烧炉出口氧含量偏高
2025-06-26 17:24:00,1,预警,焚烧炉出口氧含量偏高
2025-06-26 17:26:00,1,预警,焚烧炉出口氧含量偏高
2025-06-26 17:28:00,1,预警,焚烧炉出口氧含量偏高
2025-06-26 17:30:00,1,预警,焚烧炉出口氧含量偏高
2025-06-26 17:32:00,1,预警,焚烧炉出口氧含量偏高
2025-06-26 17:34:00,1,预警,焚烧炉出口氧含量偏高
2025-06-26 17:36:00,1,预警,焚烧炉出口氧含量偏高
2025-06-26 17:38:00,1,预警,焚烧炉出口氧含量偏高
2025-06-26 17:40:00,1,预警,焚烧炉出口氧含量偏高
2025-06-26 17:42:00,1,预警,焚烧炉出口氧含量偏高
2025-06-26 17:44:00,1,预警,焚烧炉出口氧含量偏高
2025-06-26 17:46:00,1,预警,焚烧炉出口氧含量偏高
2025-06-26 17:48:00,1,预警,焚烧炉出口氧含量偏高
2025-06-26 17:50:00,1,预警,焚烧炉出口氧含量偏高
2025-06-26 17:52:00,1,预警,焚烧炉出口氧含量偏高
2025-06-26 17:54:00,1,预警,焚烧炉出口氧含量偏高
2025-06-26 17:56:00,1,预警,焚烧炉出口氧含量偏高
2025-06-26 18:32:00,1,预警,焚烧炉出口氧含量偏高
2025-06-26 18:34:00,1,预警,焚烧炉出口氧含量偏高
2025-06-26 18:36:00,1,预警,焚烧炉出口氧含量偏高
2025-06-26 18:38:00,1,预警,焚烧炉出口氧含量偏高
2025-06-26 18:40:00,1,预警,焚烧炉出口氧含量偏高
2025-06-26 18:42:00,1,预警,焚烧炉出口氧含量偏高
2025-06-26 18:44:00,1,预警,焚烧炉出口氧含量偏高
2025-06-26 18:46:00,1,预警,焚烧炉出口氧含量偏高
2025-06-26 18:48:00,1,预警,焚烧炉出口氧含量偏高
2025-06-26 18:50:00,1,预警,焚烧炉出口氧含量偏高
2025-06-26 18:52:00,1,预警,焚烧炉出口氧含量偏高
2025-06-26 18:54:00,1,预警,焚烧炉出口氧含量偏高
2025-06-26 18:56:00,1,预警,焚烧炉出口氧含量偏高
2025-06-26 18:58:00,1,预警,焚烧炉出口氧含量偏高
2025-06-26 19:00:00,1,预警,焚烧炉出口氧含量偏高
2025-06-26 19:02:00,1,预警,焚烧炉出口氧含量偏高
2025-06-26 19:04:00,1,预警,焚烧炉出口氧含量偏高
2025-06-26 19:14:00,1,预警,焚烧炉出口氧含量偏高
2025-06-26 19:16:00,1,预警,焚烧炉出口氧含量偏高
2025-06-26 19:18:00,1,预警,焚烧炉出口氧含量偏高
2025-06-26 19:20:00,1,预警,焚烧炉出口氧含量偏高
2025-06-26 19:22:00,1,预警,焚烧炉出口氧含量偏高
2025-06-26 19:24:00,1,预警,焚烧炉出口氧含量偏高
2025-06-26 19:26:00,1,预警,焚烧炉出口氧含量偏高
2025-06-26 19:28:00,1,预警,焚烧炉出口氧含量偏高
2025-06-26 19:30:00,1,预警,焚烧炉出口氧含量偏高
2025-06-26 19:32:00,1,预警,焚烧炉出口氧含量偏高
2025-06-26 19:34:00,1,预警,焚烧炉出口氧含量偏高
2025-06-26 19:36:00,1,预警,焚烧炉出口氧含量偏高
2025-06-26 19:38:00,1,预警,焚烧炉出口氧含量偏高
2025-06-26 19:40:00,1,预警,焚烧炉出口氧含量偏高
2025-06-26 19:42:00,1,预警,焚烧炉出口氧含量偏高
2025-06-26 19:44:00,1,预警,焚烧炉出口氧含量偏高
2025-06-26 19:46:00,1,预警,焚烧炉出口氧含量偏高
2025-06-26 19:48:00,1,预警,焚烧炉出口氧含量偏高
2025-06-26 19:50:00,1,预警,焚烧炉出口氧含量偏高
2025-06-26 19:52:00,1,预警,焚烧炉出口氧含量偏高
2025-06-26 19:54:00,1,预警,焚烧炉出口氧含量偏高
2025-06-26 19:56:00,1,预警,焚烧炉出口氧含量偏高
2025-06-26 19:58:00,1,预警,焚烧炉出口氧含量偏高
2025-06-26 20:00:00,1,预警,焚烧炉出口氧含量偏高
2025-06-26 20:02:00,1,预警,焚烧炉出口氧含量偏高
2025-06-26 20:04:00,1,预警,焚烧炉出口氧含量偏高
2025-06-26 20:06:00,1,预警,焚烧炉出口氧含量偏高
2025-06-26 20:08:00,1,预警,焚烧炉出口氧含量偏高
2025-06-26 20:10:00,1,预警,焚烧炉出口氧含量偏高
2025-06-26 20:12:00,1,预警,焚烧炉出口氧含量偏高
2025-06-26 20:14:00,1,预警,焚烧炉出口氧含量偏高
2025-06-26 20:16:00,1,预警,焚烧炉出口氧含量偏高
2025-06-26 20:18:00,1,预警,焚烧炉出口氧含量偏高
2025-06-26 20:20:00,1,预警,焚烧炉出口氧含量偏高
2025-06-26 20:22:00,1,预警,焚烧炉出口氧含量偏高
2025-06-26 20:24:00,1,预警,焚烧炉出口氧含量偏高
2025-06-26 20:26:00,1,预警,焚烧炉出口氧含量偏高
2025-06-26 20:28:00,1,预警,焚烧炉出口氧含量偏高
2025-06-26 20:30:00,1,预警,焚烧炉出口氧含量偏高
2025-06-26 20:32:00,1,预警,焚烧炉出口氧含量偏高
2025-06-26 20:34:00,1,预警,焚烧炉出口氧含量偏高
2025-06-26 20:36:00,1,预警,焚烧炉出口氧含量偏高
2025-06-26 20:38:00,1,预警,焚烧炉出口氧含量偏高
2025-06-26 20:40:00,1,预警,焚烧炉出口氧含量偏高
2025-06-26 20:42:00,1,预警,焚烧炉出口氧含量偏高
2025-06-26 20:44:00,1,预警,焚烧炉出口氧含量偏高
2025-06-26 20:46:00,1,预警,焚烧炉出口氧含量偏高
2025-06-26 20:48:00,1,预警,焚烧炉出口氧含量偏高
2025-06-26 20:50:00,1,预警,焚烧炉出口氧含量偏高
2025-06-26 20:52:00,1,预警,焚烧炉出口氧含量偏高
2025-06-26 20:54:00,1,预警,焚烧炉出口氧含量偏高
2025-06-26 20:56:00,1,预警,焚烧炉出口氧含量偏高
2025-06-26 20:58:00,1,预警,焚烧炉出口氧含量偏高
2025-06-26 21:00:00,1,预警,焚烧炉出口氧含量偏高
2025-06-26 21:02:00,1,预警,焚烧炉出口氧含量偏高
2025-06-26 21:04:00,1,预警,焚烧炉出口氧含量偏高
2025-06-26 21:06:00,1,预警,焚烧炉出口氧含量偏高
2025-06-26 21:08:00,1,预警,焚烧炉出口氧含量偏高
2025-06-26 21:10:00,1,预警,焚烧炉出口氧含量偏高
2025-06-26 21:12:00,1,预警,焚烧炉出口氧含量偏高
2025-06-26 21:32:00,1,预警,焚烧炉出口氧含量偏高
2025-06-26 21:36:00,1,预警,焚烧炉出口氧含量偏高
2025-06-26 21:40:00,1,预警,焚烧炉出口氧含量偏高
2025-06-26 21:42:00,1,预警,焚烧炉出口氧含量偏高
2025-06-26 21:50:00,1,预警,焚烧炉出口氧含量偏高
2025-06-26 21:54:00,1,预警,焚烧炉出口氧含量偏高
2025-06-26 21:56:00,1,预警,焚烧炉出口氧含量偏高
2025-06-26 22:16:00,1,预警,焚烧炉出口氧含量偏高
2025-06-26 22:18:00,1,预警,焚烧炉出口氧含量偏高
2025-06-26 22:20:00,1,预警,焚烧炉出口氧含量偏高
2025-06-26 22:22:00,1,预警,焚烧炉出口氧含量偏高
2025-06-26 22:24:00,1,预警,焚烧炉出口氧含量偏高
2025-06-26 22:26:00,1,预警,焚烧炉出口氧含量偏高
2025-06-26 22:28:00,1,预警,焚烧炉出口氧含量偏高
2025-06-26 22:30:00,1,预警,焚烧炉出口氧含量偏高
2025-06-26 22:32:00,1,预警,焚烧炉出口氧含量偏高
2025-06-26 22:34:00,1,预警,焚烧炉出口氧含量偏高
2025-06-26 22:36:00,1,预警,焚烧炉出口氧含量偏高
2025-06-26 22:38:00,1,预警,焚烧炉出口氧含量偏高
2025-06-26 22:40:00,1,预警,焚烧炉出口氧含量偏高
2025-06-26 22:42:00,1,预警,焚烧炉出口氧含量偏高
2025-06-26 22:44:00,1,预警,焚烧炉出口氧含量偏高
2025-06-26 22:46:00,1,预警,焚烧炉出口氧含量偏高
2025-06-26 22:48:00,1,预警,焚烧炉出口氧含量偏高
2025-06-26 22:50:00,1,预警,焚烧炉出口氧含量偏高
2025-06-26 22:52:00,1,预警,焚烧炉出口氧含量偏高
2025-06-26 22:56:00,1,预警,焚烧炉出口氧含量偏高
2025-06-26 22:58:00,1,预警,焚烧炉出口氧含量偏高
2025-06-26 23:00:00,1,预警,焚烧炉出口氧含量偏高
2025-06-26 23:04:00,1,预警,焚烧炉出口氧含量偏高
2025-06-26 23:06:00,1,预警,焚烧炉出口氧含量偏高
2025-06-26 23:08:00,1,预警,焚烧炉出口氧含量偏高
2025-06-26 23:10:00,1,预警,焚烧炉出口氧含量偏高
2025-06-26 23:12:00,1,预警,焚烧炉出口氧含量偏高
2025-06-26 23:14:00,1,预警,焚烧炉出口氧含量偏高
2025-06-26 23:16:00,1,预警,焚烧炉出口氧含量偏高
2025-06-26 23:18:00,1,预警,焚烧炉出口氧含量偏高
2025-06-26 23:26:00,1,预警,焚烧炉出口氧含量偏高
2025-06-26 23:34:00,1,预警,焚烧炉出口氧含量偏高
2025-06-26 23:42:00,1,预警,焚烧炉出口氧含量偏高
2025-06-26 23:46:00,1,预警,焚烧炉出口氧含量偏高
2025-06-26 23:48:00,1,预警,焚烧炉出口氧含量偏高
