﻿时间,炉号,预警/报警类型,预警/报警事件
2025-06-27 00:02:00,1,预警,焚烧炉出口氧含量偏高
2025-06-27 00:06:00,1,预警,焚烧炉出口氧含量偏高
2025-06-27 00:08:00,1,预警,焚烧炉出口氧含量偏高
2025-06-27 00:14:00,1,预警,焚烧炉出口氧含量偏高
2025-06-27 00:16:00,1,预警,焚烧炉出口氧含量偏高
2025-06-27 00:18:00,1,预警,焚烧炉出口氧含量偏高
2025-06-27 00:20:00,1,预警,焚烧炉出口氧含量偏高
2025-06-27 00:22:00,1,预警,焚烧炉出口氧含量偏高
2025-06-27 00:24:00,1,预警,焚烧炉出口氧含量偏高
2025-06-27 00:26:00,1,预警,焚烧炉出口氧含量偏高
2025-06-27 00:28:00,1,预警,焚烧炉出口氧含量偏高
2025-06-27 00:30:00,1,预警,焚烧炉出口氧含量偏高
2025-06-27 00:40:00,1,预警,焚烧炉出口氧含量偏高
2025-06-27 00:42:00,1,预警,焚烧炉出口氧含量偏高
2025-06-27 00:44:00,1,预警,焚烧炉出口氧含量偏高
2025-06-27 00:46:00,1,预警,焚烧炉出口氧含量偏高
2025-06-27 00:48:00,1,预警,焚烧炉出口氧含量偏高
2025-06-27 00:50:00,1,预警,焚烧炉出口氧含量偏高
2025-06-27 00:52:00,1,预警,焚烧炉出口氧含量偏高
2025-06-27 00:54:00,1,预警,焚烧炉出口氧含量偏高
2025-06-27 00:56:00,1,预警,焚烧炉出口氧含量偏高
2025-06-27 00:58:00,1,预警,焚烧炉出口氧含量偏高
2025-06-27 01:00:00,1,预警,焚烧炉出口氧含量偏高
2025-06-27 01:02:00,1,预警,焚烧炉出口氧含量偏高
2025-06-27 01:04:00,1,预警,焚烧炉出口氧含量偏高
2025-06-27 01:06:00,1,预警,焚烧炉出口氧含量偏高
2025-06-27 01:08:00,1,预警,焚烧炉出口氧含量偏高
2025-06-27 01:10:00,1,预警,焚烧炉出口氧含量偏高
2025-06-27 01:12:00,1,预警,焚烧炉出口氧含量偏高
2025-06-27 01:14:00,1,预警,焚烧炉出口氧含量偏高
2025-06-27 01:16:00,1,预警,焚烧炉出口氧含量偏高
2025-06-27 01:18:00,1,预警,焚烧炉出口氧含量偏高
2025-06-27 01:20:00,1,预警,焚烧炉出口氧含量偏高
2025-06-27 01:24:00,1,预警,焚烧炉出口氧含量偏高
2025-06-27 01:26:00,1,预警,焚烧炉出口氧含量偏高
2025-06-27 01:28:00,1,预警,焚烧炉出口氧含量偏高
2025-06-27 01:30:00,1,预警,焚烧炉出口氧含量偏高
2025-06-27 01:32:00,1,预警,焚烧炉出口氧含量偏高
2025-06-27 01:36:00,1,预警,焚烧炉出口氧含量偏高
2025-06-27 01:38:00,1,预警,焚烧炉出口氧含量偏高
2025-06-27 01:40:00,1,预警,焚烧炉出口氧含量偏高
2025-06-27 01:42:00,1,预警,焚烧炉出口氧含量偏高
2025-06-27 01:46:00,1,预警,焚烧炉出口氧含量偏高
2025-06-27 01:50:00,1,预警,焚烧炉出口氧含量偏高
2025-06-27 01:52:00,1,预警,焚烧炉出口氧含量偏高
2025-06-27 01:54:00,1,预警,焚烧炉出口氧含量偏高
2025-06-27 01:56:00,1,预警,焚烧炉出口氧含量偏高
2025-06-27 01:58:00,1,预警,焚烧炉出口氧含量偏高
2025-06-27 02:00:00,1,预警,焚烧炉出口氧含量偏高
2025-06-27 02:02:00,1,预警,焚烧炉出口氧含量偏高
2025-06-27 02:04:00,1,预警,焚烧炉出口氧含量偏高
2025-06-27 02:06:00,1,预警,焚烧炉出口氧含量偏高
2025-06-27 02:08:00,1,预警,焚烧炉出口氧含量偏高
2025-06-27 02:10:00,1,预警,焚烧炉出口氧含量偏高
2025-06-27 02:12:00,1,预警,焚烧炉出口氧含量偏高
2025-06-27 02:14:00,1,预警,焚烧炉出口氧含量偏高
2025-06-27 02:16:00,1,预警,焚烧炉出口氧含量偏高
2025-06-27 02:18:00,1,预警,焚烧炉出口氧含量偏高
2025-06-27 02:20:00,1,预警,焚烧炉出口氧含量偏高
2025-06-27 02:22:00,1,预警,焚烧炉出口氧含量偏高
2025-06-27 02:24:00,1,预警,焚烧炉出口氧含量偏高
2025-06-27 02:26:00,1,预警,焚烧炉出口氧含量偏高
2025-06-27 02:28:00,1,预警,焚烧炉出口氧含量偏高
2025-06-27 02:30:00,1,预警,焚烧炉出口氧含量偏高
2025-06-27 02:34:00,1,预警,焚烧炉出口氧含量偏高
2025-06-27 02:36:00,1,预警,焚烧炉出口氧含量偏高
2025-06-27 02:38:00,1,预警,焚烧炉出口氧含量偏高
2025-06-27 02:40:00,1,预警,焚烧炉出口氧含量偏高
2025-06-27 02:42:00,1,预警,焚烧炉出口氧含量偏高
2025-06-27 02:44:00,1,预警,焚烧炉出口氧含量偏高
2025-06-27 02:46:00,1,预警,焚烧炉出口氧含量偏高
2025-06-27 02:48:00,1,预警,焚烧炉出口氧含量偏高
2025-06-27 02:52:00,1,预警,焚烧炉出口氧含量偏高
2025-06-27 03:00:00,1,预警,焚烧炉出口氧含量偏高
2025-06-27 03:02:00,1,预警,焚烧炉出口氧含量偏高
2025-06-27 03:10:00,1,预警,焚烧炉出口氧含量偏高
2025-06-27 03:12:00,1,预警,焚烧炉出口氧含量偏高
2025-06-27 03:14:00,1,预警,焚烧炉出口氧含量偏高
2025-06-27 03:16:00,1,预警,焚烧炉出口氧含量偏高
2025-06-27 03:18:00,1,预警,焚烧炉出口氧含量偏高
2025-06-27 03:20:00,1,预警,焚烧炉出口氧含量偏高
2025-06-27 03:22:00,1,预警,焚烧炉出口氧含量偏高
2025-06-27 03:24:00,1,预警,焚烧炉出口氧含量偏高
2025-06-27 03:26:00,1,预警,焚烧炉出口氧含量偏高
2025-06-27 03:28:00,1,预警,焚烧炉出口氧含量偏高
2025-06-27 03:30:00,1,预警,焚烧炉出口氧含量偏高
2025-06-27 03:32:00,1,预警,焚烧炉出口氧含量偏高
2025-06-27 03:34:00,1,预警,焚烧炉出口氧含量偏高
2025-06-27 03:36:00,1,预警,焚烧炉出口氧含量偏高
2025-06-27 03:38:00,1,预警,焚烧炉出口氧含量偏高
2025-06-27 03:40:00,1,预警,焚烧炉出口氧含量偏高
2025-06-27 03:42:00,1,预警,焚烧炉出口氧含量偏高
2025-06-27 03:44:00,1,预警,焚烧炉出口氧含量偏高
2025-06-27 03:46:00,1,预警,焚烧炉出口氧含量偏高
2025-06-27 03:48:00,1,预警,焚烧炉出口氧含量偏高
2025-06-27 03:50:00,1,预警,焚烧炉出口氧含量偏高
2025-06-27 03:52:00,1,预警,焚烧炉出口氧含量偏高
2025-06-27 03:54:00,1,预警,焚烧炉出口氧含量偏高
2025-06-27 03:56:00,1,预警,焚烧炉出口氧含量偏高
2025-06-27 03:58:00,1,预警,焚烧炉出口氧含量偏高
2025-06-27 04:00:00,1,预警,焚烧炉出口氧含量偏高
2025-06-27 04:02:00,1,预警,焚烧炉出口氧含量偏高
2025-06-27 04:04:00,1,预警,焚烧炉出口氧含量偏高
2025-06-27 04:06:00,1,预警,焚烧炉出口氧含量偏高
2025-06-27 04:08:00,1,预警,焚烧炉出口氧含量偏高
2025-06-27 04:10:00,1,预警,焚烧炉出口氧含量偏高
2025-06-27 04:12:00,1,预警,焚烧炉出口氧含量偏高
2025-06-27 04:14:00,1,预警,焚烧炉出口氧含量偏高
2025-06-27 04:16:00,1,预警,焚烧炉出口氧含量偏高
2025-06-27 04:18:00,1,预警,焚烧炉出口氧含量偏高
2025-06-27 04:20:00,1,预警,焚烧炉出口氧含量偏高
2025-06-27 04:24:00,1,预警,焚烧炉出口氧含量偏高
2025-06-27 04:26:00,1,预警,焚烧炉出口氧含量偏高
2025-06-27 04:28:00,1,预警,焚烧炉出口氧含量偏高
2025-06-27 04:30:00,1,预警,焚烧炉出口氧含量偏高
2025-06-27 04:32:00,1,预警,焚烧炉出口氧含量偏高
2025-06-27 04:34:00,1,预警,焚烧炉出口氧含量偏高
2025-06-27 04:36:00,1,预警,焚烧炉出口氧含量偏高
2025-06-27 04:38:00,1,预警,焚烧炉出口氧含量偏高
2025-06-27 04:40:00,1,预警,焚烧炉出口氧含量偏高
2025-06-27 04:42:00,1,预警,焚烧炉出口氧含量偏高
2025-06-27 04:44:00,1,预警,焚烧炉出口氧含量偏高
2025-06-27 04:58:00,1,预警,焚烧炉出口氧含量偏高
2025-06-27 05:04:00,1,预警,焚烧炉出口氧含量偏高
2025-06-27 05:06:00,1,预警,焚烧炉出口氧含量偏高
2025-06-27 05:08:00,1,预警,焚烧炉出口氧含量偏高
2025-06-27 05:10:00,1,预警,焚烧炉出口氧含量偏高
2025-06-27 05:12:00,1,预警,焚烧炉出口氧含量偏高
2025-06-27 05:14:00,1,预警,焚烧炉出口氧含量偏高
2025-06-27 05:16:00,1,预警,焚烧炉出口氧含量偏高
2025-06-27 05:18:00,1,预警,焚烧炉出口氧含量偏高
2025-06-27 05:20:00,1,预警,焚烧炉出口氧含量偏高
2025-06-27 05:22:00,1,预警,焚烧炉出口氧含量偏高
2025-06-27 05:24:00,1,预警,焚烧炉出口氧含量偏高
2025-06-27 05:26:00,1,预警,焚烧炉出口氧含量偏高
2025-06-27 05:28:00,1,预警,焚烧炉出口氧含量偏高
2025-06-27 05:30:00,1,预警,焚烧炉出口氧含量偏高
2025-06-27 05:32:00,1,预警,焚烧炉出口氧含量偏高
2025-06-27 05:34:00,1,预警,焚烧炉出口氧含量偏高
2025-06-27 05:36:00,1,预警,焚烧炉出口氧含量偏高
2025-06-27 05:38:00,1,预警,焚烧炉出口氧含量偏高
2025-06-27 05:40:00,1,预警,焚烧炉出口氧含量偏高
2025-06-27 05:42:00,1,预警,焚烧炉出口氧含量偏高
2025-06-27 05:44:00,1,预警,焚烧炉出口氧含量偏高
2025-06-27 05:46:00,1,预警,焚烧炉出口氧含量偏高
2025-06-27 05:48:00,1,预警,焚烧炉出口氧含量偏高
2025-06-27 05:50:00,1,预警,焚烧炉出口氧含量偏高
2025-06-27 05:52:00,1,预警,焚烧炉出口氧含量偏高
2025-06-27 05:54:00,1,预警,焚烧炉出口氧含量偏高
2025-06-27 05:56:00,1,预警,焚烧炉出口氧含量偏高
2025-06-27 05:58:00,1,预警,焚烧炉出口氧含量偏高
2025-06-27 06:00:00,1,预警,焚烧炉出口氧含量偏高
2025-06-27 06:02:00,1,预警,焚烧炉出口氧含量偏高
2025-06-27 06:04:00,1,预警,焚烧炉出口氧含量偏高
2025-06-27 06:06:00,1,预警,焚烧炉出口氧含量偏高
2025-06-27 06:08:00,1,预警,焚烧炉出口氧含量偏高
2025-06-27 06:14:00,1,预警,焚烧炉出口氧含量偏高
2025-06-27 06:18:00,1,预警,焚烧炉出口氧含量偏高
2025-06-27 06:30:00,1,预警,焚烧炉出口氧含量偏高
2025-06-27 06:32:00,1,预警,焚烧炉出口氧含量偏高
2025-06-27 06:34:00,1,预警,焚烧炉出口氧含量偏高
2025-06-27 06:38:00,1,预警,焚烧炉出口氧含量偏高
2025-06-27 06:40:00,1,预警,焚烧炉出口氧含量偏高
2025-06-27 06:42:00,1,预警,焚烧炉出口氧含量偏高
2025-06-27 07:08:00,1,预警,焚烧炉出口氧含量偏高
2025-06-27 07:10:00,1,预警,焚烧炉出口氧含量偏高
2025-06-27 07:14:00,1,预警,焚烧炉出口氧含量偏高
2025-06-27 07:22:00,1,预警,焚烧炉出口氧含量偏高
2025-06-27 07:24:00,1,预警,焚烧炉出口氧含量偏高
2025-06-27 07:28:00,1,预警,焚烧炉出口氧含量偏高
2025-06-27 07:32:00,1,预警,焚烧炉出口氧含量偏高
2025-06-27 07:46:00,1,预警,焚烧炉出口氧含量偏高
2025-06-27 07:48:00,1,预警,焚烧炉出口氧含量偏高
2025-06-27 07:50:00,1,预警,焚烧炉出口氧含量偏高
2025-06-27 07:52:00,1,预警,焚烧炉出口氧含量偏高
2025-06-27 08:00:00,1,预警,焚烧炉出口氧含量偏高
2025-06-27 08:02:00,1,预警,焚烧炉出口氧含量偏高
2025-06-27 08:04:00,1,预警,焚烧炉出口氧含量偏高
2025-06-27 08:06:00,1,预警,焚烧炉出口氧含量偏高
2025-06-27 08:08:00,1,预警,焚烧炉出口氧含量偏高
2025-06-27 09:06:00,1,预警,焚烧炉出口氧含量偏高
2025-06-27 09:08:00,1,预警,焚烧炉出口氧含量偏高
2025-06-27 09:10:00,1,预警,焚烧炉出口氧含量偏高
2025-06-27 09:12:00,1,预警,焚烧炉出口氧含量偏高
2025-06-27 09:14:00,1,预警,焚烧炉出口氧含量偏高
2025-06-27 09:16:00,1,预警,焚烧炉出口氧含量偏高
2025-06-27 09:22:00,1,预警,焚烧炉出口氧含量偏高
2025-06-27 09:26:00,1,预警,焚烧炉出口氧含量偏高
2025-06-27 09:28:00,1,预警,焚烧炉出口氧含量偏高
2025-06-27 09:30:00,1,预警,焚烧炉出口氧含量偏高
2025-06-27 09:32:00,1,预警,焚烧炉出口氧含量偏高
2025-06-27 09:34:00,1,预警,焚烧炉出口氧含量偏高
2025-06-27 09:36:00,1,预警,焚烧炉出口氧含量偏高
2025-06-27 09:40:00,1,预警,焚烧炉出口氧含量偏高
2025-06-27 09:56:00,1,预警,焚烧炉出口氧含量偏高
2025-06-27 10:02:00,1,预警,焚烧炉出口氧含量偏高
2025-06-27 10:04:00,1,预警,焚烧炉出口氧含量偏高
2025-06-27 10:06:00,1,预警,焚烧炉出口氧含量偏高
2025-06-27 10:10:00,1,预警,焚烧炉出口氧含量偏高
2025-06-27 10:12:00,1,预警,焚烧炉出口氧含量偏高
2025-06-27 10:14:00,1,预警,焚烧炉出口氧含量偏高
2025-06-27 10:16:00,1,预警,焚烧炉出口氧含量偏高
2025-06-27 10:18:00,1,预警,焚烧炉出口氧含量偏高
2025-06-27 10:20:00,1,预警,焚烧炉出口氧含量偏高
2025-06-27 10:22:00,1,预警,焚烧炉出口氧含量偏高
2025-06-27 10:24:00,1,预警,焚烧炉出口氧含量偏高
2025-06-27 10:26:00,1,预警,焚烧炉出口氧含量偏高
2025-06-27 10:28:00,1,预警,焚烧炉出口氧含量偏高
2025-06-27 10:30:00,1,预警,焚烧炉出口氧含量偏高
2025-06-27 10:32:00,1,预警,焚烧炉出口氧含量偏高
2025-06-27 10:34:00,1,预警,焚烧炉出口氧含量偏高
2025-06-27 10:36:00,1,预警,焚烧炉出口氧含量偏高
2025-06-27 10:38:00,1,预警,焚烧炉出口氧含量偏高
2025-06-27 10:40:00,1,预警,焚烧炉出口氧含量偏高
2025-06-27 10:42:00,1,预警,焚烧炉出口氧含量偏高
2025-06-27 10:44:00,1,预警,焚烧炉出口氧含量偏高
2025-06-27 10:46:00,1,预警,焚烧炉出口氧含量偏高
2025-06-27 10:48:00,1,预警,焚烧炉出口氧含量偏高
2025-06-27 10:50:00,1,预警,焚烧炉出口氧含量偏高
2025-06-27 10:52:00,1,预警,焚烧炉出口氧含量偏高
2025-06-27 11:02:00,1,预警,焚烧炉出口氧含量偏高
2025-06-27 11:04:00,1,预警,焚烧炉出口氧含量偏高
2025-06-27 11:06:00,1,预警,焚烧炉出口氧含量偏高
2025-06-27 11:08:00,1,预警,焚烧炉出口氧含量偏高
2025-06-27 11:10:00,1,预警,焚烧炉出口氧含量偏高
2025-06-27 11:12:00,1,预警,焚烧炉出口氧含量偏高
2025-06-27 11:14:00,1,预警,焚烧炉出口氧含量偏高
2025-06-27 11:16:00,1,预警,焚烧炉出口氧含量偏高
2025-06-27 11:18:00,1,预警,焚烧炉出口氧含量偏高
2025-06-27 11:20:00,1,预警,焚烧炉出口氧含量偏高
2025-06-27 11:22:00,1,预警,焚烧炉出口氧含量偏高
2025-06-27 11:24:00,1,预警,焚烧炉出口氧含量偏高
2025-06-27 11:58:00,1,预警,焚烧炉出口氧含量偏高
2025-06-27 12:06:00,1,预警,焚烧炉出口氧含量偏高
2025-06-27 12:08:00,1,预警,焚烧炉出口氧含量偏高
2025-06-27 12:12:00,1,预警,焚烧炉出口氧含量偏高
2025-06-27 12:14:00,1,预警,焚烧炉出口氧含量偏高
2025-06-27 12:16:00,1,预警,焚烧炉出口氧含量偏高
2025-06-27 12:18:00,1,预警,焚烧炉出口氧含量偏高
2025-06-27 12:20:00,1,预警,焚烧炉出口氧含量偏高
2025-06-27 12:22:00,1,预警,焚烧炉出口氧含量偏高
2025-06-27 12:24:00,1,预警,焚烧炉出口氧含量偏高
2025-06-27 12:26:00,1,预警,焚烧炉出口氧含量偏高
2025-06-27 12:28:00,1,预警,焚烧炉出口氧含量偏高
2025-06-27 12:30:00,1,预警,焚烧炉出口氧含量偏高
2025-06-27 12:32:00,1,预警,焚烧炉出口氧含量偏高
2025-06-27 12:34:00,1,预警,焚烧炉出口氧含量偏高
2025-06-27 12:36:00,1,预警,焚烧炉出口氧含量偏高
2025-06-27 12:38:00,1,预警,焚烧炉出口氧含量偏高
2025-06-27 12:40:00,1,预警,焚烧炉出口氧含量偏高
2025-06-27 12:42:00,1,预警,焚烧炉出口氧含量偏高
2025-06-27 12:44:00,1,预警,焚烧炉出口氧含量偏高
2025-06-27 12:46:00,1,预警,焚烧炉出口氧含量偏高
2025-06-27 12:48:00,1,预警,焚烧炉出口氧含量偏高
2025-06-27 12:58:00,1,预警,焚烧炉出口氧含量偏高
2025-06-27 13:04:00,1,预警,焚烧炉出口氧含量偏高
2025-06-27 13:06:00,1,预警,焚烧炉出口氧含量偏高
2025-06-27 13:08:00,1,预警,焚烧炉出口氧含量偏高
2025-06-27 13:10:00,1,预警,焚烧炉出口氧含量偏高
2025-06-27 13:28:00,1,预警,焚烧炉出口氧含量偏高
2025-06-27 13:30:00,1,预警,焚烧炉出口氧含量偏高
2025-06-27 13:32:00,1,预警,焚烧炉出口氧含量偏高
2025-06-27 13:34:00,1,预警,焚烧炉出口氧含量偏高
2025-06-27 13:38:00,1,预警,焚烧炉出口氧含量偏高
2025-06-27 13:40:00,1,预警,焚烧炉出口氧含量偏高
2025-06-27 13:42:00,1,预警,焚烧炉出口氧含量偏高
2025-06-27 13:44:00,1,预警,焚烧炉出口氧含量偏高
2025-06-27 13:46:00,1,预警,焚烧炉出口氧含量偏高
2025-06-27 13:48:00,1,预警,焚烧炉出口氧含量偏高
2025-06-27 14:02:00,1,预警,焚烧炉出口氧含量偏高
2025-06-27 14:14:00,1,预警,焚烧炉出口氧含量偏高
2025-06-27 14:16:00,1,预警,焚烧炉出口氧含量偏高
2025-06-27 14:18:00,1,预警,焚烧炉出口氧含量偏高
2025-06-27 14:20:00,1,预警,焚烧炉出口氧含量偏高
2025-06-27 14:22:00,1,预警,焚烧炉出口氧含量偏高
2025-06-27 14:24:00,1,预警,焚烧炉出口氧含量偏高
2025-06-27 14:26:00,1,预警,焚烧炉出口氧含量偏高
2025-06-27 14:28:00,1,预警,焚烧炉出口氧含量偏高
2025-06-27 14:30:00,1,预警,焚烧炉出口氧含量偏高
2025-06-27 14:32:00,1,预警,焚烧炉出口氧含量偏高
2025-06-27 14:36:00,1,预警,焚烧炉出口氧含量偏高
2025-06-27 14:40:00,1,预警,焚烧炉出口氧含量偏高
2025-06-27 14:42:00,1,预警,焚烧炉出口氧含量偏高
2025-06-27 14:44:00,1,预警,焚烧炉出口氧含量偏高
2025-06-27 14:46:00,1,预警,焚烧炉出口氧含量偏高
2025-06-27 14:48:00,1,预警,焚烧炉出口氧含量偏高
2025-06-27 14:50:00,1,预警,焚烧炉出口氧含量偏高
2025-06-27 14:52:00,1,预警,焚烧炉出口氧含量偏高
2025-06-27 14:54:00,1,预警,焚烧炉出口氧含量偏高
2025-06-27 14:58:00,1,预警,焚烧炉出口氧含量偏高
2025-06-27 15:10:00,1,预警,焚烧炉出口氧含量偏高
2025-06-27 15:12:00,1,预警,焚烧炉出口氧含量偏高
2025-06-27 15:14:00,1,预警,焚烧炉出口氧含量偏高
2025-06-27 15:16:00,1,预警,焚烧炉出口氧含量偏高
2025-06-27 15:20:00,1,预警,焚烧炉出口氧含量偏高
2025-06-27 15:24:00,1,预警,焚烧炉出口氧含量偏高
2025-06-27 15:48:00,1,预警,焚烧炉出口氧含量偏高
2025-06-27 15:54:00,1,预警,焚烧炉出口氧含量偏高
2025-06-27 15:56:00,1,预警,焚烧炉出口氧含量偏高
2025-06-27 15:58:00,1,预警,焚烧炉出口氧含量偏高
2025-06-27 16:00:00,1,预警,焚烧炉出口氧含量偏高
2025-06-27 16:04:00,1,预警,焚烧炉出口氧含量偏高
2025-06-27 16:08:00,1,预警,焚烧炉出口氧含量偏高
2025-06-27 16:58:00,1,预警,焚烧炉出口氧含量偏高
2025-06-27 17:00:00,1,预警,焚烧炉出口氧含量偏高
2025-06-27 17:02:00,1,预警,焚烧炉出口氧含量偏高
2025-06-27 17:08:00,1,预警,焚烧炉出口氧含量偏高
2025-06-27 17:10:00,1,预警,焚烧炉出口氧含量偏高
2025-06-27 17:12:00,1,预警,焚烧炉出口氧含量偏高
2025-06-27 17:14:00,1,预警,焚烧炉出口氧含量偏高
2025-06-27 17:16:00,1,预警,焚烧炉出口氧含量偏高
2025-06-27 17:18:00,1,预警,焚烧炉出口氧含量偏高
2025-06-27 17:20:00,1,预警,焚烧炉出口氧含量偏高
2025-06-27 17:22:00,1,预警,焚烧炉出口氧含量偏高
2025-06-27 17:24:00,1,预警,焚烧炉出口氧含量偏高
2025-06-27 17:26:00,1,预警,焚烧炉出口氧含量偏高
2025-06-27 17:28:00,1,预警,焚烧炉出口氧含量偏高
2025-06-27 17:30:00,1,预警,焚烧炉出口氧含量偏高
2025-06-27 17:32:00,1,预警,焚烧炉出口氧含量偏高
2025-06-27 17:34:00,1,预警,焚烧炉出口氧含量偏高
2025-06-27 17:36:00,1,预警,焚烧炉出口氧含量偏高
2025-06-27 17:40:00,1,预警,焚烧炉出口氧含量偏高
2025-06-27 17:42:00,1,预警,焚烧炉出口氧含量偏高
2025-06-27 17:44:00,1,预警,焚烧炉出口氧含量偏高
2025-06-27 17:46:00,1,预警,焚烧炉出口氧含量偏高
2025-06-27 17:48:00,1,预警,焚烧炉出口氧含量偏高
2025-06-27 17:50:00,1,预警,焚烧炉出口氧含量偏高
2025-06-27 17:52:00,1,预警,焚烧炉出口氧含量偏高
2025-06-27 17:54:00,1,预警,焚烧炉出口氧含量偏高
2025-06-27 17:56:00,1,预警,焚烧炉出口氧含量偏高
2025-06-27 17:58:00,1,预警,焚烧炉出口氧含量偏高
2025-06-27 18:00:00,1,预警,焚烧炉出口氧含量偏高
2025-06-27 18:02:00,1,预警,焚烧炉出口氧含量偏高
2025-06-27 18:04:00,1,预警,焚烧炉出口氧含量偏高
2025-06-27 18:06:00,1,预警,焚烧炉出口氧含量偏高
2025-06-27 18:08:00,1,预警,焚烧炉出口氧含量偏高
2025-06-27 18:54:00,1,预警,焚烧炉出口氧含量偏高
2025-06-27 18:56:00,1,预警,焚烧炉出口氧含量偏高
2025-06-27 19:02:00,1,预警,焚烧炉出口氧含量偏高
2025-06-27 19:10:00,1,预警,焚烧炉出口氧含量偏高
2025-06-27 19:22:00,1,预警,焚烧炉出口氧含量偏高
2025-06-27 19:24:00,1,预警,焚烧炉出口氧含量偏高
2025-06-27 19:26:00,1,预警,焚烧炉出口氧含量偏高
2025-06-27 19:28:00,1,预警,焚烧炉出口氧含量偏高
2025-06-27 19:30:00,1,预警,焚烧炉出口氧含量偏高
2025-06-27 19:32:00,1,预警,焚烧炉出口氧含量偏高
2025-06-27 19:38:00,1,预警,焚烧炉出口氧含量偏高
2025-06-27 19:40:00,1,预警,焚烧炉出口氧含量偏高
2025-06-27 19:42:00,1,预警,焚烧炉出口氧含量偏高
2025-06-27 19:44:00,1,预警,焚烧炉出口氧含量偏高
2025-06-27 19:46:00,1,预警,焚烧炉出口氧含量偏高
2025-06-27 19:48:00,1,预警,焚烧炉出口氧含量偏高
2025-06-27 19:50:00,1,预警,焚烧炉出口氧含量偏高
2025-06-27 19:52:00,1,预警,焚烧炉出口氧含量偏高
2025-06-27 19:54:00,1,预警,焚烧炉出口氧含量偏高
2025-06-27 19:56:00,1,预警,焚烧炉出口氧含量偏高
2025-06-27 19:58:00,1,预警,焚烧炉出口氧含量偏高
2025-06-27 20:00:00,1,预警,焚烧炉出口氧含量偏高
2025-06-27 20:02:00,1,预警,焚烧炉出口氧含量偏高
2025-06-27 20:04:00,1,预警,焚烧炉出口氧含量偏高
2025-06-27 20:06:00,1,预警,焚烧炉出口氧含量偏高
2025-06-27 20:08:00,1,预警,焚烧炉出口氧含量偏高
2025-06-27 20:10:00,1,预警,焚烧炉出口氧含量偏高
2025-06-27 20:12:00,1,预警,焚烧炉出口氧含量偏高
2025-06-27 20:14:00,1,预警,焚烧炉出口氧含量偏高
2025-06-27 20:16:00,1,预警,焚烧炉出口氧含量偏高
2025-06-27 20:18:00,1,预警,焚烧炉出口氧含量偏高
2025-06-27 20:20:00,1,预警,焚烧炉出口氧含量偏高
2025-06-27 20:22:00,1,预警,焚烧炉出口氧含量偏高
2025-06-27 20:24:00,1,预警,焚烧炉出口氧含量偏高
2025-06-27 20:26:00,1,预警,焚烧炉出口氧含量偏高
2025-06-27 20:28:00,1,预警,焚烧炉出口氧含量偏高
2025-06-27 20:30:00,1,预警,焚烧炉出口氧含量偏高
2025-06-27 20:32:00,1,预警,焚烧炉出口氧含量偏高
2025-06-27 20:34:00,1,预警,焚烧炉出口氧含量偏高
2025-06-27 20:36:00,1,预警,焚烧炉出口氧含量偏高
2025-06-27 20:38:00,1,预警,焚烧炉出口氧含量偏高
2025-06-27 20:40:00,1,预警,焚烧炉出口氧含量偏高
2025-06-27 20:42:00,1,预警,焚烧炉出口氧含量偏高
2025-06-27 20:44:00,1,预警,焚烧炉出口氧含量偏高
2025-06-27 20:46:00,1,预警,焚烧炉出口氧含量偏高
2025-06-27 20:48:00,1,预警,焚烧炉出口氧含量偏高
2025-06-27 20:50:00,1,预警,焚烧炉出口氧含量偏高
2025-06-27 20:52:00,1,预警,焚烧炉出口氧含量偏高
2025-06-27 20:54:00,1,预警,焚烧炉出口氧含量偏高
2025-06-27 20:56:00,1,预警,焚烧炉出口氧含量偏高
2025-06-27 20:58:00,1,预警,焚烧炉出口氧含量偏高
2025-06-27 21:00:00,1,预警,焚烧炉出口氧含量偏高
2025-06-27 21:02:00,1,预警,焚烧炉出口氧含量偏高
2025-06-27 21:04:00,1,预警,焚烧炉出口氧含量偏高
2025-06-27 21:06:00,1,预警,焚烧炉出口氧含量偏高
2025-06-27 21:08:00,1,预警,焚烧炉出口氧含量偏高
2025-06-27 21:10:00,1,预警,焚烧炉出口氧含量偏高
2025-06-27 21:12:00,1,预警,焚烧炉出口氧含量偏高
2025-06-27 21:14:00,1,预警,焚烧炉出口氧含量偏高
2025-06-27 21:16:00,1,预警,焚烧炉出口氧含量偏高
2025-06-27 21:18:00,1,预警,焚烧炉出口氧含量偏高
2025-06-27 21:20:00,1,预警,焚烧炉出口氧含量偏高
2025-06-27 21:22:00,1,预警,焚烧炉出口氧含量偏高
2025-06-27 21:24:00,1,预警,焚烧炉出口氧含量偏高
2025-06-27 21:26:00,1,预警,焚烧炉出口氧含量偏高
2025-06-27 21:28:00,1,预警,焚烧炉出口氧含量偏高
2025-06-27 21:30:00,1,预警,焚烧炉出口氧含量偏高
2025-06-27 21:32:00,1,预警,焚烧炉出口氧含量偏高
2025-06-27 21:34:00,1,预警,焚烧炉出口氧含量偏高
2025-06-27 21:36:00,1,预警,焚烧炉出口氧含量偏高
2025-06-27 21:38:00,1,预警,焚烧炉出口氧含量偏高
2025-06-27 21:40:00,1,预警,焚烧炉出口氧含量偏高
2025-06-27 21:42:00,1,预警,焚烧炉出口氧含量偏高
2025-06-27 21:44:00,1,预警,焚烧炉出口氧含量偏高
2025-06-27 21:46:00,1,预警,焚烧炉出口氧含量偏高
2025-06-27 21:48:00,1,预警,焚烧炉出口氧含量偏高
2025-06-27 21:50:00,1,预警,焚烧炉出口氧含量偏高
2025-06-27 21:52:00,1,预警,焚烧炉出口氧含量偏高
2025-06-27 21:56:00,1,预警,焚烧炉出口氧含量偏高
2025-06-27 22:04:00,1,预警,焚烧炉出口氧含量偏高
2025-06-27 22:06:00,1,预警,焚烧炉出口氧含量偏高
2025-06-27 22:20:00,1,预警,焚烧炉出口氧含量偏高
2025-06-27 22:22:00,1,预警,焚烧炉出口氧含量偏高
2025-06-27 22:24:00,1,预警,焚烧炉出口氧含量偏高
2025-06-27 22:26:00,1,预警,焚烧炉出口氧含量偏高
2025-06-27 22:28:00,1,预警,焚烧炉出口氧含量偏高
2025-06-27 22:40:00,1,预警,焚烧炉出口氧含量偏高
2025-06-27 22:42:00,1,预警,焚烧炉出口氧含量偏高
2025-06-27 22:44:00,1,预警,焚烧炉出口氧含量偏高
2025-06-27 22:46:00,1,预警,焚烧炉出口氧含量偏高
2025-06-27 22:48:00,1,预警,焚烧炉出口氧含量偏高
2025-06-27 22:50:00,1,预警,焚烧炉出口氧含量偏高
2025-06-27 22:52:00,1,预警,焚烧炉出口氧含量偏高
2025-06-27 22:54:00,1,预警,焚烧炉出口氧含量偏高
2025-06-27 22:56:00,1,预警,焚烧炉出口氧含量偏高
2025-06-27 22:58:00,1,预警,焚烧炉出口氧含量偏高
2025-06-27 23:00:00,1,预警,焚烧炉出口氧含量偏高
2025-06-27 23:02:00,1,预警,焚烧炉出口氧含量偏高
2025-06-27 23:04:00,1,预警,焚烧炉出口氧含量偏高
2025-06-27 23:06:00,1,预警,焚烧炉出口氧含量偏高
2025-06-27 23:08:00,1,预警,焚烧炉出口氧含量偏高
2025-06-27 23:10:00,1,预警,焚烧炉出口氧含量偏高
2025-06-27 23:12:00,1,预警,焚烧炉出口氧含量偏高
2025-06-27 23:14:00,1,预警,焚烧炉出口氧含量偏高
2025-06-27 23:24:00,1,预警,焚烧炉出口氧含量偏高
2025-06-27 23:26:00,1,预警,焚烧炉出口氧含量偏高
2025-06-27 23:28:00,1,预警,焚烧炉出口氧含量偏高
2025-06-27 23:30:00,1,预警,焚烧炉出口氧含量偏高
2025-06-27 23:32:00,1,预警,焚烧炉出口氧含量偏高
2025-06-27 23:34:00,1,预警,焚烧炉出口氧含量偏高
2025-06-27 23:36:00,1,预警,焚烧炉出口氧含量偏高
