﻿时间,炉号,预警/报警类型,预警/报警事件
2025-06-28 00:08:00,1,预警,焚烧炉出口氧含量偏高
2025-06-28 00:10:00,1,预警,焚烧炉出口氧含量偏高
2025-06-28 00:12:00,1,预警,焚烧炉出口氧含量偏高
2025-06-28 00:14:00,1,预警,焚烧炉出口氧含量偏高
2025-06-28 00:18:00,1,预警,焚烧炉出口氧含量偏高
2025-06-28 00:20:00,1,预警,焚烧炉出口氧含量偏高
2025-06-28 00:22:00,1,预警,焚烧炉出口氧含量偏高
2025-06-28 00:24:00,1,预警,焚烧炉出口氧含量偏高
2025-06-28 00:26:00,1,预警,焚烧炉出口氧含量偏高
2025-06-28 00:28:00,1,预警,焚烧炉出口氧含量偏高
2025-06-28 00:54:00,1,预警,焚烧炉出口氧含量偏高
2025-06-28 01:24:00,1,预警,焚烧炉出口氧含量偏高
2025-06-28 01:44:00,1,预警,焚烧炉出口氧含量偏高
2025-06-28 01:46:00,1,预警,焚烧炉出口氧含量偏高
2025-06-28 01:48:00,1,预警,焚烧炉出口氧含量偏高
2025-06-28 02:00:00,1,预警,焚烧炉出口氧含量偏高
2025-06-28 02:02:00,1,预警,焚烧炉出口氧含量偏高
2025-06-28 02:04:00,1,预警,焚烧炉出口氧含量偏高
2025-06-28 02:06:00,1,预警,焚烧炉出口氧含量偏高
2025-06-28 02:08:00,1,预警,焚烧炉出口氧含量偏高
2025-06-28 02:16:00,1,预警,焚烧炉出口氧含量偏高
2025-06-28 02:18:00,1,预警,焚烧炉出口氧含量偏高
2025-06-28 02:20:00,1,预警,焚烧炉出口氧含量偏高
2025-06-28 02:22:00,1,预警,焚烧炉出口氧含量偏高
2025-06-28 02:24:00,1,预警,焚烧炉出口氧含量偏高
2025-06-28 02:26:00,1,预警,焚烧炉出口氧含量偏高
2025-06-28 02:28:00,1,预警,焚烧炉出口氧含量偏高
2025-06-28 02:30:00,1,预警,焚烧炉出口氧含量偏高
2025-06-28 02:32:00,1,预警,焚烧炉出口氧含量偏高
2025-06-28 02:34:00,1,预警,焚烧炉出口氧含量偏高
2025-06-28 02:36:00,1,预警,焚烧炉出口氧含量偏高
2025-06-28 02:38:00,1,预警,焚烧炉出口氧含量偏高
2025-06-28 02:40:00,1,预警,焚烧炉出口氧含量偏高
2025-06-28 02:42:00,1,预警,焚烧炉出口氧含量偏高
2025-06-28 02:48:00,1,预警,焚烧炉出口氧含量偏高
2025-06-28 02:50:00,1,预警,焚烧炉出口氧含量偏高
2025-06-28 02:52:00,1,预警,焚烧炉出口氧含量偏高
2025-06-28 02:54:00,1,预警,焚烧炉出口氧含量偏高
2025-06-28 02:56:00,1,预警,焚烧炉出口氧含量偏高
2025-06-28 02:58:00,1,预警,焚烧炉出口氧含量偏高
2025-06-28 03:20:00,1,预警,焚烧炉出口氧含量偏高
2025-06-28 03:22:00,1,预警,焚烧炉出口氧含量偏高
2025-06-28 03:24:00,1,预警,焚烧炉出口氧含量偏高
2025-06-28 03:28:00,1,预警,焚烧炉出口氧含量偏高
2025-06-28 03:32:00,1,预警,焚烧炉出口氧含量偏高
2025-06-28 03:34:00,1,预警,焚烧炉出口氧含量偏高
2025-06-28 03:36:00,1,预警,焚烧炉出口氧含量偏高
2025-06-28 03:38:00,1,预警,焚烧炉出口氧含量偏高
2025-06-28 03:40:00,1,预警,焚烧炉出口氧含量偏高
2025-06-28 03:42:00,1,预警,焚烧炉出口氧含量偏高
2025-06-28 03:56:00,1,预警,焚烧炉出口氧含量偏高
2025-06-28 03:58:00,1,预警,焚烧炉出口氧含量偏高
2025-06-28 04:00:00,1,预警,焚烧炉出口氧含量偏高
2025-06-28 04:02:00,1,预警,焚烧炉出口氧含量偏高
2025-06-28 04:04:00,1,预警,焚烧炉出口氧含量偏高
2025-06-28 04:06:00,1,预警,焚烧炉出口氧含量偏高
2025-06-28 04:08:00,1,预警,焚烧炉出口氧含量偏高
2025-06-28 04:10:00,1,预警,焚烧炉出口氧含量偏高
2025-06-28 04:18:00,1,预警,焚烧炉出口氧含量偏高
2025-06-28 04:20:00,1,预警,焚烧炉出口氧含量偏高
2025-06-28 04:22:00,1,预警,焚烧炉出口氧含量偏高
2025-06-28 04:24:00,1,预警,焚烧炉出口氧含量偏高
2025-06-28 04:26:00,1,预警,焚烧炉出口氧含量偏高
2025-06-28 04:28:00,1,预警,焚烧炉出口氧含量偏高
2025-06-28 04:30:00,1,预警,焚烧炉出口氧含量偏高
2025-06-28 04:32:00,1,预警,焚烧炉出口氧含量偏高
2025-06-28 04:34:00,1,预警,焚烧炉出口氧含量偏高
2025-06-28 04:36:00,1,预警,焚烧炉出口氧含量偏高
2025-06-28 04:38:00,1,预警,焚烧炉出口氧含量偏高
2025-06-28 04:40:00,1,预警,焚烧炉出口氧含量偏高
2025-06-28 04:56:00,1,预警,焚烧炉出口氧含量偏高
2025-06-28 05:12:00,1,预警,焚烧炉出口氧含量偏高
2025-06-28 05:14:00,1,预警,焚烧炉出口氧含量偏高
2025-06-28 05:18:00,1,预警,焚烧炉出口氧含量偏高
2025-06-28 05:20:00,1,预警,焚烧炉出口氧含量偏高
2025-06-28 05:22:00,1,预警,焚烧炉出口氧含量偏高
2025-06-28 05:24:00,1,预警,焚烧炉出口氧含量偏高
2025-06-28 05:28:00,1,预警,焚烧炉出口氧含量偏高
2025-06-28 05:30:00,1,预警,焚烧炉出口氧含量偏高
2025-06-28 05:32:00,1,预警,焚烧炉出口氧含量偏高
2025-06-28 05:34:00,1,预警,焚烧炉出口氧含量偏高
2025-06-28 05:36:00,1,预警,焚烧炉出口氧含量偏高
2025-06-28 05:38:00,1,预警,焚烧炉出口氧含量偏高
2025-06-28 05:40:00,1,预警,焚烧炉出口氧含量偏高
2025-06-28 05:42:00,1,预警,焚烧炉出口氧含量偏高
2025-06-28 05:44:00,1,预警,焚烧炉出口氧含量偏高
2025-06-28 05:46:00,1,预警,焚烧炉出口氧含量偏高
2025-06-28 05:48:00,1,预警,焚烧炉出口氧含量偏高
2025-06-28 05:50:00,1,预警,焚烧炉出口氧含量偏高
2025-06-28 05:52:00,1,预警,焚烧炉出口氧含量偏高
2025-06-28 05:56:00,1,预警,焚烧炉出口氧含量偏高
2025-06-28 06:02:00,1,预警,焚烧炉出口氧含量偏高
2025-06-28 06:24:00,1,预警,焚烧炉出口氧含量偏高
2025-06-28 06:26:00,1,预警,焚烧炉出口氧含量偏高
2025-06-28 06:46:00,1,预警,焚烧炉出口氧含量偏高
2025-06-28 06:56:00,1,预警,焚烧炉出口氧含量偏高
2025-06-28 07:00:00,1,预警,焚烧炉出口氧含量偏高
2025-06-28 07:02:00,1,预警,焚烧炉出口氧含量偏高
2025-06-28 07:04:00,1,预警,焚烧炉出口氧含量偏高
2025-06-28 07:06:00,1,预警,焚烧炉出口氧含量偏高
2025-06-28 07:08:00,1,预警,焚烧炉出口氧含量偏高
2025-06-28 07:10:00,1,预警,焚烧炉出口氧含量偏高
2025-06-28 07:12:00,1,预警,焚烧炉出口氧含量偏高
2025-06-28 07:14:00,1,预警,焚烧炉出口氧含量偏高
2025-06-28 07:16:00,1,预警,焚烧炉出口氧含量偏高
2025-06-28 07:22:00,1,预警,焚烧炉出口氧含量偏高
2025-06-28 07:24:00,1,预警,焚烧炉出口氧含量偏高
2025-06-28 07:26:00,1,预警,焚烧炉出口氧含量偏高
2025-06-28 07:28:00,1,预警,焚烧炉出口氧含量偏高
2025-06-28 07:30:00,1,预警,焚烧炉出口氧含量偏高
2025-06-28 07:32:00,1,预警,焚烧炉出口氧含量偏高
2025-06-28 07:34:00,1,预警,焚烧炉出口氧含量偏高
2025-06-28 07:36:00,1,预警,焚烧炉出口氧含量偏高
2025-06-28 07:38:00,1,预警,焚烧炉出口氧含量偏高
2025-06-28 07:40:00,1,预警,焚烧炉出口氧含量偏高
2025-06-28 07:42:00,1,预警,焚烧炉出口氧含量偏高
2025-06-28 07:44:00,1,预警,焚烧炉出口氧含量偏高
2025-06-28 07:46:00,1,预警,焚烧炉出口氧含量偏高
2025-06-28 07:48:00,1,预警,焚烧炉出口氧含量偏高
2025-06-28 07:50:00,1,预警,焚烧炉出口氧含量偏高
2025-06-28 07:52:00,1,预警,焚烧炉出口氧含量偏高
2025-06-28 07:54:00,1,预警,焚烧炉出口氧含量偏高
2025-06-28 07:56:00,1,预警,焚烧炉出口氧含量偏高
2025-06-28 07:58:00,1,预警,焚烧炉出口氧含量偏高
2025-06-28 08:00:00,1,预警,焚烧炉出口氧含量偏高
2025-06-28 08:02:00,1,预警,焚烧炉出口氧含量偏高
2025-06-28 08:04:00,1,预警,焚烧炉出口氧含量偏高
2025-06-28 08:06:00,1,预警,焚烧炉出口氧含量偏高
2025-06-28 08:08:00,1,预警,焚烧炉出口氧含量偏高
2025-06-28 08:10:00,1,预警,焚烧炉出口氧含量偏高
2025-06-28 08:16:00,1,预警,焚烧炉出口氧含量偏高
2025-06-28 08:18:00,1,预警,焚烧炉出口氧含量偏高
2025-06-28 08:20:00,1,预警,焚烧炉出口氧含量偏高
2025-06-28 08:22:00,1,预警,焚烧炉出口氧含量偏高
2025-06-28 08:24:00,1,预警,焚烧炉出口氧含量偏高
2025-06-28 08:26:00,1,预警,焚烧炉出口氧含量偏高
2025-06-28 08:28:00,1,预警,焚烧炉出口氧含量偏高
2025-06-28 08:30:00,1,预警,焚烧炉出口氧含量偏高
2025-06-28 08:32:00,1,预警,焚烧炉出口氧含量偏高
2025-06-28 08:34:00,1,预警,焚烧炉出口氧含量偏高
2025-06-28 08:36:00,1,预警,焚烧炉出口氧含量偏高
2025-06-28 08:38:00,1,预警,焚烧炉出口氧含量偏高
2025-06-28 08:40:00,1,预警,焚烧炉出口氧含量偏高
2025-06-28 08:42:00,1,预警,焚烧炉出口氧含量偏高
2025-06-28 08:44:00,1,预警,焚烧炉出口氧含量偏高
2025-06-28 08:46:00,1,预警,焚烧炉出口氧含量偏高
2025-06-28 08:48:00,1,预警,焚烧炉出口氧含量偏高
2025-06-28 08:50:00,1,预警,焚烧炉出口氧含量偏高
2025-06-28 08:52:00,1,预警,焚烧炉出口氧含量偏高
2025-06-28 08:54:00,1,预警,焚烧炉出口氧含量偏高
2025-06-28 08:56:00,1,预警,焚烧炉出口氧含量偏高
2025-06-28 08:58:00,1,预警,焚烧炉出口氧含量偏高
2025-06-28 09:00:00,1,预警,焚烧炉出口氧含量偏高
2025-06-28 09:02:00,1,预警,焚烧炉出口氧含量偏高
2025-06-28 09:04:00,1,预警,焚烧炉出口氧含量偏高
2025-06-28 09:06:00,1,预警,焚烧炉出口氧含量偏高
2025-06-28 09:08:00,1,预警,焚烧炉出口氧含量偏高
2025-06-28 09:10:00,1,预警,焚烧炉出口氧含量偏高
2025-06-28 09:12:00,1,预警,焚烧炉出口氧含量偏高
2025-06-28 09:14:00,1,预警,焚烧炉出口氧含量偏高
2025-06-28 09:16:00,1,预警,焚烧炉出口氧含量偏高
2025-06-28 09:18:00,1,预警,焚烧炉出口氧含量偏高
2025-06-28 09:20:00,1,预警,焚烧炉出口氧含量偏高
2025-06-28 09:22:00,1,预警,焚烧炉出口氧含量偏高
2025-06-28 09:24:00,1,预警,焚烧炉出口氧含量偏高
2025-06-28 09:26:00,1,预警,焚烧炉出口氧含量偏高
2025-06-28 09:28:00,1,预警,焚烧炉出口氧含量偏高
2025-06-28 09:30:00,1,预警,焚烧炉出口氧含量偏高
2025-06-28 09:32:00,1,预警,焚烧炉出口氧含量偏高
2025-06-28 09:34:00,1,预警,焚烧炉出口氧含量偏高
2025-06-28 09:36:00,1,预警,焚烧炉出口氧含量偏高
2025-06-28 09:38:00,1,预警,焚烧炉出口氧含量偏高
2025-06-28 09:40:00,1,预警,焚烧炉出口氧含量偏高
2025-06-28 09:42:00,1,预警,焚烧炉出口氧含量偏高
2025-06-28 09:44:00,1,预警,焚烧炉出口氧含量偏高
2025-06-28 09:46:00,1,预警,焚烧炉出口氧含量偏高
2025-06-28 09:48:00,1,预警,焚烧炉出口氧含量偏高
2025-06-28 09:50:00,1,预警,焚烧炉出口氧含量偏高
2025-06-28 09:56:00,1,预警,焚烧炉出口氧含量偏高
2025-06-28 09:58:00,1,预警,焚烧炉出口氧含量偏高
2025-06-28 10:00:00,1,预警,焚烧炉出口氧含量偏高
2025-06-28 10:02:00,1,预警,焚烧炉出口氧含量偏高
2025-06-28 10:04:00,1,预警,焚烧炉出口氧含量偏高
2025-06-28 10:06:00,1,预警,焚烧炉出口氧含量偏高
2025-06-28 10:08:00,1,预警,焚烧炉出口氧含量偏高
2025-06-28 10:10:00,1,预警,焚烧炉出口氧含量偏高
2025-06-28 10:12:00,1,预警,焚烧炉出口氧含量偏高
2025-06-28 10:14:00,1,预警,焚烧炉出口氧含量偏高
2025-06-28 10:16:00,1,预警,焚烧炉出口氧含量偏高
2025-06-28 10:18:00,1,预警,焚烧炉出口氧含量偏高
2025-06-28 10:20:00,1,预警,焚烧炉出口氧含量偏高
2025-06-28 10:22:00,1,预警,焚烧炉出口氧含量偏高
2025-06-28 10:24:00,1,预警,焚烧炉出口氧含量偏高
2025-06-28 10:26:00,1,预警,焚烧炉出口氧含量偏高
2025-06-28 10:28:00,1,预警,焚烧炉出口氧含量偏高
2025-06-28 10:30:00,1,预警,焚烧炉出口氧含量偏高
2025-06-28 10:32:00,1,预警,焚烧炉出口氧含量偏高
2025-06-28 10:34:00,1,预警,焚烧炉出口氧含量偏高
2025-06-28 10:36:00,1,预警,焚烧炉出口氧含量偏高
2025-06-28 10:38:00,1,预警,焚烧炉出口氧含量偏高
2025-06-28 10:40:00,1,预警,焚烧炉出口氧含量偏高
2025-06-28 10:42:00,1,预警,焚烧炉出口氧含量偏高
2025-06-28 10:44:00,1,预警,焚烧炉出口氧含量偏高
2025-06-28 10:46:00,1,预警,焚烧炉出口氧含量偏高
2025-06-28 10:48:00,1,预警,焚烧炉出口氧含量偏高
2025-06-28 10:50:00,1,预警,焚烧炉出口氧含量偏高
2025-06-28 10:52:00,1,预警,焚烧炉出口氧含量偏高
2025-06-28 10:54:00,1,预警,焚烧炉出口氧含量偏高
2025-06-28 10:56:00,1,预警,焚烧炉出口氧含量偏高
2025-06-28 10:58:00,1,预警,焚烧炉出口氧含量偏高
2025-06-28 11:00:00,1,预警,焚烧炉出口氧含量偏高
2025-06-28 11:02:00,1,预警,焚烧炉出口氧含量偏高
2025-06-28 11:04:00,1,预警,焚烧炉出口氧含量偏高
2025-06-28 11:06:00,1,预警,焚烧炉出口氧含量偏高
2025-06-28 11:08:00,1,预警,焚烧炉出口氧含量偏高
2025-06-28 11:10:00,1,预警,焚烧炉出口氧含量偏高
2025-06-28 11:12:00,1,预警,焚烧炉出口氧含量偏高
2025-06-28 11:14:00,1,预警,焚烧炉出口氧含量偏高
2025-06-28 11:16:00,1,预警,焚烧炉出口氧含量偏高
2025-06-28 11:18:00,1,预警,焚烧炉出口氧含量偏高
2025-06-28 11:20:00,1,预警,焚烧炉出口氧含量偏高
2025-06-28 11:22:00,1,预警,焚烧炉出口氧含量偏高
2025-06-28 11:24:00,1,预警,焚烧炉出口氧含量偏高
2025-06-28 11:26:00,1,预警,焚烧炉出口氧含量偏高
2025-06-28 11:28:00,1,预警,焚烧炉出口氧含量偏高
2025-06-28 11:30:00,1,预警,焚烧炉出口氧含量偏高
2025-06-28 11:32:00,1,预警,焚烧炉出口氧含量偏高
2025-06-28 11:34:00,1,预警,焚烧炉出口氧含量偏高
2025-06-28 11:36:00,1,预警,焚烧炉出口氧含量偏高
2025-06-28 11:38:00,1,预警,焚烧炉出口氧含量偏高
2025-06-28 11:40:00,1,预警,焚烧炉出口氧含量偏高
2025-06-28 11:42:00,1,预警,焚烧炉出口氧含量偏高
2025-06-28 11:44:00,1,预警,焚烧炉出口氧含量偏高
2025-06-28 11:46:00,1,预警,焚烧炉出口氧含量偏高
2025-06-28 11:48:00,1,预警,焚烧炉出口氧含量偏高
2025-06-28 11:50:00,1,预警,焚烧炉出口氧含量偏高
2025-06-28 11:52:00,1,预警,焚烧炉出口氧含量偏高
2025-06-28 11:54:00,1,预警,焚烧炉出口氧含量偏高
2025-06-28 11:56:00,1,预警,焚烧炉出口氧含量偏高
2025-06-28 11:58:00,1,预警,焚烧炉出口氧含量偏高
2025-06-28 12:00:00,1,预警,焚烧炉出口氧含量偏高
2025-06-28 12:02:00,1,预警,焚烧炉出口氧含量偏高
2025-06-28 12:04:00,1,预警,焚烧炉出口氧含量偏高
2025-06-28 12:06:00,1,预警,焚烧炉出口氧含量偏高
2025-06-28 12:08:00,1,预警,焚烧炉出口氧含量偏高
2025-06-28 12:10:00,1,预警,焚烧炉出口氧含量偏高
2025-06-28 12:12:00,1,预警,焚烧炉出口氧含量偏高
2025-06-28 12:14:00,1,预警,焚烧炉出口氧含量偏高
2025-06-28 12:16:00,1,预警,焚烧炉出口氧含量偏高
2025-06-28 12:18:00,1,预警,焚烧炉出口氧含量偏高
2025-06-28 12:20:00,1,预警,焚烧炉出口氧含量偏高
2025-06-28 12:22:00,1,预警,焚烧炉出口氧含量偏高
2025-06-28 12:24:00,1,预警,焚烧炉出口氧含量偏高
2025-06-28 12:26:00,1,预警,焚烧炉出口氧含量偏高
2025-06-28 12:28:00,1,预警,焚烧炉出口氧含量偏高
2025-06-28 12:30:00,1,预警,焚烧炉出口氧含量偏高
2025-06-28 12:38:00,1,预警,焚烧炉出口氧含量偏高
2025-06-28 12:40:00,1,预警,焚烧炉出口氧含量偏高
2025-06-28 12:42:00,1,预警,焚烧炉出口氧含量偏高
2025-06-28 12:44:00,1,预警,焚烧炉出口氧含量偏高
2025-06-28 12:46:00,1,预警,焚烧炉出口氧含量偏高
2025-06-28 12:50:00,1,预警,焚烧炉出口氧含量偏高
2025-06-28 13:02:00,1,预警,焚烧炉出口氧含量偏高
2025-06-28 13:18:00,1,预警,焚烧炉出口氧含量偏高
2025-06-28 13:20:00,1,预警,焚烧炉出口氧含量偏高
2025-06-28 13:22:00,1,预警,焚烧炉出口氧含量偏高
2025-06-28 13:26:00,1,预警,焚烧炉出口氧含量偏高
2025-06-28 13:28:00,1,预警,焚烧炉出口氧含量偏高
2025-06-28 13:30:00,1,预警,焚烧炉出口氧含量偏高
2025-06-28 13:32:00,1,预警,焚烧炉出口氧含量偏高
2025-06-28 13:38:00,1,预警,焚烧炉出口氧含量偏高
2025-06-28 13:40:00,1,预警,焚烧炉出口氧含量偏高
2025-06-28 13:44:00,1,预警,焚烧炉出口氧含量偏高
2025-06-28 13:46:00,1,预警,焚烧炉出口氧含量偏高
2025-06-28 13:48:00,1,预警,焚烧炉出口氧含量偏高
2025-06-28 13:50:00,1,预警,焚烧炉出口氧含量偏高
2025-06-28 13:52:00,1,预警,焚烧炉出口氧含量偏高
2025-06-28 13:54:00,1,预警,焚烧炉出口氧含量偏高
2025-06-28 13:56:00,1,预警,焚烧炉出口氧含量偏高
2025-06-28 13:58:00,1,预警,焚烧炉出口氧含量偏高
2025-06-28 14:00:00,1,预警,焚烧炉出口氧含量偏高
2025-06-28 14:02:00,1,预警,焚烧炉出口氧含量偏高
2025-06-28 14:16:00,1,预警,焚烧炉出口氧含量偏高
2025-06-28 14:48:00,1,预警,焚烧炉出口氧含量偏高
2025-06-28 14:50:00,1,预警,焚烧炉出口氧含量偏高
2025-06-28 14:52:00,1,预警,焚烧炉出口氧含量偏高
2025-06-28 14:54:00,1,预警,焚烧炉出口氧含量偏高
2025-06-28 14:56:00,1,预警,焚烧炉出口氧含量偏高
2025-06-28 14:58:00,1,预警,焚烧炉出口氧含量偏高
2025-06-28 15:00:00,1,预警,焚烧炉出口氧含量偏高
2025-06-28 15:02:00,1,预警,焚烧炉出口氧含量偏高
2025-06-28 15:04:00,1,预警,焚烧炉出口氧含量偏高
2025-06-28 15:06:00,1,预警,焚烧炉出口氧含量偏高
2025-06-28 15:08:00,1,预警,焚烧炉出口氧含量偏高
2025-06-28 15:10:00,1,预警,焚烧炉出口氧含量偏高
2025-06-28 15:12:00,1,预警,焚烧炉出口氧含量偏高
2025-06-28 15:14:00,1,预警,焚烧炉出口氧含量偏高
2025-06-28 15:16:00,1,预警,焚烧炉出口氧含量偏高
2025-06-28 15:18:00,1,预警,焚烧炉出口氧含量偏高
2025-06-28 15:20:00,1,预警,焚烧炉出口氧含量偏高
2025-06-28 15:22:00,1,预警,焚烧炉出口氧含量偏高
2025-06-28 15:24:00,1,预警,焚烧炉出口氧含量偏高
2025-06-28 15:26:00,1,预警,焚烧炉出口氧含量偏高
2025-06-28 15:28:00,1,预警,焚烧炉出口氧含量偏高
2025-06-28 15:30:00,1,预警,焚烧炉出口氧含量偏高
2025-06-28 15:32:00,1,预警,焚烧炉出口氧含量偏高
2025-06-28 15:34:00,1,预警,焚烧炉出口氧含量偏高
2025-06-28 15:36:00,1,预警,焚烧炉出口氧含量偏高
2025-06-28 15:42:00,1,预警,焚烧炉出口氧含量偏高
2025-06-28 15:44:00,1,预警,焚烧炉出口氧含量偏高
2025-06-28 15:52:00,1,预警,焚烧炉出口氧含量偏高
2025-06-28 15:54:00,1,预警,焚烧炉出口氧含量偏高
2025-06-28 15:56:00,1,预警,焚烧炉出口氧含量偏高
2025-06-28 15:58:00,1,预警,焚烧炉出口氧含量偏高
2025-06-28 16:00:00,1,预警,焚烧炉出口氧含量偏高
2025-06-28 16:08:00,1,预警,焚烧炉出口氧含量偏高
2025-06-28 16:10:00,1,预警,焚烧炉出口氧含量偏高
2025-06-28 16:12:00,1,预警,焚烧炉出口氧含量偏高
2025-06-28 16:14:00,1,预警,焚烧炉出口氧含量偏高
2025-06-28 16:16:00,1,预警,焚烧炉出口氧含量偏高
2025-06-28 16:18:00,1,预警,焚烧炉出口氧含量偏高
2025-06-28 18:16:00,1,预警,焚烧炉出口氧含量偏高
2025-06-28 18:18:00,1,预警,焚烧炉出口氧含量偏高
2025-06-28 18:20:00,1,预警,焚烧炉出口氧含量偏高
2025-06-28 18:22:00,1,预警,焚烧炉出口氧含量偏高
2025-06-28 18:24:00,1,预警,焚烧炉出口氧含量偏高
2025-06-28 18:26:00,1,预警,焚烧炉出口氧含量偏高
2025-06-28 18:28:00,1,预警,焚烧炉出口氧含量偏高
2025-06-28 18:30:00,1,预警,焚烧炉出口氧含量偏高
2025-06-28 18:32:00,1,预警,焚烧炉出口氧含量偏高
2025-06-28 18:34:00,1,预警,焚烧炉出口氧含量偏高
2025-06-28 18:36:00,1,预警,焚烧炉出口氧含量偏高
2025-06-28 18:40:00,1,预警,焚烧炉出口氧含量偏高
2025-06-28 18:42:00,1,预警,焚烧炉出口氧含量偏高
2025-06-28 18:44:00,1,预警,焚烧炉出口氧含量偏高
2025-06-28 18:46:00,1,预警,焚烧炉出口氧含量偏高
2025-06-28 18:48:00,1,预警,焚烧炉出口氧含量偏高
2025-06-28 18:50:00,1,预警,焚烧炉出口氧含量偏高
2025-06-28 18:52:00,1,预警,焚烧炉出口氧含量偏高
2025-06-28 18:54:00,1,预警,焚烧炉出口氧含量偏高
2025-06-28 18:56:00,1,预警,焚烧炉出口氧含量偏高
2025-06-28 18:58:00,1,预警,焚烧炉出口氧含量偏高
2025-06-28 19:00:00,1,预警,焚烧炉出口氧含量偏高
2025-06-28 19:02:00,1,预警,焚烧炉出口氧含量偏高
2025-06-28 19:04:00,1,预警,焚烧炉出口氧含量偏高
2025-06-28 19:06:00,1,预警,焚烧炉出口氧含量偏高
2025-06-28 19:08:00,1,预警,焚烧炉出口氧含量偏高
2025-06-28 19:10:00,1,预警,焚烧炉出口氧含量偏高
2025-06-28 19:12:00,1,预警,焚烧炉出口氧含量偏高
2025-06-28 19:14:00,1,预警,焚烧炉出口氧含量偏高
2025-06-28 19:16:00,1,预警,焚烧炉出口氧含量偏高
2025-06-28 19:18:00,1,预警,焚烧炉出口氧含量偏高
2025-06-28 19:20:00,1,预警,焚烧炉出口氧含量偏高
2025-06-28 19:44:00,1,预警,焚烧炉出口氧含量偏高
2025-06-28 19:54:00,1,预警,焚烧炉出口氧含量偏高
2025-06-28 20:02:00,1,预警,焚烧炉出口氧含量偏高
2025-06-28 20:04:00,1,预警,焚烧炉出口氧含量偏高
2025-06-28 20:06:00,1,预警,焚烧炉出口氧含量偏高
2025-06-28 20:08:00,1,预警,焚烧炉出口氧含量偏高
2025-06-28 20:10:00,1,预警,焚烧炉出口氧含量偏高
2025-06-28 20:12:00,1,预警,焚烧炉出口氧含量偏高
2025-06-28 20:14:00,1,预警,焚烧炉出口氧含量偏高
2025-06-28 20:16:00,1,预警,焚烧炉出口氧含量偏高
2025-06-28 20:18:00,1,预警,焚烧炉出口氧含量偏高
2025-06-28 20:20:00,1,预警,焚烧炉出口氧含量偏高
2025-06-28 20:22:00,1,预警,焚烧炉出口氧含量偏高
2025-06-28 20:28:00,1,预警,焚烧炉出口氧含量偏高
2025-06-28 20:30:00,1,预警,焚烧炉出口氧含量偏高
2025-06-28 20:32:00,1,预警,焚烧炉出口氧含量偏高
2025-06-28 20:34:00,1,预警,焚烧炉出口氧含量偏高
2025-06-28 20:36:00,1,预警,焚烧炉出口氧含量偏高
2025-06-28 20:38:00,1,预警,焚烧炉出口氧含量偏高
2025-06-28 20:40:00,1,预警,焚烧炉出口氧含量偏高
2025-06-28 20:42:00,1,预警,焚烧炉出口氧含量偏高
2025-06-28 20:44:00,1,预警,焚烧炉出口氧含量偏高
2025-06-28 20:46:00,1,预警,焚烧炉出口氧含量偏高
2025-06-28 20:48:00,1,预警,焚烧炉出口氧含量偏高
2025-06-28 20:50:00,1,预警,焚烧炉出口氧含量偏高
2025-06-28 20:52:00,1,预警,焚烧炉出口氧含量偏高
2025-06-28 20:54:00,1,预警,焚烧炉出口氧含量偏高
2025-06-28 20:56:00,1,预警,焚烧炉出口氧含量偏高
2025-06-28 20:58:00,1,预警,焚烧炉出口氧含量偏高
2025-06-28 21:00:00,1,预警,焚烧炉出口氧含量偏高
2025-06-28 21:02:00,1,预警,焚烧炉出口氧含量偏高
2025-06-28 21:04:00,1,预警,焚烧炉出口氧含量偏高
2025-06-28 21:06:00,1,预警,焚烧炉出口氧含量偏高
2025-06-28 21:08:00,1,预警,焚烧炉出口氧含量偏高
2025-06-28 21:10:00,1,预警,焚烧炉出口氧含量偏高
2025-06-28 21:12:00,1,预警,焚烧炉出口氧含量偏高
2025-06-28 21:14:00,1,预警,焚烧炉出口氧含量偏高
2025-06-28 21:16:00,1,预警,焚烧炉出口氧含量偏高
2025-06-28 21:18:00,1,预警,焚烧炉出口氧含量偏高
2025-06-28 21:20:00,1,预警,焚烧炉出口氧含量偏高
2025-06-28 21:22:00,1,预警,焚烧炉出口氧含量偏高
2025-06-28 21:24:01,1,预警,焚烧炉出口氧含量偏高
2025-06-28 21:26:00,1,预警,焚烧炉出口氧含量偏高
2025-06-28 21:28:00,1,预警,焚烧炉出口氧含量偏高
2025-06-28 21:30:00,1,预警,焚烧炉出口氧含量偏高
2025-06-28 21:32:00,1,预警,焚烧炉出口氧含量偏高
2025-06-28 21:34:00,1,预警,焚烧炉出口氧含量偏高
2025-06-28 21:36:00,1,预警,焚烧炉出口氧含量偏高
2025-06-28 21:38:00,1,预警,焚烧炉出口氧含量偏高
2025-06-28 21:40:00,1,预警,焚烧炉出口氧含量偏高
2025-06-28 21:42:00,1,预警,焚烧炉出口氧含量偏高
2025-06-28 21:44:00,1,预警,焚烧炉出口氧含量偏高
2025-06-28 21:46:00,1,预警,焚烧炉出口氧含量偏高
2025-06-28 21:48:00,1,预警,焚烧炉出口氧含量偏高
2025-06-28 21:50:00,1,预警,焚烧炉出口氧含量偏高
2025-06-28 21:52:00,1,预警,焚烧炉出口氧含量偏高
2025-06-28 21:54:00,1,预警,焚烧炉出口氧含量偏高
2025-06-28 21:56:00,1,预警,焚烧炉出口氧含量偏高
2025-06-28 21:58:00,1,预警,焚烧炉出口氧含量偏高
2025-06-28 22:00:00,1,预警,焚烧炉出口氧含量偏高
2025-06-28 22:02:00,1,预警,焚烧炉出口氧含量偏高
2025-06-28 22:04:00,1,预警,焚烧炉出口氧含量偏高
2025-06-28 22:06:00,1,预警,焚烧炉出口氧含量偏高
2025-06-28 22:08:00,1,预警,焚烧炉出口氧含量偏高
2025-06-28 22:10:00,1,预警,焚烧炉出口氧含量偏高
2025-06-28 22:12:00,1,预警,焚烧炉出口氧含量偏高
2025-06-28 22:14:00,1,预警,焚烧炉出口氧含量偏高
2025-06-28 22:16:00,1,预警,焚烧炉出口氧含量偏高
2025-06-28 22:18:00,1,预警,焚烧炉出口氧含量偏高
2025-06-28 22:20:00,1,预警,焚烧炉出口氧含量偏高
2025-06-28 22:22:00,1,预警,焚烧炉出口氧含量偏高
2025-06-28 22:24:00,1,预警,焚烧炉出口氧含量偏高
2025-06-28 22:26:00,1,预警,焚烧炉出口氧含量偏高
2025-06-28 22:28:00,1,预警,焚烧炉出口氧含量偏高
2025-06-28 22:30:00,1,预警,焚烧炉出口氧含量偏高
2025-06-28 22:32:00,1,预警,焚烧炉出口氧含量偏高
2025-06-28 22:34:00,1,预警,焚烧炉出口氧含量偏高
2025-06-28 22:36:00,1,预警,焚烧炉出口氧含量偏高
2025-06-28 22:38:00,1,预警,焚烧炉出口氧含量偏高
2025-06-28 22:40:00,1,预警,焚烧炉出口氧含量偏高
2025-06-28 22:42:00,1,预警,焚烧炉出口氧含量偏高
2025-06-28 22:44:00,1,预警,焚烧炉出口氧含量偏高
2025-06-28 22:46:00,1,预警,焚烧炉出口氧含量偏高
2025-06-28 22:48:00,1,预警,焚烧炉出口氧含量偏高
2025-06-28 22:50:00,1,预警,焚烧炉出口氧含量偏高
2025-06-28 22:52:00,1,预警,焚烧炉出口氧含量偏高
2025-06-28 22:58:00,1,预警,焚烧炉出口氧含量偏高
2025-06-28 23:00:00,1,预警,焚烧炉出口氧含量偏高
2025-06-28 23:02:00,1,预警,焚烧炉出口氧含量偏高
2025-06-28 23:04:00,1,预警,焚烧炉出口氧含量偏高
2025-06-28 23:06:00,1,预警,焚烧炉出口氧含量偏高
2025-06-28 23:08:00,1,预警,焚烧炉出口氧含量偏高
2025-06-28 23:10:00,1,预警,焚烧炉出口氧含量偏高
2025-06-28 23:12:00,1,预警,焚烧炉出口氧含量偏高
2025-06-28 23:14:00,1,预警,焚烧炉出口氧含量偏高
2025-06-28 23:18:00,1,预警,焚烧炉出口氧含量偏高
2025-06-28 23:20:00,1,预警,焚烧炉出口氧含量偏高
2025-06-28 23:26:00,1,预警,焚烧炉出口氧含量偏高
2025-06-28 23:28:00,1,预警,焚烧炉出口氧含量偏高
2025-06-28 23:32:00,1,预警,焚烧炉出口氧含量偏高
2025-06-28 23:34:00,1,预警,焚烧炉出口氧含量偏高
2025-06-28 23:38:00,1,预警,焚烧炉出口氧含量偏高
2025-06-28 23:40:00,1,预警,焚烧炉出口氧含量偏高
2025-06-28 23:42:00,1,预警,焚烧炉出口氧含量偏高
2025-06-28 23:52:00,1,预警,焚烧炉出口氧含量偏高
2025-06-28 23:54:00,1,预警,焚烧炉出口氧含量偏高
2025-06-28 23:56:00,1,预警,焚烧炉出口氧含量偏高
2025-06-28 23:58:00,1,预警,焚烧炉出口氧含量偏高
