﻿时间,炉号,预警/报警类型,预警/报警事件
2025-06-29 00:00:00,1,预警,焚烧炉出口氧含量偏高
2025-06-29 00:02:00,1,预警,焚烧炉出口氧含量偏高
2025-06-29 00:06:00,1,预警,焚烧炉出口氧含量偏高
2025-06-29 00:08:00,1,预警,焚烧炉出口氧含量偏高
2025-06-29 00:10:00,1,预警,焚烧炉出口氧含量偏高
2025-06-29 00:12:00,1,预警,焚烧炉出口氧含量偏高
2025-06-29 00:14:00,1,预警,焚烧炉出口氧含量偏高
2025-06-29 00:16:00,1,预警,焚烧炉出口氧含量偏高
2025-06-29 00:18:00,1,预警,焚烧炉出口氧含量偏高
2025-06-29 00:20:00,1,预警,焚烧炉出口氧含量偏高
2025-06-29 00:22:00,1,预警,焚烧炉出口氧含量偏高
2025-06-29 00:24:00,1,预警,焚烧炉出口氧含量偏高
2025-06-29 00:26:00,1,预警,焚烧炉出口氧含量偏高
2025-06-29 00:28:00,1,预警,焚烧炉出口氧含量偏高
2025-06-29 00:30:00,1,预警,焚烧炉出口氧含量偏高
2025-06-29 00:32:00,1,预警,焚烧炉出口氧含量偏高
2025-06-29 00:34:00,1,预警,焚烧炉出口氧含量偏高
2025-06-29 00:36:00,1,预警,焚烧炉出口氧含量偏高
2025-06-29 00:38:00,1,预警,焚烧炉出口氧含量偏高
2025-06-29 00:40:00,1,预警,焚烧炉出口氧含量偏高
2025-06-29 00:42:00,1,预警,焚烧炉出口氧含量偏高
2025-06-29 00:44:00,1,预警,焚烧炉出口氧含量偏高
2025-06-29 00:46:00,1,预警,焚烧炉出口氧含量偏高
2025-06-29 00:48:00,1,预警,焚烧炉出口氧含量偏高
2025-06-29 00:50:00,1,预警,焚烧炉出口氧含量偏高
2025-06-29 00:52:00,1,预警,焚烧炉出口氧含量偏高
2025-06-29 00:54:00,1,预警,焚烧炉出口氧含量偏高
2025-06-29 00:56:00,1,预警,焚烧炉出口氧含量偏高
2025-06-29 00:58:00,1,预警,焚烧炉出口氧含量偏高
2025-06-29 01:00:00,1,预警,焚烧炉出口氧含量偏高
2025-06-29 01:02:00,1,预警,焚烧炉出口氧含量偏高
2025-06-29 01:04:00,1,预警,焚烧炉出口氧含量偏高
2025-06-29 01:06:00,1,预警,焚烧炉出口氧含量偏高
2025-06-29 01:08:00,1,预警,焚烧炉出口氧含量偏高
2025-06-29 01:12:00,1,预警,焚烧炉出口氧含量偏高
2025-06-29 01:16:00,1,预警,焚烧炉出口氧含量偏高
2025-06-29 01:18:00,1,预警,焚烧炉出口氧含量偏高
2025-06-29 01:20:00,1,预警,焚烧炉出口氧含量偏高
2025-06-29 01:38:00,1,预警,焚烧炉出口氧含量偏高
2025-06-29 01:44:00,1,预警,焚烧炉出口氧含量偏高
2025-06-29 01:46:00,1,预警,焚烧炉出口氧含量偏高
2025-06-29 01:48:00,1,预警,焚烧炉出口氧含量偏高
2025-06-29 01:50:00,1,预警,焚烧炉出口氧含量偏高
2025-06-29 01:52:00,1,预警,焚烧炉出口氧含量偏高
2025-06-29 01:54:00,1,预警,焚烧炉出口氧含量偏高
2025-06-29 01:56:00,1,预警,焚烧炉出口氧含量偏高
2025-06-29 02:00:00,1,预警,焚烧炉出口氧含量偏高
2025-06-29 02:02:00,1,预警,焚烧炉出口氧含量偏高
2025-06-29 02:04:00,1,预警,焚烧炉出口氧含量偏高
2025-06-29 02:24:00,1,预警,焚烧炉出口氧含量偏高
2025-06-29 02:26:00,1,预警,焚烧炉出口氧含量偏高
2025-06-29 02:28:00,1,预警,焚烧炉出口氧含量偏高
2025-06-29 02:30:00,1,预警,焚烧炉出口氧含量偏高
2025-06-29 02:36:00,1,预警,焚烧炉出口氧含量偏高
2025-06-29 02:38:00,1,预警,焚烧炉出口氧含量偏高
2025-06-29 02:40:00,1,预警,焚烧炉出口氧含量偏高
2025-06-29 02:42:00,1,预警,焚烧炉出口氧含量偏高
2025-06-29 02:44:00,1,预警,焚烧炉出口氧含量偏高
2025-06-29 02:46:00,1,预警,焚烧炉出口氧含量偏高
2025-06-29 02:48:00,1,预警,焚烧炉出口氧含量偏高
2025-06-29 02:50:00,1,预警,焚烧炉出口氧含量偏高
2025-06-29 02:52:00,1,预警,焚烧炉出口氧含量偏高
2025-06-29 02:54:00,1,预警,焚烧炉出口氧含量偏高
2025-06-29 02:56:00,1,预警,焚烧炉出口氧含量偏高
2025-06-29 02:58:00,1,预警,焚烧炉出口氧含量偏高
2025-06-29 03:00:00,1,预警,焚烧炉出口氧含量偏高
2025-06-29 03:02:00,1,预警,焚烧炉出口氧含量偏高
2025-06-29 03:04:00,1,预警,焚烧炉出口氧含量偏高
2025-06-29 03:06:00,1,预警,焚烧炉出口氧含量偏高
2025-06-29 03:08:00,1,预警,焚烧炉出口氧含量偏高
2025-06-29 03:10:00,1,预警,焚烧炉出口氧含量偏高
2025-06-29 03:12:00,1,预警,焚烧炉出口氧含量偏高
2025-06-29 03:16:00,1,预警,焚烧炉出口氧含量偏高
2025-06-29 03:18:00,1,预警,焚烧炉出口氧含量偏高
2025-06-29 03:30:00,1,预警,焚烧炉出口氧含量偏高
2025-06-29 03:34:00,1,预警,焚烧炉出口氧含量偏高
2025-06-29 03:36:00,1,预警,焚烧炉出口氧含量偏高
2025-06-29 03:38:00,1,预警,焚烧炉出口氧含量偏高
2025-06-29 03:40:00,1,预警,焚烧炉出口氧含量偏高
2025-06-29 03:42:00,1,预警,焚烧炉出口氧含量偏高
2025-06-29 03:44:00,1,预警,焚烧炉出口氧含量偏高
2025-06-29 03:46:00,1,预警,焚烧炉出口氧含量偏高
2025-06-29 03:48:00,1,预警,焚烧炉出口氧含量偏高
2025-06-29 03:50:00,1,预警,焚烧炉出口氧含量偏高
2025-06-29 03:52:00,1,预警,焚烧炉出口氧含量偏高
2025-06-29 03:54:00,1,预警,焚烧炉出口氧含量偏高
2025-06-29 04:12:00,1,预警,焚烧炉出口氧含量偏高
2025-06-29 04:14:00,1,预警,焚烧炉出口氧含量偏高
2025-06-29 04:16:00,1,预警,焚烧炉出口氧含量偏高
2025-06-29 04:18:00,1,预警,焚烧炉出口氧含量偏高
2025-06-29 04:20:00,1,预警,焚烧炉出口氧含量偏高
2025-06-29 04:22:00,1,预警,焚烧炉出口氧含量偏高
2025-06-29 04:24:00,1,预警,焚烧炉出口氧含量偏高
2025-06-29 04:26:00,1,预警,焚烧炉出口氧含量偏高
2025-06-29 04:28:00,1,预警,焚烧炉出口氧含量偏高
2025-06-29 04:30:00,1,预警,焚烧炉出口氧含量偏高
2025-06-29 04:32:00,1,预警,焚烧炉出口氧含量偏高
2025-06-29 04:34:00,1,预警,焚烧炉出口氧含量偏高
2025-06-29 04:36:00,1,预警,焚烧炉出口氧含量偏高
2025-06-29 04:38:00,1,预警,焚烧炉出口氧含量偏高
2025-06-29 04:40:00,1,预警,焚烧炉出口氧含量偏高
2025-06-29 04:42:00,1,预警,焚烧炉出口氧含量偏高
2025-06-29 04:44:00,1,预警,焚烧炉出口氧含量偏高
2025-06-29 04:46:00,1,预警,焚烧炉出口氧含量偏高
2025-06-29 04:48:00,1,预警,焚烧炉出口氧含量偏高
2025-06-29 04:50:00,1,预警,焚烧炉出口氧含量偏高
2025-06-29 04:52:00,1,预警,焚烧炉出口氧含量偏高
2025-06-29 04:54:00,1,预警,焚烧炉出口氧含量偏高
2025-06-29 04:56:00,1,预警,焚烧炉出口氧含量偏高
2025-06-29 04:58:00,1,预警,焚烧炉出口氧含量偏高
2025-06-29 05:00:00,1,预警,焚烧炉出口氧含量偏高
2025-06-29 05:02:00,1,预警,焚烧炉出口氧含量偏高
2025-06-29 05:04:00,1,预警,焚烧炉出口氧含量偏高
2025-06-29 05:06:00,1,预警,焚烧炉出口氧含量偏高
2025-06-29 05:08:00,1,预警,焚烧炉出口氧含量偏高
2025-06-29 05:10:00,1,预警,焚烧炉出口氧含量偏高
2025-06-29 05:12:00,1,预警,焚烧炉出口氧含量偏高
2025-06-29 05:14:00,1,预警,焚烧炉出口氧含量偏高
2025-06-29 05:16:00,1,预警,焚烧炉出口氧含量偏高
2025-06-29 05:18:00,1,预警,焚烧炉出口氧含量偏高
2025-06-29 05:20:00,1,预警,焚烧炉出口氧含量偏高
2025-06-29 05:22:00,1,预警,焚烧炉出口氧含量偏高
2025-06-29 05:24:00,1,预警,焚烧炉出口氧含量偏高
2025-06-29 05:26:00,1,预警,焚烧炉出口氧含量偏高
2025-06-29 05:28:00,1,预警,焚烧炉出口氧含量偏高
2025-06-29 05:30:00,1,预警,焚烧炉出口氧含量偏高
2025-06-29 05:32:00,1,预警,焚烧炉出口氧含量偏高
2025-06-29 05:34:00,1,预警,焚烧炉出口氧含量偏高
2025-06-29 05:36:00,1,预警,焚烧炉出口氧含量偏高
2025-06-29 05:38:00,1,预警,焚烧炉出口氧含量偏高
2025-06-29 05:40:00,1,预警,焚烧炉出口氧含量偏高
2025-06-29 05:42:00,1,预警,焚烧炉出口氧含量偏高
2025-06-29 05:44:00,1,预警,焚烧炉出口氧含量偏高
2025-06-29 05:46:00,1,预警,焚烧炉出口氧含量偏高
2025-06-29 05:48:00,1,预警,焚烧炉出口氧含量偏高
2025-06-29 05:50:00,1,预警,焚烧炉出口氧含量偏高
2025-06-29 05:52:00,1,预警,焚烧炉出口氧含量偏高
2025-06-29 05:54:00,1,预警,焚烧炉出口氧含量偏高
2025-06-29 05:56:00,1,预警,焚烧炉出口氧含量偏高
2025-06-29 05:58:00,1,预警,焚烧炉出口氧含量偏高
2025-06-29 06:00:00,1,预警,焚烧炉出口氧含量偏高
2025-06-29 06:02:00,1,预警,焚烧炉出口氧含量偏高
2025-06-29 06:04:00,1,预警,焚烧炉出口氧含量偏高
2025-06-29 06:06:00,1,预警,焚烧炉出口氧含量偏高
2025-06-29 06:08:00,1,预警,焚烧炉出口氧含量偏高
2025-06-29 06:10:00,1,预警,焚烧炉出口氧含量偏高
2025-06-29 06:12:00,1,预警,焚烧炉出口氧含量偏高
2025-06-29 06:14:00,1,预警,焚烧炉出口氧含量偏高
2025-06-29 06:16:00,1,预警,焚烧炉出口氧含量偏高
2025-06-29 06:18:00,1,预警,焚烧炉出口氧含量偏高
2025-06-29 06:20:00,1,预警,焚烧炉出口氧含量偏高
2025-06-29 06:22:00,1,预警,焚烧炉出口氧含量偏高
2025-06-29 06:24:00,1,预警,焚烧炉出口氧含量偏高
2025-06-29 06:26:00,1,预警,焚烧炉出口氧含量偏高
2025-06-29 06:28:00,1,预警,焚烧炉出口氧含量偏高
2025-06-29 06:30:00,1,预警,焚烧炉出口氧含量偏高
2025-06-29 06:32:00,1,预警,焚烧炉出口氧含量偏高
2025-06-29 06:34:00,1,预警,焚烧炉出口氧含量偏高
2025-06-29 06:36:00,1,预警,焚烧炉出口氧含量偏高
2025-06-29 06:58:00,1,预警,焚烧炉出口氧含量偏高
2025-06-29 07:04:00,1,预警,焚烧炉出口氧含量偏高
2025-06-29 07:06:00,1,预警,焚烧炉出口氧含量偏高
2025-06-29 07:10:00,1,预警,焚烧炉出口氧含量偏高
2025-06-29 07:12:00,1,预警,焚烧炉出口氧含量偏高
2025-06-29 07:16:00,1,预警,焚烧炉出口氧含量偏高
2025-06-29 07:18:00,1,预警,焚烧炉出口氧含量偏高
2025-06-29 07:20:00,1,预警,焚烧炉出口氧含量偏高
2025-06-29 07:22:00,1,预警,焚烧炉出口氧含量偏高
2025-06-29 07:24:00,1,预警,焚烧炉出口氧含量偏高
2025-06-29 07:26:00,1,预警,焚烧炉出口氧含量偏高
2025-06-29 07:28:00,1,预警,焚烧炉出口氧含量偏高
2025-06-29 07:30:00,1,预警,焚烧炉出口氧含量偏高
2025-06-29 07:32:00,1,预警,焚烧炉出口氧含量偏高
2025-06-29 07:34:00,1,预警,焚烧炉出口氧含量偏高
2025-06-29 07:36:00,1,预警,焚烧炉出口氧含量偏高
2025-06-29 07:38:00,1,预警,焚烧炉出口氧含量偏高
2025-06-29 07:40:00,1,预警,焚烧炉出口氧含量偏高
2025-06-29 07:42:00,1,预警,焚烧炉出口氧含量偏高
2025-06-29 07:46:00,1,预警,焚烧炉出口氧含量偏高
2025-06-29 07:48:00,1,预警,焚烧炉出口氧含量偏高
2025-06-29 07:50:00,1,预警,焚烧炉出口氧含量偏高
2025-06-29 07:52:00,1,预警,焚烧炉出口氧含量偏高
2025-06-29 07:54:00,1,预警,焚烧炉出口氧含量偏高
2025-06-29 07:56:00,1,预警,焚烧炉出口氧含量偏高
2025-06-29 07:58:00,1,预警,焚烧炉出口氧含量偏高
2025-06-29 08:00:00,1,预警,焚烧炉出口氧含量偏高
2025-06-29 08:02:00,1,预警,焚烧炉出口氧含量偏高
2025-06-29 08:04:00,1,预警,焚烧炉出口氧含量偏高
2025-06-29 08:06:00,1,预警,焚烧炉出口氧含量偏高
2025-06-29 08:08:00,1,预警,焚烧炉出口氧含量偏高
2025-06-29 08:10:00,1,预警,焚烧炉出口氧含量偏高
2025-06-29 08:12:00,1,预警,焚烧炉出口氧含量偏高
2025-06-29 08:16:00,1,预警,焚烧炉出口氧含量偏高
2025-06-29 08:18:00,1,预警,焚烧炉出口氧含量偏高
2025-06-29 08:22:00,1,预警,焚烧炉出口氧含量偏高
2025-06-29 08:24:00,1,预警,焚烧炉出口氧含量偏高
2025-06-29 08:26:00,1,预警,焚烧炉出口氧含量偏高
2025-06-29 08:28:00,1,预警,焚烧炉出口氧含量偏高
2025-06-29 08:30:00,1,预警,焚烧炉出口氧含量偏高
2025-06-29 08:32:00,1,预警,焚烧炉出口氧含量偏高
2025-06-29 08:34:00,1,预警,焚烧炉出口氧含量偏高
2025-06-29 08:36:00,1,预警,焚烧炉出口氧含量偏高
2025-06-29 08:38:00,1,预警,焚烧炉出口氧含量偏高
2025-06-29 08:42:00,1,预警,焚烧炉出口氧含量偏高
2025-06-29 08:44:00,1,预警,焚烧炉出口氧含量偏高
2025-06-29 08:52:00,1,预警,焚烧炉出口氧含量偏高
2025-06-29 08:54:00,1,预警,焚烧炉出口氧含量偏高
2025-06-29 08:56:00,1,预警,焚烧炉出口氧含量偏高
2025-06-29 08:58:00,1,预警,焚烧炉出口氧含量偏高
2025-06-29 09:38:00,1,预警,焚烧炉出口氧含量偏高
2025-06-29 10:12:00,1,预警,焚烧炉出口氧含量偏高
2025-06-29 10:14:00,1,预警,焚烧炉出口氧含量偏高
2025-06-29 10:18:00,1,预警,焚烧炉出口氧含量偏高
2025-06-29 10:20:00,1,预警,焚烧炉出口氧含量偏高
2025-06-29 10:22:00,1,预警,焚烧炉出口氧含量偏高
2025-06-29 10:24:00,1,预警,焚烧炉出口氧含量偏高
2025-06-29 10:26:00,1,预警,焚烧炉出口氧含量偏高
2025-06-29 10:28:00,1,预警,焚烧炉出口氧含量偏高
2025-06-29 10:30:00,1,预警,焚烧炉出口氧含量偏高
2025-06-29 10:34:00,1,预警,焚烧炉出口氧含量偏高
2025-06-29 10:36:00,1,预警,焚烧炉出口氧含量偏高
2025-06-29 10:38:00,1,预警,焚烧炉出口氧含量偏高
2025-06-29 10:40:00,1,预警,焚烧炉出口氧含量偏高
2025-06-29 10:42:00,1,预警,焚烧炉出口氧含量偏高
2025-06-29 10:46:00,1,预警,焚烧炉出口氧含量偏高
2025-06-29 10:50:00,1,预警,焚烧炉出口氧含量偏高
2025-06-29 10:52:00,1,预警,焚烧炉出口氧含量偏高
2025-06-29 10:54:00,1,预警,焚烧炉出口氧含量偏高
2025-06-29 10:56:00,1,预警,焚烧炉出口氧含量偏高
2025-06-29 11:02:00,1,预警,焚烧炉出口氧含量偏高
2025-06-29 11:04:00,1,预警,焚烧炉出口氧含量偏高
2025-06-29 11:06:00,1,预警,焚烧炉出口氧含量偏高
2025-06-29 11:08:00,1,预警,焚烧炉出口氧含量偏高
2025-06-29 11:10:00,1,预警,焚烧炉出口氧含量偏高
2025-06-29 11:16:00,1,预警,焚烧炉出口氧含量偏高
2025-06-29 11:18:00,1,预警,焚烧炉出口氧含量偏高
2025-06-29 11:30:00,1,预警,焚烧炉出口氧含量偏高
2025-06-29 11:32:00,1,预警,焚烧炉出口氧含量偏高
2025-06-29 11:34:00,1,预警,焚烧炉出口氧含量偏高
2025-06-29 11:36:00,1,预警,焚烧炉出口氧含量偏高
2025-06-29 11:42:00,1,预警,焚烧炉出口氧含量偏高
2025-06-29 11:44:00,1,预警,焚烧炉出口氧含量偏高
2025-06-29 11:46:00,1,预警,焚烧炉出口氧含量偏高
2025-06-29 11:48:00,1,预警,焚烧炉出口氧含量偏高
2025-06-29 11:54:00,1,预警,焚烧炉出口氧含量偏高
2025-06-29 11:56:00,1,预警,焚烧炉出口氧含量偏高
2025-06-29 11:58:00,1,预警,焚烧炉出口氧含量偏高
2025-06-29 12:00:00,1,预警,焚烧炉出口氧含量偏高
2025-06-29 12:02:00,1,预警,焚烧炉出口氧含量偏高
2025-06-29 12:04:00,1,预警,焚烧炉出口氧含量偏高
2025-06-29 12:06:00,1,预警,焚烧炉出口氧含量偏高
2025-06-29 12:08:00,1,预警,焚烧炉出口氧含量偏高
2025-06-29 12:10:00,1,预警,焚烧炉出口氧含量偏高
2025-06-29 12:12:00,1,预警,焚烧炉出口氧含量偏高
2025-06-29 12:14:00,1,预警,焚烧炉出口氧含量偏高
2025-06-29 12:16:00,1,预警,焚烧炉出口氧含量偏高
2025-06-29 12:18:00,1,预警,焚烧炉出口氧含量偏高
2025-06-29 12:20:00,1,预警,焚烧炉出口氧含量偏高
2025-06-29 12:22:00,1,预警,焚烧炉出口氧含量偏高
2025-06-29 12:24:00,1,预警,焚烧炉出口氧含量偏高
2025-06-29 12:26:00,1,预警,焚烧炉出口氧含量偏高
2025-06-29 12:28:00,1,预警,焚烧炉出口氧含量偏高
2025-06-29 12:30:00,1,预警,焚烧炉出口氧含量偏高
2025-06-29 12:32:00,1,预警,焚烧炉出口氧含量偏高
2025-06-29 12:34:00,1,预警,焚烧炉出口氧含量偏高
2025-06-29 12:36:00,1,预警,焚烧炉出口氧含量偏高
2025-06-29 12:38:00,1,预警,焚烧炉出口氧含量偏高
2025-06-29 12:40:00,1,预警,焚烧炉出口氧含量偏高
2025-06-29 12:42:00,1,预警,焚烧炉出口氧含量偏高
2025-06-29 12:44:00,1,预警,焚烧炉出口氧含量偏高
2025-06-29 12:46:00,1,预警,焚烧炉出口氧含量偏高
2025-06-29 12:48:00,1,预警,焚烧炉出口氧含量偏高
2025-06-29 12:50:00,1,预警,焚烧炉出口氧含量偏高
2025-06-29 12:52:00,1,预警,焚烧炉出口氧含量偏高
2025-06-29 12:54:00,1,预警,焚烧炉出口氧含量偏高
2025-06-29 12:56:00,1,预警,焚烧炉出口氧含量偏高
2025-06-29 12:58:00,1,预警,焚烧炉出口氧含量偏高
2025-06-29 13:00:00,1,预警,焚烧炉出口氧含量偏高
2025-06-29 13:02:00,1,预警,焚烧炉出口氧含量偏高
2025-06-29 13:04:00,1,预警,焚烧炉出口氧含量偏高
2025-06-29 13:06:00,1,预警,焚烧炉出口氧含量偏高
2025-06-29 13:08:00,1,预警,焚烧炉出口氧含量偏高
2025-06-29 13:10:00,1,预警,焚烧炉出口氧含量偏高
2025-06-29 13:12:00,1,预警,焚烧炉出口氧含量偏高
2025-06-29 13:14:00,1,预警,焚烧炉出口氧含量偏高
2025-06-29 13:16:00,1,预警,焚烧炉出口氧含量偏高
2025-06-29 13:18:00,1,预警,焚烧炉出口氧含量偏高
2025-06-29 13:20:00,1,预警,焚烧炉出口氧含量偏高
2025-06-29 13:22:00,1,预警,焚烧炉出口氧含量偏高
2025-06-29 13:24:00,1,预警,焚烧炉出口氧含量偏高
2025-06-29 13:26:00,1,预警,焚烧炉出口氧含量偏高
2025-06-29 13:28:00,1,预警,焚烧炉出口氧含量偏高
2025-06-29 13:30:00,1,预警,焚烧炉出口氧含量偏高
2025-06-29 13:32:00,1,预警,焚烧炉出口氧含量偏高
2025-06-29 13:34:00,1,预警,焚烧炉出口氧含量偏高
2025-06-29 13:36:00,1,预警,焚烧炉出口氧含量偏高
2025-06-29 13:38:00,1,预警,焚烧炉出口氧含量偏高
2025-06-29 13:40:00,1,预警,焚烧炉出口氧含量偏高
2025-06-29 13:48:00,1,预警,焚烧炉出口氧含量偏高
2025-06-29 13:50:00,1,预警,焚烧炉出口氧含量偏高
2025-06-29 13:52:00,1,预警,焚烧炉出口氧含量偏高
2025-06-29 14:02:00,1,预警,焚烧炉出口氧含量偏高
2025-06-29 14:04:00,1,预警,焚烧炉出口氧含量偏高
2025-06-29 14:06:00,1,预警,焚烧炉出口氧含量偏高
2025-06-29 14:08:00,1,预警,焚烧炉出口氧含量偏高
2025-06-29 14:10:00,1,预警,焚烧炉出口氧含量偏高
2025-06-29 14:12:00,1,预警,焚烧炉出口氧含量偏高
2025-06-29 14:14:00,1,预警,焚烧炉出口氧含量偏高
2025-06-29 14:38:00,1,预警,焚烧炉出口氧含量偏高
2025-06-29 14:42:00,1,预警,焚烧炉出口氧含量偏高
2025-06-29 15:16:00,1,预警,焚烧炉出口氧含量偏高
2025-06-29 15:18:00,1,预警,焚烧炉出口氧含量偏高
2025-06-29 15:20:00,1,预警,焚烧炉出口氧含量偏高
2025-06-29 15:24:00,1,预警,焚烧炉出口氧含量偏高
2025-06-29 15:26:00,1,预警,焚烧炉出口氧含量偏高
2025-06-29 15:28:00,1,预警,焚烧炉出口氧含量偏高
2025-06-29 15:30:00,1,预警,焚烧炉出口氧含量偏高
2025-06-29 15:54:00,1,预警,焚烧炉出口氧含量偏高
2025-06-29 16:02:00,1,预警,焚烧炉出口氧含量偏高
2025-06-29 16:12:00,1,预警,焚烧炉出口氧含量偏高
2025-06-29 16:20:00,1,预警,焚烧炉出口氧含量偏高
2025-06-29 16:22:00,1,预警,焚烧炉出口氧含量偏高
2025-06-29 16:24:00,1,预警,焚烧炉出口氧含量偏高
2025-06-29 16:26:00,1,预警,焚烧炉出口氧含量偏高
2025-06-29 16:28:00,1,预警,焚烧炉出口氧含量偏高
2025-06-29 16:30:00,1,预警,焚烧炉出口氧含量偏高
2025-06-29 16:32:00,1,预警,焚烧炉出口氧含量偏高
2025-06-29 16:34:00,1,预警,焚烧炉出口氧含量偏高
2025-06-29 16:42:00,1,预警,焚烧炉出口氧含量偏高
2025-06-29 16:44:00,1,预警,焚烧炉出口氧含量偏高
2025-06-29 16:46:00,1,预警,焚烧炉出口氧含量偏高
2025-06-29 16:48:00,1,预警,焚烧炉出口氧含量偏高
2025-06-29 16:50:00,1,预警,焚烧炉出口氧含量偏高
2025-06-29 16:52:00,1,预警,焚烧炉出口氧含量偏高
2025-06-29 16:54:00,1,预警,焚烧炉出口氧含量偏高
2025-06-29 16:56:00,1,预警,焚烧炉出口氧含量偏高
2025-06-29 16:58:00,1,预警,焚烧炉出口氧含量偏高
2025-06-29 17:04:00,1,预警,焚烧炉出口氧含量偏高
2025-06-29 17:06:00,1,预警,焚烧炉出口氧含量偏高
2025-06-29 17:08:00,1,预警,焚烧炉出口氧含量偏高
2025-06-29 17:10:00,1,预警,焚烧炉出口氧含量偏高
2025-06-29 17:14:00,1,预警,焚烧炉出口氧含量偏高
2025-06-29 17:16:00,1,预警,焚烧炉出口氧含量偏高
2025-06-29 17:18:00,1,预警,焚烧炉出口氧含量偏高
2025-06-29 17:20:00,1,预警,焚烧炉出口氧含量偏高
2025-06-29 17:22:00,1,预警,焚烧炉出口氧含量偏高
2025-06-29 17:24:00,1,预警,焚烧炉出口氧含量偏高
2025-06-29 17:26:00,1,预警,焚烧炉出口氧含量偏高
2025-06-29 17:28:00,1,预警,焚烧炉出口氧含量偏高
2025-06-29 17:30:00,1,预警,焚烧炉出口氧含量偏高
2025-06-29 17:32:00,1,预警,焚烧炉出口氧含量偏高
2025-06-29 17:34:00,1,预警,焚烧炉出口氧含量偏高
2025-06-29 17:36:00,1,预警,焚烧炉出口氧含量偏高
2025-06-29 18:52:00,1,预警,焚烧炉出口氧含量偏高
2025-06-29 18:56:00,1,预警,焚烧炉出口氧含量偏高
2025-06-29 18:58:00,1,预警,焚烧炉出口氧含量偏高
2025-06-29 19:00:00,1,预警,焚烧炉出口氧含量偏高
2025-06-29 19:02:00,1,预警,焚烧炉出口氧含量偏高
2025-06-29 19:04:00,1,预警,焚烧炉出口氧含量偏高
2025-06-29 19:06:00,1,预警,焚烧炉出口氧含量偏高
2025-06-29 19:08:00,1,预警,焚烧炉出口氧含量偏高
2025-06-29 19:10:00,1,预警,焚烧炉出口氧含量偏高
2025-06-29 19:12:00,1,预警,焚烧炉出口氧含量偏高
2025-06-29 19:16:00,1,预警,焚烧炉出口氧含量偏高
2025-06-29 19:24:00,1,预警,焚烧炉出口氧含量偏高
2025-06-29 19:28:00,1,预警,焚烧炉出口氧含量偏高
2025-06-29 19:30:00,1,预警,焚烧炉出口氧含量偏高
2025-06-29 19:32:00,1,预警,焚烧炉出口氧含量偏高
2025-06-29 19:34:00,1,预警,焚烧炉出口氧含量偏高
2025-06-29 19:36:00,1,预警,焚烧炉出口氧含量偏高
2025-06-29 19:38:00,1,预警,焚烧炉出口氧含量偏高
2025-06-29 19:40:00,1,预警,焚烧炉出口氧含量偏高
2025-06-29 19:42:00,1,预警,焚烧炉出口氧含量偏高
2025-06-29 19:48:00,1,预警,焚烧炉出口氧含量偏高
2025-06-29 19:50:00,1,预警,焚烧炉出口氧含量偏高
2025-06-29 19:54:00,1,预警,焚烧炉出口氧含量偏高
2025-06-29 20:58:00,1,预警,焚烧炉出口氧含量偏高
2025-06-29 21:02:00,1,预警,焚烧炉出口氧含量偏高
2025-06-29 21:04:00,1,预警,焚烧炉出口氧含量偏高
2025-06-29 21:06:00,1,预警,焚烧炉出口氧含量偏高
2025-06-29 21:08:00,1,预警,焚烧炉出口氧含量偏高
2025-06-29 21:10:00,1,预警,焚烧炉出口氧含量偏高
2025-06-29 21:12:00,1,预警,焚烧炉出口氧含量偏高
2025-06-29 21:14:00,1,预警,焚烧炉出口氧含量偏高
2025-06-29 21:16:00,1,预警,焚烧炉出口氧含量偏高
2025-06-29 21:18:00,1,预警,焚烧炉出口氧含量偏高
2025-06-29 21:20:00,1,预警,焚烧炉出口氧含量偏高
2025-06-29 21:24:00,1,预警,焚烧炉出口氧含量偏高
2025-06-29 21:32:01,1,预警,焚烧炉出口氧含量偏高
2025-06-29 21:34:00,1,预警,焚烧炉出口氧含量偏高
2025-06-29 21:36:00,1,预警,焚烧炉出口氧含量偏高
2025-06-29 21:38:00,1,预警,焚烧炉出口氧含量偏高
2025-06-29 21:40:00,1,预警,焚烧炉出口氧含量偏高
2025-06-29 21:42:00,1,预警,焚烧炉出口氧含量偏高
2025-06-29 21:44:00,1,预警,焚烧炉出口氧含量偏高
2025-06-29 21:46:00,1,预警,焚烧炉出口氧含量偏高
2025-06-29 21:48:00,1,预警,焚烧炉出口氧含量偏高
2025-06-29 21:50:00,1,预警,焚烧炉出口氧含量偏高
2025-06-29 21:52:00,1,预警,焚烧炉出口氧含量偏高
2025-06-29 21:54:00,1,预警,焚烧炉出口氧含量偏高
2025-06-29 21:56:00,1,预警,焚烧炉出口氧含量偏高
2025-06-29 21:58:00,1,预警,焚烧炉出口氧含量偏高
2025-06-29 22:00:00,1,预警,焚烧炉出口氧含量偏高
2025-06-29 22:02:00,1,预警,焚烧炉出口氧含量偏高
2025-06-29 22:04:00,1,预警,焚烧炉出口氧含量偏高
2025-06-29 22:06:00,1,预警,焚烧炉出口氧含量偏高
2025-06-29 22:08:00,1,预警,焚烧炉出口氧含量偏高
2025-06-29 22:10:00,1,预警,焚烧炉出口氧含量偏高
2025-06-29 22:12:00,1,预警,焚烧炉出口氧含量偏高
2025-06-29 22:14:00,1,预警,焚烧炉出口氧含量偏高
2025-06-29 22:16:00,1,预警,焚烧炉出口氧含量偏高
2025-06-29 22:18:00,1,预警,焚烧炉出口氧含量偏高
2025-06-29 22:20:00,1,预警,焚烧炉出口氧含量偏高
2025-06-29 22:22:00,1,预警,焚烧炉出口氧含量偏高
2025-06-29 22:24:00,1,预警,焚烧炉出口氧含量偏高
2025-06-29 22:26:00,1,预警,焚烧炉出口氧含量偏高
2025-06-29 22:28:00,1,预警,焚烧炉出口氧含量偏高
2025-06-29 22:30:00,1,预警,焚烧炉出口氧含量偏高
2025-06-29 22:32:00,1,预警,焚烧炉出口氧含量偏高
2025-06-29 22:38:00,1,预警,焚烧炉出口氧含量偏高
2025-06-29 22:42:00,1,预警,焚烧炉出口氧含量偏高
2025-06-29 22:44:00,1,预警,焚烧炉出口氧含量偏高
2025-06-29 22:46:00,1,预警,焚烧炉出口氧含量偏高
2025-06-29 22:48:00,1,预警,焚烧炉出口氧含量偏高
2025-06-29 22:50:00,1,预警,焚烧炉出口氧含量偏高
2025-06-29 22:52:00,1,预警,焚烧炉出口氧含量偏高
2025-06-29 22:54:00,1,预警,焚烧炉出口氧含量偏高
2025-06-29 23:06:00,1,预警,焚烧炉出口氧含量偏高
2025-06-29 23:10:00,1,预警,焚烧炉出口氧含量偏高
2025-06-29 23:12:00,1,预警,焚烧炉出口氧含量偏高
2025-06-29 23:14:00,1,预警,焚烧炉出口氧含量偏高
2025-06-29 23:16:00,1,预警,焚烧炉出口氧含量偏高
2025-06-29 23:18:00,1,预警,焚烧炉出口氧含量偏高
2025-06-29 23:20:00,1,预警,焚烧炉出口氧含量偏高
2025-06-29 23:22:00,1,预警,焚烧炉出口氧含量偏高
2025-06-29 23:24:00,1,预警,焚烧炉出口氧含量偏高
2025-06-29 23:26:00,1,预警,焚烧炉出口氧含量偏高
2025-06-29 23:28:00,1,预警,焚烧炉出口氧含量偏高
2025-06-29 23:30:00,1,预警,焚烧炉出口氧含量偏高
2025-06-29 23:32:00,1,预警,焚烧炉出口氧含量偏高
2025-06-29 23:34:00,1,预警,焚烧炉出口氧含量偏高
2025-06-29 23:36:00,1,预警,焚烧炉出口氧含量偏高
2025-06-29 23:38:00,1,预警,焚烧炉出口氧含量偏高
2025-06-29 23:40:00,1,预警,焚烧炉出口氧含量偏高
2025-06-29 23:42:00,1,预警,焚烧炉出口氧含量偏高
2025-06-29 23:44:00,1,预警,焚烧炉出口氧含量偏高
2025-06-29 23:46:00,1,预警,焚烧炉出口氧含量偏高
2025-06-29 23:48:00,1,预警,焚烧炉出口氧含量偏高
2025-06-29 23:50:00,1,预警,焚烧炉出口氧含量偏高
2025-06-29 23:52:00,1,预警,焚烧炉出口氧含量偏高
2025-06-29 23:54:00,1,预警,焚烧炉出口氧含量偏高
2025-06-29 23:56:00,1,预警,焚烧炉出口氧含量偏高
2025-06-29 23:58:00,1,预警,焚烧炉出口氧含量偏高
