﻿时间,炉号,预警/报警类型,预警/报警事件
2025-06-02 01:02:00,1,预警,焚烧炉出口氧含量偏高
2025-06-02 01:06:00,1,预警,焚烧炉出口氧含量偏高
2025-06-02 01:16:00,1,预警,焚烧炉出口氧含量偏高
2025-06-02 01:18:00,1,预警,焚烧炉出口氧含量偏高
2025-06-02 01:20:00,1,预警,焚烧炉出口氧含量偏高
2025-06-02 01:22:00,1,预警,焚烧炉出口氧含量偏高
2025-06-02 01:24:00,1,预警,焚烧炉出口氧含量偏高
2025-06-02 01:26:00,1,预警,焚烧炉出口氧含量偏高
2025-06-02 01:28:00,1,预警,焚烧炉出口氧含量偏高
2025-06-02 01:30:00,1,预警,焚烧炉出口氧含量偏高
2025-06-02 01:32:00,1,预警,焚烧炉出口氧含量偏高
2025-06-02 01:36:00,1,预警,焚烧炉出口氧含量偏高
2025-06-02 01:38:00,1,预警,焚烧炉出口氧含量偏高
2025-06-02 01:40:00,1,预警,焚烧炉出口氧含量偏高
2025-06-02 02:10:00,1,预警,焚烧炉出口氧含量偏高
2025-06-02 03:56:00,1,预警,焚烧炉出口氧含量偏高
2025-06-02 03:58:00,1,预警,焚烧炉出口氧含量偏高
2025-06-02 04:12:00,1,预警,焚烧炉出口氧含量偏高
2025-06-02 05:18:00,1,预警,焚烧炉出口氧含量偏高
2025-06-02 05:20:00,1,预警,焚烧炉出口氧含量偏高
2025-06-02 05:22:00,1,预警,焚烧炉出口氧含量偏高
2025-06-02 06:08:00,1,预警,焚烧炉出口氧含量偏高
2025-06-02 06:12:00,1,预警,焚烧炉出口氧含量偏高
2025-06-02 06:16:00,1,预警,焚烧炉出口氧含量偏高
2025-06-02 08:24:00,1,预警,焚烧炉出口氧含量偏高
2025-06-02 08:26:00,1,预警,焚烧炉出口氧含量偏高
2025-06-02 08:36:00,1,预警,焚烧炉出口氧含量偏高
2025-06-02 08:44:00,1,预警,焚烧炉出口氧含量偏高
2025-06-02 08:46:00,1,预警,焚烧炉出口氧含量偏高
2025-06-02 08:48:00,1,预警,焚烧炉出口氧含量偏高
2025-06-02 08:50:00,1,预警,焚烧炉出口氧含量偏高
2025-06-02 09:02:00,1,预警,焚烧炉出口氧含量偏高
2025-06-02 09:06:00,1,预警,焚烧炉出口氧含量偏高
2025-06-02 09:08:00,1,预警,焚烧炉出口氧含量偏高
2025-06-02 09:10:00,1,预警,焚烧炉出口氧含量偏高
2025-06-02 09:12:00,1,预警,焚烧炉出口氧含量偏高
2025-06-02 09:14:00,1,预警,焚烧炉出口氧含量偏高
2025-06-02 09:16:00,1,预警,焚烧炉出口氧含量偏高
2025-06-02 09:18:00,1,预警,焚烧炉出口氧含量偏高
2025-06-02 09:20:00,1,预警,焚烧炉出口氧含量偏高
2025-06-02 09:22:00,1,预警,焚烧炉出口氧含量偏高
2025-06-02 09:24:00,1,预警,焚烧炉出口氧含量偏高
2025-06-02 09:26:00,1,预警,焚烧炉出口氧含量偏高
2025-06-02 09:28:00,1,预警,焚烧炉出口氧含量偏高
2025-06-02 09:30:00,1,预警,焚烧炉出口氧含量偏高
2025-06-02 09:32:00,1,预警,焚烧炉出口氧含量偏高
2025-06-02 09:34:00,1,预警,焚烧炉出口氧含量偏高
2025-06-02 09:36:00,1,预警,焚烧炉出口氧含量偏高
2025-06-02 09:38:00,1,预警,焚烧炉出口氧含量偏高
2025-06-02 09:40:00,1,预警,焚烧炉出口氧含量偏高
2025-06-02 09:42:00,1,预警,焚烧炉出口氧含量偏高
2025-06-02 09:44:00,1,预警,焚烧炉出口氧含量偏高
2025-06-02 09:46:00,1,预警,焚烧炉出口氧含量偏高
2025-06-02 09:48:00,1,预警,焚烧炉出口氧含量偏高
2025-06-02 09:50:00,1,预警,焚烧炉出口氧含量偏高
2025-06-02 09:52:00,1,预警,焚烧炉出口氧含量偏高
2025-06-02 09:54:00,1,预警,焚烧炉出口氧含量偏高
2025-06-02 09:56:00,1,预警,焚烧炉出口氧含量偏高
2025-06-02 09:58:00,1,预警,焚烧炉出口氧含量偏高
2025-06-02 10:00:00,1,预警,焚烧炉出口氧含量偏高
2025-06-02 10:28:00,1,预警,焚烧炉出口氧含量偏高
2025-06-02 10:30:00,1,预警,焚烧炉出口氧含量偏高
2025-06-02 10:32:00,1,预警,焚烧炉出口氧含量偏高
2025-06-02 10:34:00,1,预警,焚烧炉出口氧含量偏高
2025-06-02 10:36:00,1,预警,焚烧炉出口氧含量偏高
2025-06-02 10:38:00,1,预警,焚烧炉出口氧含量偏高
2025-06-02 10:44:00,1,预警,焚烧炉出口氧含量偏高
2025-06-02 10:46:00,1,预警,焚烧炉出口氧含量偏高
2025-06-02 10:48:00,1,预警,焚烧炉出口氧含量偏高
2025-06-02 10:50:00,1,预警,焚烧炉出口氧含量偏高
2025-06-02 10:52:00,1,预警,焚烧炉出口氧含量偏高
2025-06-02 11:00:00,1,预警,焚烧炉出口氧含量偏高
2025-06-02 11:02:00,1,预警,焚烧炉出口氧含量偏高
2025-06-02 11:04:00,1,预警,焚烧炉出口氧含量偏高
2025-06-02 11:06:00,1,预警,焚烧炉出口氧含量偏高
2025-06-02 11:08:00,1,预警,焚烧炉出口氧含量偏高
2025-06-02 11:10:00,1,预警,焚烧炉出口氧含量偏高
2025-06-02 11:12:00,1,预警,焚烧炉出口氧含量偏高
2025-06-02 11:14:00,1,预警,焚烧炉出口氧含量偏高
2025-06-02 11:16:00,1,预警,焚烧炉出口氧含量偏高
2025-06-02 11:24:00,1,预警,焚烧炉出口氧含量偏高
2025-06-02 11:28:00,1,预警,焚烧炉出口氧含量偏高
2025-06-02 11:34:00,1,预警,焚烧炉出口氧含量偏高
2025-06-02 11:36:00,1,预警,焚烧炉出口氧含量偏高
2025-06-02 11:38:00,1,预警,焚烧炉出口氧含量偏高
2025-06-02 11:40:00,1,预警,焚烧炉出口氧含量偏高
2025-06-02 11:42:00,1,预警,焚烧炉出口氧含量偏高
2025-06-02 11:44:00,1,预警,焚烧炉出口氧含量偏高
2025-06-02 11:46:00,1,预警,焚烧炉出口氧含量偏高
2025-06-02 11:48:00,1,预警,焚烧炉出口氧含量偏高
2025-06-02 11:50:00,1,预警,焚烧炉出口氧含量偏高
2025-06-02 11:52:00,1,预警,焚烧炉出口氧含量偏高
2025-06-02 11:54:00,1,预警,焚烧炉出口氧含量偏高
2025-06-02 11:56:00,1,预警,焚烧炉出口氧含量偏高
2025-06-02 12:50:00,1,预警,焚烧炉出口氧含量偏高
2025-06-02 13:00:00,1,预警,焚烧炉出口氧含量偏高
2025-06-02 13:04:00,1,预警,焚烧炉出口氧含量偏高
2025-06-02 13:08:00,1,预警,焚烧炉出口氧含量偏高
2025-06-02 13:20:00,1,预警,焚烧炉出口氧含量偏高
2025-06-02 13:32:00,1,预警,焚烧炉出口氧含量偏高
2025-06-02 13:34:00,1,预警,焚烧炉出口氧含量偏高
2025-06-02 13:38:00,1,预警,焚烧炉出口氧含量偏高
2025-06-02 13:40:00,1,预警,焚烧炉出口氧含量偏高
2025-06-02 13:46:00,1,预警,焚烧炉出口氧含量偏高
2025-06-02 13:48:00,1,预警,焚烧炉出口氧含量偏高
2025-06-02 13:50:00,1,预警,焚烧炉出口氧含量偏高
2025-06-02 13:54:00,1,预警,焚烧炉出口氧含量偏高
2025-06-02 13:58:00,1,预警,焚烧炉出口氧含量偏高
2025-06-02 14:00:00,1,预警,焚烧炉出口氧含量偏高
2025-06-02 14:04:00,1,预警,焚烧炉出口氧含量偏高
2025-06-02 14:06:00,1,预警,焚烧炉出口氧含量偏高
2025-06-02 14:10:00,1,预警,焚烧炉出口氧含量偏高
2025-06-02 14:12:00,1,预警,焚烧炉出口氧含量偏高
2025-06-02 14:14:00,1,预警,焚烧炉出口氧含量偏高
2025-06-02 14:16:00,1,预警,焚烧炉出口氧含量偏高
2025-06-02 14:20:00,1,预警,焚烧炉出口氧含量偏高
2025-06-02 14:22:00,1,预警,焚烧炉出口氧含量偏高
2025-06-02 14:24:00,1,预警,焚烧炉出口氧含量偏高
2025-06-02 14:26:00,1,预警,焚烧炉出口氧含量偏高
2025-06-02 14:30:00,1,预警,焚烧炉出口氧含量偏高
2025-06-02 14:32:00,1,预警,焚烧炉出口氧含量偏高
2025-06-02 14:34:00,1,预警,焚烧炉出口氧含量偏高
2025-06-02 14:36:00,1,预警,焚烧炉出口氧含量偏高
2025-06-02 14:38:00,1,预警,焚烧炉出口氧含量偏高
2025-06-02 14:40:00,1,预警,焚烧炉出口氧含量偏高
2025-06-02 14:48:00,1,预警,焚烧炉出口氧含量偏高
2025-06-02 14:52:00,1,预警,焚烧炉出口氧含量偏高
2025-06-02 14:54:00,1,预警,焚烧炉出口氧含量偏高
2025-06-02 14:56:00,1,预警,焚烧炉出口氧含量偏高
2025-06-02 14:58:00,1,预警,焚烧炉出口氧含量偏高
2025-06-02 15:02:00,1,预警,焚烧炉出口氧含量偏高
2025-06-02 15:04:00,1,预警,焚烧炉出口氧含量偏高
2025-06-02 15:06:00,1,预警,焚烧炉出口氧含量偏高
2025-06-02 15:08:00,1,预警,焚烧炉出口氧含量偏高
2025-06-02 15:10:00,1,预警,焚烧炉出口氧含量偏高
2025-06-02 15:12:00,1,预警,焚烧炉出口氧含量偏高
2025-06-02 15:14:00,1,预警,焚烧炉出口氧含量偏高
2025-06-02 15:16:00,1,预警,焚烧炉出口氧含量偏高
2025-06-02 15:18:00,1,预警,焚烧炉出口氧含量偏高
2025-06-02 15:20:00,1,预警,焚烧炉出口氧含量偏高
2025-06-02 15:22:00,1,预警,焚烧炉出口氧含量偏高
2025-06-02 15:24:00,1,预警,焚烧炉出口氧含量偏高
2025-06-02 15:26:00,1,预警,焚烧炉出口氧含量偏高
2025-06-02 15:30:00,1,预警,焚烧炉出口氧含量偏高
2025-06-02 15:50:00,1,预警,焚烧炉出口氧含量偏高
2025-06-02 16:00:00,1,预警,焚烧炉出口氧含量偏高
2025-06-02 16:02:00,1,预警,焚烧炉出口氧含量偏高
2025-06-02 16:04:00,1,预警,焚烧炉出口氧含量偏高
2025-06-02 16:06:00,1,预警,焚烧炉出口氧含量偏高
2025-06-02 16:08:00,1,预警,焚烧炉出口氧含量偏高
2025-06-02 16:10:00,1,预警,焚烧炉出口氧含量偏高
2025-06-02 16:12:00,1,预警,焚烧炉出口氧含量偏高
2025-06-02 16:14:00,1,预警,焚烧炉出口氧含量偏高
2025-06-02 16:16:00,1,预警,焚烧炉出口氧含量偏高
2025-06-02 16:18:00,1,预警,焚烧炉出口氧含量偏高
2025-06-02 16:20:00,1,预警,焚烧炉出口氧含量偏高
2025-06-02 16:22:00,1,预警,焚烧炉出口氧含量偏高
2025-06-02 16:24:00,1,预警,焚烧炉出口氧含量偏高
2025-06-02 16:32:00,1,预警,焚烧炉出口氧含量偏高
2025-06-02 16:34:00,1,预警,焚烧炉出口氧含量偏高
2025-06-02 16:36:00,1,预警,焚烧炉出口氧含量偏高
2025-06-02 16:38:00,1,预警,焚烧炉出口氧含量偏高
2025-06-02 16:40:00,1,预警,焚烧炉出口氧含量偏高
2025-06-02 16:42:00,1,预警,焚烧炉出口氧含量偏高
2025-06-02 16:44:00,1,预警,焚烧炉出口氧含量偏高
2025-06-02 16:46:00,1,预警,焚烧炉出口氧含量偏高
2025-06-02 16:48:00,1,预警,焚烧炉出口氧含量偏高
2025-06-02 16:50:00,1,预警,焚烧炉出口氧含量偏高
2025-06-02 16:52:00,1,预警,焚烧炉出口氧含量偏高
2025-06-02 16:54:00,1,预警,焚烧炉出口氧含量偏高
2025-06-02 16:56:00,1,预警,焚烧炉出口氧含量偏高
2025-06-02 17:02:00,1,预警,焚烧炉出口氧含量偏高
2025-06-02 17:04:00,1,预警,焚烧炉出口氧含量偏高
2025-06-02 17:06:00,1,预警,焚烧炉出口氧含量偏高
2025-06-02 17:08:00,1,预警,焚烧炉出口氧含量偏高
2025-06-02 17:10:00,1,预警,焚烧炉出口氧含量偏高
2025-06-02 17:12:00,1,预警,焚烧炉出口氧含量偏高
2025-06-02 17:14:00,1,预警,焚烧炉出口氧含量偏高
2025-06-02 18:36:00,1,预警,焚烧炉出口氧含量偏高
2025-06-02 18:38:00,1,预警,焚烧炉出口氧含量偏高
2025-06-02 18:50:00,1,预警,焚烧炉出口氧含量偏高
2025-06-02 18:52:00,1,预警,焚烧炉出口氧含量偏高
2025-06-02 18:56:00,1,预警,焚烧炉出口氧含量偏高
2025-06-02 18:58:00,1,预警,焚烧炉出口氧含量偏高
2025-06-02 19:06:00,1,预警,焚烧炉出口氧含量偏高
2025-06-02 19:10:00,1,预警,焚烧炉出口氧含量偏高
2025-06-02 19:12:00,1,预警,焚烧炉出口氧含量偏高
2025-06-02 19:14:00,1,预警,焚烧炉出口氧含量偏高
2025-06-02 19:16:00,1,预警,焚烧炉出口氧含量偏高
2025-06-02 19:18:00,1,预警,焚烧炉出口氧含量偏高
2025-06-02 19:20:00,1,预警,焚烧炉出口氧含量偏高
2025-06-02 19:22:00,1,预警,焚烧炉出口氧含量偏高
2025-06-02 19:26:00,1,预警,焚烧炉出口氧含量偏高
2025-06-02 19:30:00,1,预警,焚烧炉出口氧含量偏高
2025-06-02 19:32:00,1,预警,焚烧炉出口氧含量偏高
2025-06-02 19:34:00,1,预警,焚烧炉出口氧含量偏高
2025-06-02 19:36:00,1,预警,焚烧炉出口氧含量偏高
2025-06-02 19:38:00,1,预警,焚烧炉出口氧含量偏高
2025-06-02 19:42:00,1,预警,焚烧炉出口氧含量偏高
2025-06-02 19:44:00,1,预警,焚烧炉出口氧含量偏高
2025-06-02 19:46:00,1,预警,焚烧炉出口氧含量偏高
2025-06-02 19:48:00,1,预警,焚烧炉出口氧含量偏高
2025-06-02 19:50:00,1,预警,焚烧炉出口氧含量偏高
2025-06-02 19:52:00,1,预警,焚烧炉出口氧含量偏高
2025-06-02 19:54:00,1,预警,焚烧炉出口氧含量偏高
2025-06-02 19:56:00,1,预警,焚烧炉出口氧含量偏高
2025-06-02 19:58:00,1,预警,焚烧炉出口氧含量偏高
2025-06-02 20:00:00,1,预警,焚烧炉出口氧含量偏高
2025-06-02 20:02:00,1,预警,焚烧炉出口氧含量偏高
2025-06-02 20:04:00,1,预警,焚烧炉出口氧含量偏高
2025-06-02 20:06:00,1,预警,焚烧炉出口氧含量偏高
2025-06-02 20:08:00,1,预警,焚烧炉出口氧含量偏高
2025-06-02 20:10:00,1,预警,焚烧炉出口氧含量偏高
2025-06-02 20:12:00,1,预警,焚烧炉出口氧含量偏高
2025-06-02 20:14:00,1,预警,焚烧炉出口氧含量偏高
2025-06-02 20:16:00,1,预警,焚烧炉出口氧含量偏高
2025-06-02 20:18:00,1,预警,焚烧炉出口氧含量偏高
2025-06-02 20:20:00,1,预警,焚烧炉出口氧含量偏高
2025-06-02 20:22:00,1,预警,焚烧炉出口氧含量偏高
2025-06-02 20:24:00,1,预警,焚烧炉出口氧含量偏高
2025-06-02 20:26:00,1,预警,焚烧炉出口氧含量偏高
2025-06-02 20:28:00,1,预警,焚烧炉出口氧含量偏高
2025-06-02 20:30:00,1,预警,焚烧炉出口氧含量偏高
2025-06-02 20:32:00,1,预警,焚烧炉出口氧含量偏高
2025-06-02 20:34:00,1,预警,焚烧炉出口氧含量偏高
2025-06-02 20:36:00,1,预警,焚烧炉出口氧含量偏高
2025-06-02 20:44:00,1,预警,焚烧炉出口氧含量偏高
2025-06-02 20:46:00,1,预警,焚烧炉出口氧含量偏高
2025-06-02 20:48:00,1,预警,焚烧炉出口氧含量偏高
2025-06-02 20:50:00,1,预警,焚烧炉出口氧含量偏高
2025-06-02 20:52:00,1,预警,焚烧炉出口氧含量偏高
2025-06-02 21:02:00,1,预警,焚烧炉出口氧含量偏高
2025-06-02 21:04:00,1,预警,焚烧炉出口氧含量偏高
2025-06-02 21:06:00,1,预警,焚烧炉出口氧含量偏高
2025-06-02 21:08:00,1,预警,焚烧炉出口氧含量偏高
2025-06-02 21:10:00,1,预警,焚烧炉出口氧含量偏高
2025-06-02 21:12:00,1,预警,焚烧炉出口氧含量偏高
2025-06-02 21:34:00,1,预警,焚烧炉出口氧含量偏高
2025-06-02 21:36:00,1,预警,焚烧炉出口氧含量偏高
2025-06-02 21:38:00,1,预警,焚烧炉出口氧含量偏高
2025-06-02 21:40:00,1,预警,焚烧炉出口氧含量偏高
2025-06-02 21:46:00,1,预警,焚烧炉出口氧含量偏高
2025-06-02 21:48:00,1,预警,焚烧炉出口氧含量偏高
2025-06-02 21:50:00,1,预警,焚烧炉出口氧含量偏高
2025-06-02 21:52:00,1,预警,焚烧炉出口氧含量偏高
2025-06-02 21:54:00,1,预警,焚烧炉出口氧含量偏高
2025-06-02 21:56:00,1,预警,焚烧炉出口氧含量偏高
2025-06-02 22:12:00,1,预警,焚烧炉出口氧含量偏高
2025-06-02 22:14:00,1,预警,焚烧炉出口氧含量偏高
2025-06-02 22:16:00,1,预警,焚烧炉出口氧含量偏高
2025-06-02 22:18:00,1,预警,焚烧炉出口氧含量偏高
2025-06-02 22:20:00,1,预警,焚烧炉出口氧含量偏高
2025-06-02 22:22:00,1,预警,焚烧炉出口氧含量偏高
2025-06-02 22:24:00,1,预警,焚烧炉出口氧含量偏高
2025-06-02 22:28:00,1,预警,焚烧炉出口氧含量偏高
2025-06-02 22:30:00,1,预警,焚烧炉出口氧含量偏高
2025-06-02 22:32:00,1,预警,焚烧炉出口氧含量偏高
2025-06-02 22:34:00,1,预警,焚烧炉出口氧含量偏高
2025-06-02 22:40:00,1,预警,焚烧炉出口氧含量偏高
2025-06-02 22:42:00,1,预警,焚烧炉出口氧含量偏高
2025-06-02 22:44:00,1,预警,焚烧炉出口氧含量偏高
2025-06-02 22:46:00,1,预警,焚烧炉出口氧含量偏高
2025-06-02 22:48:00,1,预警,焚烧炉出口氧含量偏高
2025-06-02 23:10:00,1,预警,焚烧炉出口氧含量偏高
2025-06-02 23:12:00,1,预警,焚烧炉出口氧含量偏高
2025-06-02 23:14:00,1,预警,焚烧炉出口氧含量偏高
2025-06-02 23:16:00,1,预警,焚烧炉出口氧含量偏高
2025-06-02 23:18:00,1,预警,焚烧炉出口氧含量偏高
2025-06-02 23:22:00,1,预警,焚烧炉出口氧含量偏高
2025-06-02 23:24:00,1,预警,焚烧炉出口氧含量偏高
2025-06-02 23:26:00,1,预警,焚烧炉出口氧含量偏高
2025-06-02 23:28:00,1,预警,焚烧炉出口氧含量偏高
2025-06-02 23:30:00,1,预警,焚烧炉出口氧含量偏高
2025-06-02 23:32:00,1,预警,焚烧炉出口氧含量偏高
2025-06-02 23:34:00,1,预警,焚烧炉出口氧含量偏高
2025-06-02 23:36:00,1,预警,焚烧炉出口氧含量偏高
2025-06-02 23:38:00,1,预警,焚烧炉出口氧含量偏高
2025-06-02 23:40:00,1,预警,焚烧炉出口氧含量偏高
2025-06-02 23:42:00,1,预警,焚烧炉出口氧含量偏高
2025-06-02 23:44:00,1,预警,焚烧炉出口氧含量偏高
2025-06-02 23:46:00,1,预警,焚烧炉出口氧含量偏高
2025-06-02 23:48:00,1,预警,焚烧炉出口氧含量偏高
2025-06-02 23:50:00,1,预警,焚烧炉出口氧含量偏高
2025-06-02 23:52:00,1,预警,焚烧炉出口氧含量偏高
2025-06-02 23:54:00,1,预警,焚烧炉出口氧含量偏高
2025-06-02 23:56:00,1,预警,焚烧炉出口氧含量偏高
2025-06-02 23:58:00,1,预警,焚烧炉出口氧含量偏高
