﻿时间,炉号,预警/报警类型,预警/报警事件
2025-06-30 00:00:00,1,预警,焚烧炉出口氧含量偏高
2025-06-30 00:04:00,1,预警,焚烧炉出口氧含量偏高
2025-06-30 00:10:00,1,预警,焚烧炉出口氧含量偏高
2025-06-30 00:18:00,1,预警,焚烧炉出口氧含量偏高
2025-06-30 00:20:00,1,预警,焚烧炉出口氧含量偏高
2025-06-30 00:22:00,1,预警,焚烧炉出口氧含量偏高
2025-06-30 00:34:00,1,预警,焚烧炉出口氧含量偏高
2025-06-30 00:36:00,1,预警,焚烧炉出口氧含量偏高
2025-06-30 00:38:00,1,预警,焚烧炉出口氧含量偏高
2025-06-30 00:40:00,1,预警,焚烧炉出口氧含量偏高
2025-06-30 00:42:00,1,预警,焚烧炉出口氧含量偏高
2025-06-30 00:44:00,1,预警,焚烧炉出口氧含量偏高
2025-06-30 00:46:00,1,预警,焚烧炉出口氧含量偏高
2025-06-30 00:48:00,1,预警,焚烧炉出口氧含量偏高
2025-06-30 00:50:00,1,预警,焚烧炉出口氧含量偏高
2025-06-30 01:06:00,1,预警,焚烧炉出口氧含量偏高
2025-06-30 01:08:00,1,预警,焚烧炉出口氧含量偏高
2025-06-30 01:10:00,1,预警,焚烧炉出口氧含量偏高
2025-06-30 02:24:00,1,预警,焚烧炉出口氧含量偏高
2025-06-30 02:30:00,1,预警,焚烧炉出口氧含量偏高
2025-06-30 02:32:00,1,预警,焚烧炉出口氧含量偏高
2025-06-30 02:34:00,1,预警,焚烧炉出口氧含量偏高
2025-06-30 02:38:00,1,预警,焚烧炉出口氧含量偏高
2025-06-30 02:40:00,1,预警,焚烧炉出口氧含量偏高
2025-06-30 02:46:00,1,预警,焚烧炉出口氧含量偏高
2025-06-30 02:48:00,1,预警,焚烧炉出口氧含量偏高
2025-06-30 02:50:00,1,预警,焚烧炉出口氧含量偏高
2025-06-30 02:52:00,1,预警,焚烧炉出口氧含量偏高
2025-06-30 02:56:00,1,预警,焚烧炉出口氧含量偏高
2025-06-30 02:58:00,1,预警,焚烧炉出口氧含量偏高
2025-06-30 03:00:00,1,预警,焚烧炉出口氧含量偏高
2025-06-30 03:02:00,1,预警,焚烧炉出口氧含量偏高
2025-06-30 03:04:00,1,预警,焚烧炉出口氧含量偏高
2025-06-30 03:06:00,1,预警,焚烧炉出口氧含量偏高
2025-06-30 03:08:00,1,预警,焚烧炉出口氧含量偏高
2025-06-30 03:10:00,1,预警,焚烧炉出口氧含量偏高
2025-06-30 03:12:00,1,预警,焚烧炉出口氧含量偏高
2025-06-30 03:14:00,1,预警,焚烧炉出口氧含量偏高
2025-06-30 03:16:00,1,预警,焚烧炉出口氧含量偏高
2025-06-30 03:18:00,1,预警,焚烧炉出口氧含量偏高
2025-06-30 03:20:00,1,预警,焚烧炉出口氧含量偏高
2025-06-30 03:22:00,1,预警,焚烧炉出口氧含量偏高
2025-06-30 03:24:00,1,预警,焚烧炉出口氧含量偏高
2025-06-30 03:26:00,1,预警,焚烧炉出口氧含量偏高
2025-06-30 03:28:00,1,预警,焚烧炉出口氧含量偏高
2025-06-30 03:30:00,1,预警,焚烧炉出口氧含量偏高
2025-06-30 03:32:00,1,预警,焚烧炉出口氧含量偏高
2025-06-30 03:34:00,1,预警,焚烧炉出口氧含量偏高
2025-06-30 03:36:00,1,预警,焚烧炉出口氧含量偏高
2025-06-30 03:38:00,1,预警,焚烧炉出口氧含量偏高
2025-06-30 03:40:00,1,预警,焚烧炉出口氧含量偏高
2025-06-30 03:42:00,1,预警,焚烧炉出口氧含量偏高
2025-06-30 03:44:00,1,预警,焚烧炉出口氧含量偏高
2025-06-30 03:46:00,1,预警,焚烧炉出口氧含量偏高
2025-06-30 03:48:00,1,预警,焚烧炉出口氧含量偏高
2025-06-30 03:50:00,1,预警,焚烧炉出口氧含量偏高
2025-06-30 03:52:00,1,预警,焚烧炉出口氧含量偏高
2025-06-30 03:54:00,1,预警,焚烧炉出口氧含量偏高
2025-06-30 03:56:00,1,预警,焚烧炉出口氧含量偏高
2025-06-30 03:58:00,1,预警,焚烧炉出口氧含量偏高
2025-06-30 04:00:00,1,预警,焚烧炉出口氧含量偏高
2025-06-30 04:02:00,1,预警,焚烧炉出口氧含量偏高
2025-06-30 04:04:00,1,预警,焚烧炉出口氧含量偏高
2025-06-30 04:06:00,1,预警,焚烧炉出口氧含量偏高
2025-06-30 04:08:00,1,预警,焚烧炉出口氧含量偏高
2025-06-30 04:10:00,1,预警,焚烧炉出口氧含量偏高
2025-06-30 04:12:00,1,预警,焚烧炉出口氧含量偏高
2025-06-30 04:14:00,1,预警,焚烧炉出口氧含量偏高
2025-06-30 04:16:00,1,预警,焚烧炉出口氧含量偏高
2025-06-30 04:18:00,1,预警,焚烧炉出口氧含量偏高
2025-06-30 04:20:00,1,预警,焚烧炉出口氧含量偏高
2025-06-30 04:22:00,1,预警,焚烧炉出口氧含量偏高
2025-06-30 04:24:00,1,预警,焚烧炉出口氧含量偏高
2025-06-30 04:26:00,1,预警,焚烧炉出口氧含量偏高
2025-06-30 04:28:00,1,预警,焚烧炉出口氧含量偏高
2025-06-30 04:30:00,1,预警,焚烧炉出口氧含量偏高
2025-06-30 04:32:00,1,预警,焚烧炉出口氧含量偏高
2025-06-30 04:34:00,1,预警,焚烧炉出口氧含量偏高
2025-06-30 04:36:00,1,预警,焚烧炉出口氧含量偏高
2025-06-30 04:38:00,1,预警,焚烧炉出口氧含量偏高
2025-06-30 04:40:00,1,预警,焚烧炉出口氧含量偏高
2025-06-30 04:42:00,1,预警,焚烧炉出口氧含量偏高
2025-06-30 04:44:00,1,预警,焚烧炉出口氧含量偏高
2025-06-30 04:46:00,1,预警,焚烧炉出口氧含量偏高
2025-06-30 04:48:00,1,预警,焚烧炉出口氧含量偏高
2025-06-30 04:50:00,1,预警,焚烧炉出口氧含量偏高
2025-06-30 04:52:00,1,预警,焚烧炉出口氧含量偏高
2025-06-30 04:54:00,1,预警,焚烧炉出口氧含量偏高
2025-06-30 04:56:00,1,预警,焚烧炉出口氧含量偏高
2025-06-30 04:58:00,1,预警,焚烧炉出口氧含量偏高
2025-06-30 05:00:00,1,预警,焚烧炉出口氧含量偏高
2025-06-30 05:02:00,1,预警,焚烧炉出口氧含量偏高
2025-06-30 05:06:00,1,预警,焚烧炉出口氧含量偏高
2025-06-30 05:14:00,1,预警,焚烧炉出口氧含量偏高
2025-06-30 05:16:00,1,预警,焚烧炉出口氧含量偏高
2025-06-30 05:18:00,1,预警,焚烧炉出口氧含量偏高
2025-06-30 05:20:00,1,预警,焚烧炉出口氧含量偏高
2025-06-30 05:22:00,1,预警,焚烧炉出口氧含量偏高
2025-06-30 05:26:00,1,预警,焚烧炉出口氧含量偏高
2025-06-30 05:28:00,1,预警,焚烧炉出口氧含量偏高
2025-06-30 05:30:00,1,预警,焚烧炉出口氧含量偏高
2025-06-30 05:32:00,1,预警,焚烧炉出口氧含量偏高
2025-06-30 05:34:00,1,预警,焚烧炉出口氧含量偏高
2025-06-30 05:36:00,1,预警,焚烧炉出口氧含量偏高
2025-06-30 05:38:00,1,预警,焚烧炉出口氧含量偏高
2025-06-30 05:40:00,1,预警,焚烧炉出口氧含量偏高
2025-06-30 05:42:00,1,预警,焚烧炉出口氧含量偏高
2025-06-30 05:44:00,1,预警,焚烧炉出口氧含量偏高
2025-06-30 05:46:00,1,预警,焚烧炉出口氧含量偏高
2025-06-30 05:48:00,1,预警,焚烧炉出口氧含量偏高
2025-06-30 05:50:00,1,预警,焚烧炉出口氧含量偏高
2025-06-30 05:52:00,1,预警,焚烧炉出口氧含量偏高
2025-06-30 05:54:00,1,预警,焚烧炉出口氧含量偏高
2025-06-30 05:56:00,1,预警,焚烧炉出口氧含量偏高
2025-06-30 05:58:00,1,预警,焚烧炉出口氧含量偏高
2025-06-30 06:00:00,1,预警,焚烧炉出口氧含量偏高
2025-06-30 06:02:00,1,预警,焚烧炉出口氧含量偏高
2025-06-30 06:04:00,1,预警,焚烧炉出口氧含量偏高
2025-06-30 06:06:00,1,预警,焚烧炉出口氧含量偏高
2025-06-30 06:08:00,1,预警,焚烧炉出口氧含量偏高
2025-06-30 06:10:00,1,预警,焚烧炉出口氧含量偏高
2025-06-30 06:12:00,1,预警,焚烧炉出口氧含量偏高
2025-06-30 06:14:00,1,预警,焚烧炉出口氧含量偏高
2025-06-30 06:16:00,1,预警,焚烧炉出口氧含量偏高
2025-06-30 06:18:00,1,预警,焚烧炉出口氧含量偏高
2025-06-30 06:20:00,1,预警,焚烧炉出口氧含量偏高
2025-06-30 06:22:00,1,预警,焚烧炉出口氧含量偏高
2025-06-30 06:24:00,1,预警,焚烧炉出口氧含量偏高
2025-06-30 06:26:00,1,预警,焚烧炉出口氧含量偏高
2025-06-30 06:28:00,1,预警,焚烧炉出口氧含量偏高
2025-06-30 06:30:00,1,预警,焚烧炉出口氧含量偏高
2025-06-30 06:32:00,1,预警,焚烧炉出口氧含量偏高
2025-06-30 06:34:00,1,预警,焚烧炉出口氧含量偏高
2025-06-30 06:36:00,1,预警,焚烧炉出口氧含量偏高
2025-06-30 06:38:00,1,预警,焚烧炉出口氧含量偏高
2025-06-30 06:40:00,1,预警,焚烧炉出口氧含量偏高
2025-06-30 06:42:00,1,预警,焚烧炉出口氧含量偏高
2025-06-30 06:44:00,1,预警,焚烧炉出口氧含量偏高
2025-06-30 06:46:00,1,预警,焚烧炉出口氧含量偏高
2025-06-30 06:48:00,1,预警,焚烧炉出口氧含量偏高
2025-06-30 06:50:00,1,预警,焚烧炉出口氧含量偏高
2025-06-30 06:52:00,1,预警,焚烧炉出口氧含量偏高
2025-06-30 06:54:00,1,预警,焚烧炉出口氧含量偏高
2025-06-30 06:56:00,1,预警,焚烧炉出口氧含量偏高
2025-06-30 06:58:00,1,预警,焚烧炉出口氧含量偏高
2025-06-30 07:00:00,1,预警,焚烧炉出口氧含量偏高
2025-06-30 07:02:00,1,预警,焚烧炉出口氧含量偏高
2025-06-30 07:04:00,1,预警,焚烧炉出口氧含量偏高
2025-06-30 07:06:00,1,预警,焚烧炉出口氧含量偏高
2025-06-30 07:08:00,1,预警,焚烧炉出口氧含量偏高
2025-06-30 07:10:00,1,预警,焚烧炉出口氧含量偏高
2025-06-30 07:12:00,1,预警,焚烧炉出口氧含量偏高
2025-06-30 07:14:00,1,预警,焚烧炉出口氧含量偏高
2025-06-30 07:16:00,1,预警,焚烧炉出口氧含量偏高
2025-06-30 07:18:00,1,预警,焚烧炉出口氧含量偏高
2025-06-30 07:20:00,1,预警,焚烧炉出口氧含量偏高
2025-06-30 07:22:00,1,预警,焚烧炉出口氧含量偏高
2025-06-30 07:24:00,1,预警,焚烧炉出口氧含量偏高
2025-06-30 07:26:00,1,预警,焚烧炉出口氧含量偏高
2025-06-30 07:28:00,1,预警,焚烧炉出口氧含量偏高
2025-06-30 07:30:00,1,预警,焚烧炉出口氧含量偏高
2025-06-30 07:32:00,1,预警,焚烧炉出口氧含量偏高
2025-06-30 07:34:00,1,预警,焚烧炉出口氧含量偏高
2025-06-30 07:36:00,1,预警,焚烧炉出口氧含量偏高
2025-06-30 07:38:00,1,预警,焚烧炉出口氧含量偏高
2025-06-30 07:40:00,1,预警,焚烧炉出口氧含量偏高
2025-06-30 07:42:00,1,预警,焚烧炉出口氧含量偏高
2025-06-30 07:44:00,1,预警,焚烧炉出口氧含量偏高
2025-06-30 07:46:00,1,预警,焚烧炉出口氧含量偏高
2025-06-30 07:48:00,1,预警,焚烧炉出口氧含量偏高
2025-06-30 07:50:00,1,预警,焚烧炉出口氧含量偏高
2025-06-30 07:52:00,1,预警,焚烧炉出口氧含量偏高
2025-06-30 07:54:00,1,预警,焚烧炉出口氧含量偏高
2025-06-30 07:56:00,1,预警,焚烧炉出口氧含量偏高
2025-06-30 07:58:00,1,预警,焚烧炉出口氧含量偏高
2025-06-30 08:00:00,1,预警,焚烧炉出口氧含量偏高
2025-06-30 08:12:00,1,预警,焚烧炉出口氧含量偏高
2025-06-30 08:16:00,1,预警,焚烧炉出口氧含量偏高
2025-06-30 08:18:00,1,预警,焚烧炉出口氧含量偏高
2025-06-30 08:20:00,1,预警,焚烧炉出口氧含量偏高
2025-06-30 08:22:00,1,预警,焚烧炉出口氧含量偏高
2025-06-30 08:24:00,1,预警,焚烧炉出口氧含量偏高
2025-06-30 08:26:00,1,预警,焚烧炉出口氧含量偏高
2025-06-30 08:28:00,1,预警,焚烧炉出口氧含量偏高
2025-06-30 08:30:00,1,预警,焚烧炉出口氧含量偏高
2025-06-30 08:32:00,1,预警,焚烧炉出口氧含量偏高
2025-06-30 08:34:00,1,预警,焚烧炉出口氧含量偏高
2025-06-30 08:36:00,1,预警,焚烧炉出口氧含量偏高
2025-06-30 08:38:00,1,预警,焚烧炉出口氧含量偏高
2025-06-30 08:40:00,1,预警,焚烧炉出口氧含量偏高
2025-06-30 08:42:00,1,预警,焚烧炉出口氧含量偏高
2025-06-30 08:44:00,1,预警,焚烧炉出口氧含量偏高
2025-06-30 08:46:00,1,预警,焚烧炉出口氧含量偏高
2025-06-30 08:48:00,1,预警,焚烧炉出口氧含量偏高
2025-06-30 08:50:00,1,预警,焚烧炉出口氧含量偏高
2025-06-30 08:52:00,1,预警,焚烧炉出口氧含量偏高
2025-06-30 08:54:00,1,预警,焚烧炉出口氧含量偏高
2025-06-30 08:58:00,1,预警,焚烧炉出口氧含量偏高
2025-06-30 09:00:01,1,预警,焚烧炉出口氧含量偏高
2025-06-30 09:02:00,1,预警,焚烧炉出口氧含量偏高
2025-06-30 09:38:00,1,预警,布袋除尘器压力损失偏低
2025-06-30 09:40:00,1,预警,布袋除尘器压力损失偏低
2025-06-30 09:42:00,1,预警,布袋除尘器压力损失偏低
2025-06-30 09:44:00,1,预警,布袋除尘器压力损失偏低
2025-06-30 09:46:00,1,预警,布袋除尘器压力损失偏低
2025-06-30 09:48:00,1,预警,布袋除尘器压力损失偏低
2025-06-30 09:50:00,1,预警,布袋除尘器压力损失偏低
2025-06-30 09:54:00,1,预警,布袋除尘器压力损失偏低
2025-06-30 09:58:00,1,预警,布袋除尘器压力损失偏低
2025-06-30 10:00:00,1,预警,布袋除尘器压力损失偏低
2025-06-30 10:04:00,1,预警,布袋除尘器压力损失偏低
2025-06-30 10:14:00,1,预警,焚烧炉出口氧含量偏高
2025-06-30 10:16:00,1,预警,焚烧炉出口氧含量偏高
2025-06-30 10:18:00,1,预警,焚烧炉出口氧含量偏高
2025-06-30 10:20:00,1,预警,焚烧炉出口氧含量偏高
2025-06-30 10:22:00,1,预警,焚烧炉出口氧含量偏高
2025-06-30 10:24:00,1,预警,焚烧炉出口氧含量偏高
2025-06-30 10:26:00,1,预警,焚烧炉出口氧含量偏高
2025-06-30 10:28:00,1,预警,焚烧炉出口氧含量偏高
2025-06-30 10:30:00,1,预警,焚烧炉出口氧含量偏高
2025-06-30 10:32:00,1,预警,焚烧炉出口氧含量偏高
2025-06-30 10:34:00,1,预警,焚烧炉出口氧含量偏高
2025-06-30 10:36:00,1,预警,焚烧炉出口氧含量偏高
2025-06-30 10:38:00,1,预警,焚烧炉出口氧含量偏高
2025-06-30 10:40:00,1,预警,焚烧炉出口氧含量偏高
2025-06-30 10:42:00,1,预警,焚烧炉出口氧含量偏高
2025-06-30 10:44:00,1,预警,焚烧炉出口氧含量偏高
2025-06-30 10:46:00,1,预警,焚烧炉出口氧含量偏高
2025-06-30 10:48:00,1,预警,焚烧炉出口氧含量偏高
2025-06-30 10:50:00,1,预警,焚烧炉出口氧含量偏高
2025-06-30 10:58:00,1,预警,焚烧炉出口氧含量偏高
2025-06-30 11:20:00,1,预警,焚烧炉出口氧含量偏高
2025-06-30 11:52:00,1,预警,焚烧炉出口氧含量偏高
2025-06-30 11:54:00,1,预警,焚烧炉出口氧含量偏高
2025-06-30 11:56:00,1,预警,焚烧炉出口氧含量偏高
2025-06-30 11:58:00,1,预警,焚烧炉出口氧含量偏高
2025-06-30 12:00:00,1,预警,焚烧炉出口氧含量偏高
2025-06-30 12:02:00,1,预警,焚烧炉出口氧含量偏高
2025-06-30 12:04:00,1,预警,焚烧炉出口氧含量偏高
2025-06-30 12:06:00,1,预警,焚烧炉出口氧含量偏高
2025-06-30 12:08:00,1,预警,焚烧炉出口氧含量偏高
2025-06-30 12:10:00,1,预警,焚烧炉出口氧含量偏高
2025-06-30 12:12:00,1,预警,焚烧炉出口氧含量偏高
2025-06-30 12:14:00,1,预警,焚烧炉出口氧含量偏高
2025-06-30 12:16:00,1,预警,焚烧炉出口氧含量偏高
2025-06-30 12:18:00,1,预警,焚烧炉出口氧含量偏高
2025-06-30 12:20:00,1,预警,焚烧炉出口氧含量偏高
2025-06-30 12:22:00,1,预警,焚烧炉出口氧含量偏高
2025-06-30 12:24:00,1,预警,焚烧炉出口氧含量偏高
2025-06-30 12:26:00,1,预警,焚烧炉出口氧含量偏高
2025-06-30 12:28:00,1,预警,焚烧炉出口氧含量偏高
2025-06-30 12:30:00,1,预警,焚烧炉出口氧含量偏高
2025-06-30 12:32:00,1,预警,焚烧炉出口氧含量偏高
2025-06-30 12:34:00,1,预警,焚烧炉出口氧含量偏高
2025-06-30 12:36:00,1,预警,焚烧炉出口氧含量偏高
2025-06-30 12:38:00,1,预警,焚烧炉出口氧含量偏高
2025-06-30 12:40:00,1,预警,焚烧炉出口氧含量偏高
2025-06-30 12:42:00,1,预警,焚烧炉出口氧含量偏高
2025-06-30 12:44:00,1,预警,焚烧炉出口氧含量偏高
2025-06-30 12:46:00,1,预警,焚烧炉出口氧含量偏高
2025-06-30 12:48:00,1,预警,焚烧炉出口氧含量偏高
2025-06-30 12:50:00,1,预警,焚烧炉出口氧含量偏高
2025-06-30 12:52:00,1,预警,焚烧炉出口氧含量偏高
2025-06-30 12:54:00,1,预警,焚烧炉出口氧含量偏高
2025-06-30 12:56:00,1,预警,焚烧炉出口氧含量偏高
2025-06-30 12:58:00,1,预警,焚烧炉出口氧含量偏高
2025-06-30 13:00:00,1,预警,焚烧炉出口氧含量偏高
2025-06-30 13:02:00,1,预警,焚烧炉出口氧含量偏高
2025-06-30 13:04:00,1,预警,焚烧炉出口氧含量偏高
2025-06-30 13:06:00,1,预警,焚烧炉出口氧含量偏高
2025-06-30 13:08:00,1,预警,焚烧炉出口氧含量偏高
2025-06-30 13:10:00,1,预警,焚烧炉出口氧含量偏高
2025-06-30 13:12:00,1,预警,焚烧炉出口氧含量偏高
2025-06-30 13:14:00,1,预警,焚烧炉出口氧含量偏高
2025-06-30 13:16:00,1,预警,焚烧炉出口氧含量偏高
2025-06-30 13:18:00,1,预警,焚烧炉出口氧含量偏高
2025-06-30 13:20:00,1,预警,焚烧炉出口氧含量偏高
2025-06-30 13:22:00,1,预警,焚烧炉出口氧含量偏高
2025-06-30 13:24:00,1,预警,焚烧炉出口氧含量偏高
2025-06-30 13:28:00,1,预警,焚烧炉出口氧含量偏高
2025-06-30 13:30:00,1,预警,焚烧炉出口氧含量偏高
2025-06-30 13:32:00,1,预警,焚烧炉出口氧含量偏高
2025-06-30 13:34:00,1,预警,焚烧炉出口氧含量偏高
2025-06-30 13:36:00,1,预警,焚烧炉出口氧含量偏高
2025-06-30 13:38:00,1,预警,焚烧炉出口氧含量偏高
2025-06-30 13:40:00,1,预警,焚烧炉出口氧含量偏高
2025-06-30 13:42:00,1,预警,焚烧炉出口氧含量偏高
2025-06-30 13:44:00,1,预警,焚烧炉出口氧含量偏高
2025-06-30 13:46:00,1,预警,焚烧炉出口氧含量偏高
2025-06-30 13:48:00,1,预警,焚烧炉出口氧含量偏高
2025-06-30 13:50:00,1,预警,焚烧炉出口氧含量偏高
2025-06-30 13:52:00,1,预警,焚烧炉出口氧含量偏高
2025-06-30 13:54:00,1,预警,焚烧炉出口氧含量偏高
2025-06-30 13:56:00,1,预警,焚烧炉出口氧含量偏高
2025-06-30 14:20:00,1,预警,焚烧炉出口氧含量偏高
2025-06-30 14:22:00,1,预警,焚烧炉出口氧含量偏高
2025-06-30 14:24:00,1,预警,焚烧炉出口氧含量偏高
2025-06-30 14:26:00,1,预警,焚烧炉出口氧含量偏高
2025-06-30 14:28:00,1,预警,焚烧炉出口氧含量偏高
2025-06-30 14:30:00,1,预警,焚烧炉出口氧含量偏高
2025-06-30 14:32:00,1,预警,焚烧炉出口氧含量偏高
2025-06-30 14:34:00,1,预警,焚烧炉出口氧含量偏高
2025-06-30 14:36:00,1,预警,焚烧炉出口氧含量偏高
2025-06-30 14:38:00,1,预警,焚烧炉出口氧含量偏高
2025-06-30 14:40:00,1,预警,焚烧炉出口氧含量偏高
2025-06-30 14:42:00,1,预警,焚烧炉出口氧含量偏高
2025-06-30 14:44:00,1,预警,焚烧炉出口氧含量偏高
2025-06-30 14:46:00,1,预警,焚烧炉出口氧含量偏高
2025-06-30 14:48:00,1,预警,焚烧炉出口氧含量偏高
2025-06-30 14:50:00,1,预警,焚烧炉出口氧含量偏高
2025-06-30 14:52:00,1,预警,焚烧炉出口氧含量偏高
2025-06-30 14:54:00,1,预警,焚烧炉出口氧含量偏高
2025-06-30 14:56:00,1,预警,焚烧炉出口氧含量偏高
2025-06-30 14:58:00,1,预警,焚烧炉出口氧含量偏高
2025-06-30 15:00:00,1,预警,焚烧炉出口氧含量偏高
2025-06-30 15:02:00,1,预警,焚烧炉出口氧含量偏高
2025-06-30 15:04:00,1,预警,焚烧炉出口氧含量偏高
2025-06-30 15:06:00,1,预警,焚烧炉出口氧含量偏高
2025-06-30 15:08:00,1,预警,焚烧炉出口氧含量偏高
2025-06-30 15:10:00,1,预警,焚烧炉出口氧含量偏高
2025-06-30 15:12:00,1,预警,焚烧炉出口氧含量偏高
2025-06-30 15:16:00,1,预警,焚烧炉出口氧含量偏高
2025-06-30 15:18:00,1,预警,焚烧炉出口氧含量偏高
2025-06-30 15:20:00,1,预警,焚烧炉出口氧含量偏高
2025-06-30 15:22:00,1,预警,焚烧炉出口氧含量偏高
2025-06-30 15:24:00,1,预警,焚烧炉出口氧含量偏高
2025-06-30 15:26:00,1,预警,焚烧炉出口氧含量偏高
2025-06-30 15:28:00,1,预警,焚烧炉出口氧含量偏高
2025-06-30 16:34:00,1,预警,焚烧炉出口氧含量偏高
2025-06-30 16:36:00,1,预警,焚烧炉出口氧含量偏高
2025-06-30 16:44:00,1,预警,焚烧炉出口氧含量偏高
2025-06-30 16:46:00,1,预警,焚烧炉出口氧含量偏高
2025-06-30 16:48:00,1,预警,焚烧炉出口氧含量偏高
2025-06-30 16:50:00,1,预警,焚烧炉出口氧含量偏高
2025-06-30 16:56:00,1,预警,焚烧炉出口氧含量偏高
2025-06-30 17:00:00,1,预警,焚烧炉出口氧含量偏高
2025-06-30 17:02:00,1,预警,焚烧炉出口氧含量偏高
2025-06-30 17:04:00,1,预警,焚烧炉出口氧含量偏高
2025-06-30 17:06:00,1,预警,焚烧炉出口氧含量偏高
2025-06-30 17:08:00,1,预警,焚烧炉出口氧含量偏高
2025-06-30 17:10:00,1,预警,焚烧炉出口氧含量偏高
2025-06-30 17:12:00,1,预警,焚烧炉出口氧含量偏高
2025-06-30 17:44:00,1,预警,焚烧炉出口氧含量偏高
2025-06-30 18:14:00,1,预警,焚烧炉出口氧含量偏高
2025-06-30 18:16:00,1,预警,焚烧炉出口氧含量偏高
2025-06-30 18:18:00,1,预警,焚烧炉出口氧含量偏高
2025-06-30 18:20:00,1,预警,焚烧炉出口氧含量偏高
2025-06-30 18:50:00,1,预警,焚烧炉出口氧含量偏高
2025-06-30 18:52:00,1,预警,焚烧炉出口氧含量偏高
2025-06-30 18:54:00,1,预警,焚烧炉出口氧含量偏高
2025-06-30 18:56:00,1,预警,焚烧炉出口氧含量偏高
2025-06-30 19:10:00,1,预警,焚烧炉出口氧含量偏高
2025-06-30 19:32:00,1,预警,焚烧炉出口氧含量偏高
2025-06-30 19:34:00,1,预警,焚烧炉出口氧含量偏高
2025-06-30 19:36:00,1,预警,焚烧炉出口氧含量偏高
2025-06-30 20:22:00,1,预警,焚烧炉出口氧含量偏高
2025-06-30 20:24:00,1,预警,焚烧炉出口氧含量偏高
2025-06-30 20:26:00,1,预警,焚烧炉出口氧含量偏高
2025-06-30 20:28:00,1,预警,焚烧炉出口氧含量偏高
2025-06-30 20:32:00,1,预警,焚烧炉出口氧含量偏高
2025-06-30 20:34:00,1,预警,焚烧炉出口氧含量偏高
2025-06-30 20:36:00,1,预警,焚烧炉出口氧含量偏高
2025-06-30 20:38:00,1,预警,焚烧炉出口氧含量偏高
2025-06-30 20:40:00,1,预警,焚烧炉出口氧含量偏高
2025-06-30 20:44:00,1,预警,焚烧炉出口氧含量偏高
2025-06-30 20:46:00,1,预警,焚烧炉出口氧含量偏高
2025-06-30 20:48:00,1,预警,焚烧炉出口氧含量偏高
2025-06-30 20:54:00,1,预警,焚烧炉出口氧含量偏高
2025-06-30 20:56:00,1,预警,焚烧炉出口氧含量偏高
2025-06-30 20:58:00,1,预警,焚烧炉出口氧含量偏高
2025-06-30 21:00:00,1,预警,焚烧炉出口氧含量偏高
2025-06-30 21:02:00,1,预警,焚烧炉出口氧含量偏高
2025-06-30 21:14:00,1,预警,焚烧炉出口氧含量偏高
2025-06-30 21:16:00,1,预警,焚烧炉出口氧含量偏高
2025-06-30 21:18:00,1,预警,焚烧炉出口氧含量偏高
2025-06-30 21:36:00,1,预警,焚烧炉出口氧含量偏高
