﻿时间,炉号,预警/报警类型,预警/报警事件
2025-06-03 00:00:00,1,预警,焚烧炉出口氧含量偏高
2025-06-03 00:02:00,1,预警,焚烧炉出口氧含量偏高
2025-06-03 00:04:00,1,预警,焚烧炉出口氧含量偏高
2025-06-03 00:06:00,1,预警,焚烧炉出口氧含量偏高
2025-06-03 00:08:00,1,预警,焚烧炉出口氧含量偏高
2025-06-03 00:10:00,1,预警,焚烧炉出口氧含量偏高
2025-06-03 00:12:00,1,预警,焚烧炉出口氧含量偏高
2025-06-03 00:14:00,1,预警,焚烧炉出口氧含量偏高
2025-06-03 00:16:00,1,预警,焚烧炉出口氧含量偏高
2025-06-03 00:18:00,1,预警,焚烧炉出口氧含量偏高
2025-06-03 00:20:00,1,预警,焚烧炉出口氧含量偏高
2025-06-03 00:22:00,1,预警,焚烧炉出口氧含量偏高
2025-06-03 00:24:00,1,预警,焚烧炉出口氧含量偏高
2025-06-03 00:32:00,1,预警,焚烧炉出口氧含量偏高
2025-06-03 00:34:00,1,预警,焚烧炉出口氧含量偏高
2025-06-03 00:36:00,1,预警,焚烧炉出口氧含量偏高
2025-06-03 00:38:00,1,预警,焚烧炉出口氧含量偏高
2025-06-03 00:40:00,1,预警,焚烧炉出口氧含量偏高
2025-06-03 00:42:00,1,预警,焚烧炉出口氧含量偏高
2025-06-03 00:44:00,1,预警,焚烧炉出口氧含量偏高
2025-06-03 00:46:00,1,预警,焚烧炉出口氧含量偏高
2025-06-03 00:48:00,1,预警,焚烧炉出口氧含量偏高
2025-06-03 00:50:00,1,预警,焚烧炉出口氧含量偏高
2025-06-03 00:52:00,1,预警,焚烧炉出口氧含量偏高
2025-06-03 00:54:00,1,预警,焚烧炉出口氧含量偏高
2025-06-03 00:56:00,1,预警,焚烧炉出口氧含量偏高
2025-06-03 00:58:00,1,预警,焚烧炉出口氧含量偏高
2025-06-03 01:04:00,1,预警,焚烧炉出口氧含量偏高
2025-06-03 01:06:00,1,预警,焚烧炉出口氧含量偏高
2025-06-03 01:30:00,1,预警,焚烧炉出口氧含量偏高
2025-06-03 01:34:00,1,预警,焚烧炉出口氧含量偏高
2025-06-03 01:36:00,1,预警,焚烧炉出口氧含量偏高
2025-06-03 01:38:00,1,预警,焚烧炉出口氧含量偏高
2025-06-03 01:42:00,1,预警,焚烧炉出口氧含量偏高
2025-06-03 01:50:00,1,预警,焚烧炉出口氧含量偏高
2025-06-03 02:16:00,1,预警,焚烧炉出口氧含量偏高
2025-06-03 02:20:00,1,预警,焚烧炉出口氧含量偏高
2025-06-03 02:24:00,1,预警,焚烧炉出口氧含量偏高
2025-06-03 02:26:00,1,预警,焚烧炉出口氧含量偏高
2025-06-03 02:28:00,1,预警,焚烧炉出口氧含量偏高
2025-06-03 02:36:00,1,预警,焚烧炉出口氧含量偏高
2025-06-03 02:42:00,1,预警,焚烧炉出口氧含量偏高
2025-06-03 02:44:00,1,预警,焚烧炉出口氧含量偏高
2025-06-03 02:46:00,1,预警,焚烧炉出口氧含量偏高
2025-06-03 02:48:00,1,预警,焚烧炉出口氧含量偏高
2025-06-03 02:50:00,1,预警,焚烧炉出口氧含量偏高
2025-06-03 02:52:00,1,预警,焚烧炉出口氧含量偏高
2025-06-03 02:54:00,1,预警,焚烧炉出口氧含量偏高
2025-06-03 02:56:00,1,预警,焚烧炉出口氧含量偏高
2025-06-03 02:58:00,1,预警,焚烧炉出口氧含量偏高
2025-06-03 03:00:00,1,预警,焚烧炉出口氧含量偏高
2025-06-03 03:02:00,1,预警,焚烧炉出口氧含量偏高
2025-06-03 03:04:00,1,预警,焚烧炉出口氧含量偏高
2025-06-03 03:06:00,1,预警,焚烧炉出口氧含量偏高
2025-06-03 03:08:00,1,预警,焚烧炉出口氧含量偏高
2025-06-03 03:10:00,1,预警,焚烧炉出口氧含量偏高
2025-06-03 03:12:00,1,预警,焚烧炉出口氧含量偏高
2025-06-03 03:14:00,1,预警,焚烧炉出口氧含量偏高
2025-06-03 03:16:00,1,预警,焚烧炉出口氧含量偏高
2025-06-03 03:18:00,1,预警,焚烧炉出口氧含量偏高
2025-06-03 03:20:00,1,预警,焚烧炉出口氧含量偏高
2025-06-03 03:22:00,1,预警,焚烧炉出口氧含量偏高
2025-06-03 03:24:00,1,预警,焚烧炉出口氧含量偏高
2025-06-03 03:26:00,1,预警,焚烧炉出口氧含量偏高
2025-06-03 03:56:00,1,预警,焚烧炉出口氧含量偏高
2025-06-03 04:40:00,1,预警,焚烧炉出口氧含量偏高
2025-06-03 04:48:01,1,预警,焚烧炉出口氧含量偏高
2025-06-03 04:52:00,1,预警,焚烧炉出口氧含量偏高
2025-06-03 04:54:00,1,预警,焚烧炉出口氧含量偏高
2025-06-03 05:00:00,1,预警,焚烧炉出口氧含量偏高
2025-06-03 05:02:00,1,预警,焚烧炉出口氧含量偏高
2025-06-03 05:04:00,1,预警,焚烧炉出口氧含量偏高
2025-06-03 05:06:00,1,预警,焚烧炉出口氧含量偏高
2025-06-03 05:08:00,1,预警,焚烧炉出口氧含量偏高
2025-06-03 05:10:00,1,预警,焚烧炉出口氧含量偏高
2025-06-03 05:12:00,1,预警,焚烧炉出口氧含量偏高
2025-06-03 05:14:00,1,预警,焚烧炉出口氧含量偏高
2025-06-03 05:16:00,1,预警,焚烧炉出口氧含量偏高
2025-06-03 05:18:00,1,预警,焚烧炉出口氧含量偏高
2025-06-03 05:22:00,1,预警,焚烧炉出口氧含量偏高
2025-06-03 05:24:00,1,预警,焚烧炉出口氧含量偏高
2025-06-03 05:26:00,1,预警,焚烧炉出口氧含量偏高
2025-06-03 05:28:00,1,预警,焚烧炉出口氧含量偏高
2025-06-03 05:54:00,1,预警,焚烧炉出口氧含量偏高
2025-06-03 06:24:00,1,预警,焚烧炉出口氧含量偏高
2025-06-03 06:26:00,1,预警,焚烧炉出口氧含量偏高
2025-06-03 06:28:00,1,预警,焚烧炉出口氧含量偏高
2025-06-03 06:30:00,1,预警,焚烧炉出口氧含量偏高
2025-06-03 06:32:00,1,预警,焚烧炉出口氧含量偏高
2025-06-03 06:34:00,1,预警,焚烧炉出口氧含量偏高
2025-06-03 06:38:00,1,预警,焚烧炉出口氧含量偏高
2025-06-03 06:40:00,1,预警,焚烧炉出口氧含量偏高
2025-06-03 06:42:00,1,预警,焚烧炉出口氧含量偏高
2025-06-03 06:44:00,1,预警,焚烧炉出口氧含量偏高
2025-06-03 06:46:00,1,预警,焚烧炉出口氧含量偏高
2025-06-03 06:52:00,1,预警,焚烧炉出口氧含量偏高
2025-06-03 06:54:00,1,预警,焚烧炉出口氧含量偏高
2025-06-03 06:56:00,1,预警,焚烧炉出口氧含量偏高
2025-06-03 06:58:00,1,预警,焚烧炉出口氧含量偏高
2025-06-03 07:00:00,1,预警,焚烧炉出口氧含量偏高
2025-06-03 07:02:00,1,预警,焚烧炉出口氧含量偏高
2025-06-03 07:04:00,1,预警,焚烧炉出口氧含量偏高
2025-06-03 07:06:00,1,预警,焚烧炉出口氧含量偏高
2025-06-03 07:08:00,1,预警,焚烧炉出口氧含量偏高
2025-06-03 07:10:00,1,预警,焚烧炉出口氧含量偏高
2025-06-03 07:12:00,1,预警,焚烧炉出口氧含量偏高
2025-06-03 07:28:00,1,预警,焚烧炉出口氧含量偏高
2025-06-03 07:30:00,1,预警,焚烧炉出口氧含量偏高
2025-06-03 07:32:00,1,预警,焚烧炉出口氧含量偏高
2025-06-03 07:34:00,1,预警,焚烧炉出口氧含量偏高
2025-06-03 07:40:00,1,预警,焚烧炉出口氧含量偏高
2025-06-03 07:42:00,1,预警,焚烧炉出口氧含量偏高
2025-06-03 07:46:00,1,预警,焚烧炉出口氧含量偏高
2025-06-03 07:50:00,1,预警,焚烧炉出口氧含量偏高
2025-06-03 07:54:00,1,预警,焚烧炉出口氧含量偏高
2025-06-03 08:00:00,1,预警,焚烧炉出口氧含量偏高
2025-06-03 08:02:00,1,预警,焚烧炉出口氧含量偏高
2025-06-03 08:04:00,1,预警,焚烧炉出口氧含量偏高
2025-06-03 08:46:00,1,预警,焚烧炉出口氧含量偏高
2025-06-03 08:50:00,1,预警,焚烧炉出口氧含量偏高
2025-06-03 08:52:00,1,预警,焚烧炉出口氧含量偏高
2025-06-03 08:58:00,1,预警,焚烧炉出口氧含量偏高
2025-06-03 09:02:00,1,预警,焚烧炉出口氧含量偏高
2025-06-03 09:06:00,1,预警,焚烧炉出口氧含量偏高
2025-06-03 09:08:00,1,预警,焚烧炉出口氧含量偏高
2025-06-03 09:12:00,1,预警,焚烧炉出口氧含量偏高
2025-06-03 09:14:00,1,预警,焚烧炉出口氧含量偏高
2025-06-03 09:16:00,1,预警,焚烧炉出口氧含量偏高
2025-06-03 09:18:00,1,预警,焚烧炉出口氧含量偏高
2025-06-03 09:20:00,1,预警,焚烧炉出口氧含量偏高
2025-06-03 09:22:00,1,预警,焚烧炉出口氧含量偏高
2025-06-03 09:24:00,1,预警,焚烧炉出口氧含量偏高
2025-06-03 09:26:00,1,预警,焚烧炉出口氧含量偏高
2025-06-03 09:28:00,1,预警,焚烧炉出口氧含量偏高
2025-06-03 09:30:00,1,预警,焚烧炉出口氧含量偏高
2025-06-03 09:32:00,1,预警,焚烧炉出口氧含量偏高
2025-06-03 09:34:00,1,预警,焚烧炉出口氧含量偏高
2025-06-03 09:36:00,1,预警,焚烧炉出口氧含量偏高
2025-06-03 09:38:00,1,预警,焚烧炉出口氧含量偏高
2025-06-03 09:40:00,1,预警,焚烧炉出口氧含量偏高
2025-06-03 09:42:00,1,预警,焚烧炉出口氧含量偏高
2025-06-03 09:44:00,1,预警,焚烧炉出口氧含量偏高
2025-06-03 09:46:00,1,预警,焚烧炉出口氧含量偏高
2025-06-03 09:48:00,1,预警,焚烧炉出口氧含量偏高
2025-06-03 09:50:00,1,预警,焚烧炉出口氧含量偏高
2025-06-03 09:52:00,1,预警,焚烧炉出口氧含量偏高
2025-06-03 09:54:00,1,预警,焚烧炉出口氧含量偏高
2025-06-03 09:56:00,1,预警,焚烧炉出口氧含量偏高
2025-06-03 09:58:00,1,预警,焚烧炉出口氧含量偏高
2025-06-03 10:00:00,1,预警,焚烧炉出口氧含量偏高
2025-06-03 10:02:00,1,预警,焚烧炉出口氧含量偏高
2025-06-03 10:04:00,1,预警,焚烧炉出口氧含量偏高
2025-06-03 10:06:00,1,预警,焚烧炉出口氧含量偏高
2025-06-03 10:08:00,1,预警,焚烧炉出口氧含量偏高
2025-06-03 10:10:00,1,预警,焚烧炉出口氧含量偏高
2025-06-03 10:26:00,1,预警,焚烧炉出口氧含量偏高
2025-06-03 10:34:00,1,预警,焚烧炉出口氧含量偏高
2025-06-03 10:36:00,1,预警,焚烧炉出口氧含量偏高
2025-06-03 10:38:00,1,预警,焚烧炉出口氧含量偏高
2025-06-03 10:40:00,1,预警,焚烧炉出口氧含量偏高
2025-06-03 10:42:00,1,预警,焚烧炉出口氧含量偏高
2025-06-03 10:44:00,1,预警,焚烧炉出口氧含量偏高
2025-06-03 10:48:00,1,预警,焚烧炉出口氧含量偏高
2025-06-03 10:50:00,1,预警,焚烧炉出口氧含量偏高
2025-06-03 10:56:00,1,预警,焚烧炉出口氧含量偏高
2025-06-03 10:58:00,1,预警,焚烧炉出口氧含量偏高
2025-06-03 11:00:00,1,预警,焚烧炉出口氧含量偏高
2025-06-03 11:02:00,1,预警,焚烧炉出口氧含量偏高
2025-06-03 11:04:00,1,预警,焚烧炉出口氧含量偏高
2025-06-03 11:06:00,1,预警,焚烧炉出口氧含量偏高
2025-06-03 11:08:00,1,预警,焚烧炉出口氧含量偏高
2025-06-03 11:10:00,1,预警,焚烧炉出口氧含量偏高
2025-06-03 11:12:00,1,预警,焚烧炉出口氧含量偏高
2025-06-03 11:22:00,1,预警,焚烧炉出口氧含量偏高
2025-06-03 11:26:00,1,预警,焚烧炉出口氧含量偏高
2025-06-03 11:40:00,1,预警,焚烧炉出口氧含量偏高
2025-06-03 11:42:00,1,预警,焚烧炉出口氧含量偏高
2025-06-03 11:44:00,1,预警,焚烧炉出口氧含量偏高
2025-06-03 11:46:00,1,预警,焚烧炉出口氧含量偏高
2025-06-03 11:48:00,1,预警,焚烧炉出口氧含量偏高
2025-06-03 11:50:00,1,预警,焚烧炉出口氧含量偏高
2025-06-03 11:52:00,1,预警,焚烧炉出口氧含量偏高
2025-06-03 11:56:00,1,预警,焚烧炉出口氧含量偏高
2025-06-03 11:58:00,1,预警,焚烧炉出口氧含量偏高
2025-06-03 12:04:00,1,预警,焚烧炉出口氧含量偏高
2025-06-03 12:06:00,1,预警,焚烧炉出口氧含量偏高
2025-06-03 12:10:00,1,预警,焚烧炉出口氧含量偏高
2025-06-03 12:14:00,1,预警,焚烧炉出口氧含量偏高
2025-06-03 12:36:00,1,预警,焚烧炉出口氧含量偏高
2025-06-03 12:40:00,1,预警,焚烧炉出口氧含量偏高
2025-06-03 12:42:00,1,预警,焚烧炉出口氧含量偏高
2025-06-03 12:44:00,1,预警,焚烧炉出口氧含量偏高
2025-06-03 12:48:00,1,预警,焚烧炉出口氧含量偏高
2025-06-03 12:52:00,1,预警,焚烧炉出口氧含量偏高
2025-06-03 12:54:00,1,预警,焚烧炉出口氧含量偏高
2025-06-03 12:56:00,1,预警,焚烧炉出口氧含量偏高
2025-06-03 12:58:00,1,预警,焚烧炉出口氧含量偏高
2025-06-03 13:00:00,1,预警,焚烧炉出口氧含量偏高
2025-06-03 13:02:00,1,预警,焚烧炉出口氧含量偏高
2025-06-03 13:04:00,1,预警,焚烧炉出口氧含量偏高
2025-06-03 13:06:00,1,预警,焚烧炉出口氧含量偏高
2025-06-03 13:08:00,1,预警,焚烧炉出口氧含量偏高
2025-06-03 13:10:00,1,预警,焚烧炉出口氧含量偏高
2025-06-03 13:12:00,1,预警,焚烧炉出口氧含量偏高
2025-06-03 13:14:00,1,预警,焚烧炉出口氧含量偏高
2025-06-03 13:16:00,1,预警,焚烧炉出口氧含量偏高
2025-06-03 13:18:00,1,预警,焚烧炉出口氧含量偏高
2025-06-03 13:20:00,1,预警,焚烧炉出口氧含量偏高
2025-06-03 13:22:00,1,预警,焚烧炉出口氧含量偏高
2025-06-03 13:24:00,1,预警,焚烧炉出口氧含量偏高
2025-06-03 13:32:00,1,预警,焚烧炉出口氧含量偏高
2025-06-03 13:34:00,1,预警,焚烧炉出口氧含量偏高
2025-06-03 13:36:00,1,预警,焚烧炉出口氧含量偏高
2025-06-03 13:38:00,1,预警,焚烧炉出口氧含量偏高
2025-06-03 13:40:00,1,预警,焚烧炉出口氧含量偏高
2025-06-03 13:42:00,1,预警,焚烧炉出口氧含量偏高
2025-06-03 14:42:00,1,预警,焚烧炉出口氧含量偏高
2025-06-03 14:44:00,1,预警,焚烧炉出口氧含量偏高
2025-06-03 14:46:00,1,预警,焚烧炉出口氧含量偏高
2025-06-03 14:48:00,1,预警,焚烧炉出口氧含量偏高
2025-06-03 14:50:00,1,预警,焚烧炉出口氧含量偏高
2025-06-03 14:52:00,1,预警,焚烧炉出口氧含量偏高
2025-06-03 14:54:00,1,预警,焚烧炉出口氧含量偏高
2025-06-03 15:06:00,1,预警,焚烧炉出口氧含量偏高
2025-06-03 15:08:00,1,预警,焚烧炉出口氧含量偏高
2025-06-03 15:10:00,1,预警,焚烧炉出口氧含量偏高
2025-06-03 15:12:00,1,预警,焚烧炉出口氧含量偏高
2025-06-03 15:14:00,1,预警,焚烧炉出口氧含量偏高
2025-06-03 15:16:00,1,预警,焚烧炉出口氧含量偏高
2025-06-03 15:18:00,1,预警,焚烧炉出口氧含量偏高
2025-06-03 15:20:00,1,预警,焚烧炉出口氧含量偏高
2025-06-03 15:22:00,1,预警,焚烧炉出口氧含量偏高
2025-06-03 15:24:00,1,预警,焚烧炉出口氧含量偏高
2025-06-03 15:26:00,1,预警,焚烧炉出口氧含量偏高
2025-06-03 15:28:00,1,预警,焚烧炉出口氧含量偏高
2025-06-03 15:30:00,1,预警,焚烧炉出口氧含量偏高
2025-06-03 15:32:00,1,预警,焚烧炉出口氧含量偏高
2025-06-03 15:34:00,1,预警,焚烧炉出口氧含量偏高
2025-06-03 15:36:00,1,预警,焚烧炉出口氧含量偏高
2025-06-03 15:38:00,1,预警,焚烧炉出口氧含量偏高
2025-06-03 15:40:00,1,预警,焚烧炉出口氧含量偏高
2025-06-03 15:42:00,1,预警,焚烧炉出口氧含量偏高
2025-06-03 15:44:00,1,预警,焚烧炉出口氧含量偏高
2025-06-03 15:46:00,1,预警,焚烧炉出口氧含量偏高
2025-06-03 15:48:00,1,预警,焚烧炉出口氧含量偏高
2025-06-03 15:50:00,1,预警,焚烧炉出口氧含量偏高
2025-06-03 15:52:00,1,预警,焚烧炉出口氧含量偏高
2025-06-03 15:54:00,1,预警,焚烧炉出口氧含量偏高
2025-06-03 15:56:00,1,预警,焚烧炉出口氧含量偏高
2025-06-03 15:58:00,1,预警,焚烧炉出口氧含量偏高
2025-06-03 16:00:00,1,预警,焚烧炉出口氧含量偏高
2025-06-03 16:02:00,1,预警,焚烧炉出口氧含量偏高
2025-06-03 16:04:00,1,预警,焚烧炉出口氧含量偏高
2025-06-03 16:06:00,1,预警,焚烧炉出口氧含量偏高
2025-06-03 16:08:00,1,预警,焚烧炉出口氧含量偏高
2025-06-03 16:10:00,1,预警,焚烧炉出口氧含量偏高
2025-06-03 16:12:00,1,预警,焚烧炉出口氧含量偏高
2025-06-03 16:14:00,1,预警,焚烧炉出口氧含量偏高
2025-06-03 16:16:00,1,预警,焚烧炉出口氧含量偏高
2025-06-03 16:24:00,1,预警,焚烧炉出口氧含量偏高
2025-06-03 16:26:00,1,预警,焚烧炉出口氧含量偏高
2025-06-03 16:28:00,1,预警,焚烧炉出口氧含量偏高
2025-06-03 16:30:00,1,预警,焚烧炉出口氧含量偏高
2025-06-03 16:32:00,1,预警,焚烧炉出口氧含量偏高
2025-06-03 16:34:00,1,预警,焚烧炉出口氧含量偏高
2025-06-03 16:36:00,1,预警,焚烧炉出口氧含量偏高
2025-06-03 16:38:00,1,预警,焚烧炉出口氧含量偏高
2025-06-03 16:40:00,1,预警,焚烧炉出口氧含量偏高
2025-06-03 16:42:00,1,预警,焚烧炉出口氧含量偏高
2025-06-03 16:44:00,1,预警,焚烧炉出口氧含量偏高
2025-06-03 16:46:00,1,预警,焚烧炉出口氧含量偏高
2025-06-03 16:48:00,1,预警,焚烧炉出口氧含量偏高
2025-06-03 16:50:00,1,预警,焚烧炉出口氧含量偏高
2025-06-03 16:54:00,1,预警,焚烧炉出口氧含量偏高
2025-06-03 16:56:00,1,预警,焚烧炉出口氧含量偏高
2025-06-03 16:58:00,1,预警,焚烧炉出口氧含量偏高
2025-06-03 17:06:00,1,预警,焚烧炉出口氧含量偏高
2025-06-03 17:08:00,1,预警,焚烧炉出口氧含量偏高
2025-06-03 17:10:00,1,预警,焚烧炉出口氧含量偏高
2025-06-03 17:14:00,1,预警,焚烧炉出口氧含量偏高
2025-06-03 19:06:00,1,预警,焚烧炉出口氧含量偏高
2025-06-03 19:14:00,1,预警,焚烧炉出口氧含量偏高
2025-06-03 19:18:00,1,预警,焚烧炉出口氧含量偏高
2025-06-03 19:20:00,1,预警,焚烧炉出口氧含量偏高
2025-06-03 19:22:00,1,预警,焚烧炉出口氧含量偏高
2025-06-03 19:40:00,1,预警,焚烧炉出口氧含量偏高
2025-06-03 19:42:00,1,预警,焚烧炉出口氧含量偏高
2025-06-03 19:44:00,1,预警,焚烧炉出口氧含量偏高
2025-06-03 19:54:00,1,预警,焚烧炉出口氧含量偏高
2025-06-03 20:06:00,1,预警,焚烧炉出口氧含量偏高
2025-06-03 20:14:00,1,预警,焚烧炉出口氧含量偏高
2025-06-03 20:46:00,1,预警,焚烧炉出口氧含量偏高
2025-06-03 20:48:00,1,预警,焚烧炉出口氧含量偏高
2025-06-03 20:50:00,1,预警,焚烧炉出口氧含量偏高
2025-06-03 20:52:00,1,预警,焚烧炉出口氧含量偏高
2025-06-03 20:54:00,1,预警,焚烧炉出口氧含量偏高
2025-06-03 20:58:00,1,预警,焚烧炉出口氧含量偏高
2025-06-03 21:00:00,1,预警,焚烧炉出口氧含量偏高
2025-06-03 21:02:00,1,预警,焚烧炉出口氧含量偏高
2025-06-03 21:04:00,1,预警,焚烧炉出口氧含量偏高
2025-06-03 21:06:00,1,预警,焚烧炉出口氧含量偏高
2025-06-03 21:08:00,1,预警,焚烧炉出口氧含量偏高
2025-06-03 21:12:00,1,预警,焚烧炉出口氧含量偏高
2025-06-03 21:16:00,1,预警,焚烧炉出口氧含量偏高
2025-06-03 21:18:00,1,预警,焚烧炉出口氧含量偏高
2025-06-03 21:20:00,1,预警,焚烧炉出口氧含量偏高
2025-06-03 21:22:00,1,预警,焚烧炉出口氧含量偏高
2025-06-03 21:24:00,1,预警,焚烧炉出口氧含量偏高
2025-06-03 21:50:00,1,预警,焚烧炉出口氧含量偏高
2025-06-03 22:58:00,1,预警,焚烧炉出口氧含量偏高
2025-06-03 23:02:00,1,预警,焚烧炉出口氧含量偏高
2025-06-03 23:04:00,1,预警,焚烧炉出口氧含量偏高
2025-06-03 23:08:00,1,预警,焚烧炉出口氧含量偏高
2025-06-03 23:42:00,1,预警,焚烧炉出口氧含量偏高
2025-06-03 23:56:00,1,预警,焚烧炉出口氧含量偏高
2025-06-03 23:58:00,1,预警,焚烧炉出口氧含量偏高
