﻿时间,炉号,预警/报警类型,预警/报警事件
2025-06-04 00:04:00,1,预警,焚烧炉出口氧含量偏高
2025-06-04 00:10:00,1,预警,焚烧炉出口氧含量偏高
2025-06-04 00:12:00,1,预警,焚烧炉出口氧含量偏高
2025-06-04 00:14:00,1,预警,焚烧炉出口氧含量偏高
2025-06-04 00:16:00,1,预警,焚烧炉出口氧含量偏高
2025-06-04 00:18:00,1,预警,焚烧炉出口氧含量偏高
2025-06-04 00:20:00,1,预警,焚烧炉出口氧含量偏高
2025-06-04 00:22:00,1,预警,焚烧炉出口氧含量偏高
2025-06-04 00:24:00,1,预警,焚烧炉出口氧含量偏高
2025-06-04 00:26:00,1,预警,焚烧炉出口氧含量偏高
2025-06-04 00:28:00,1,预警,焚烧炉出口氧含量偏高
2025-06-04 00:30:00,1,预警,焚烧炉出口氧含量偏高
2025-06-04 00:32:00,1,预警,焚烧炉出口氧含量偏高
2025-06-04 00:34:00,1,预警,焚烧炉出口氧含量偏高
2025-06-04 00:36:00,1,预警,焚烧炉出口氧含量偏高
2025-06-04 00:38:00,1,预警,焚烧炉出口氧含量偏高
2025-06-04 00:40:00,1,预警,焚烧炉出口氧含量偏高
2025-06-04 00:42:00,1,预警,焚烧炉出口氧含量偏高
2025-06-04 00:44:00,1,预警,焚烧炉出口氧含量偏高
2025-06-04 00:46:00,1,预警,焚烧炉出口氧含量偏高
2025-06-04 00:48:00,1,预警,焚烧炉出口氧含量偏高
2025-06-04 00:50:00,1,预警,焚烧炉出口氧含量偏高
2025-06-04 00:52:00,1,预警,焚烧炉出口氧含量偏高
2025-06-04 00:54:00,1,预警,焚烧炉出口氧含量偏高
2025-06-04 00:56:00,1,预警,焚烧炉出口氧含量偏高
2025-06-04 00:58:00,1,预警,焚烧炉出口氧含量偏高
2025-06-04 01:00:00,1,预警,焚烧炉出口氧含量偏高
2025-06-04 01:06:00,1,预警,焚烧炉出口氧含量偏高
2025-06-04 01:30:00,1,预警,焚烧炉出口氧含量偏高
2025-06-04 02:00:00,1,预警,焚烧炉出口氧含量偏高
2025-06-04 02:02:00,1,预警,焚烧炉出口氧含量偏高
2025-06-04 02:04:00,1,预警,焚烧炉出口氧含量偏高
2025-06-04 02:06:00,1,预警,焚烧炉出口氧含量偏高
2025-06-04 02:08:00,1,预警,焚烧炉出口氧含量偏高
2025-06-04 02:10:00,1,预警,焚烧炉出口氧含量偏高
2025-06-04 02:12:00,1,预警,焚烧炉出口氧含量偏高
2025-06-04 02:14:00,1,预警,焚烧炉出口氧含量偏高
2025-06-04 02:16:00,1,预警,焚烧炉出口氧含量偏高
2025-06-04 02:18:00,1,预警,焚烧炉出口氧含量偏高
2025-06-04 02:20:00,1,预警,焚烧炉出口氧含量偏高
2025-06-04 02:22:00,1,预警,焚烧炉出口氧含量偏高
2025-06-04 02:24:00,1,预警,焚烧炉出口氧含量偏高
2025-06-04 02:26:00,1,预警,焚烧炉出口氧含量偏高
2025-06-04 02:28:00,1,预警,焚烧炉出口氧含量偏高
2025-06-04 02:30:00,1,预警,焚烧炉出口氧含量偏高
2025-06-04 02:32:00,1,预警,焚烧炉出口氧含量偏高
2025-06-04 02:34:00,1,预警,焚烧炉出口氧含量偏高
2025-06-04 02:36:00,1,预警,焚烧炉出口氧含量偏高
2025-06-04 02:42:00,1,预警,焚烧炉出口氧含量偏高
2025-06-04 02:46:00,1,预警,焚烧炉出口氧含量偏高
2025-06-04 03:02:00,1,预警,焚烧炉出口氧含量偏高
2025-06-04 03:20:00,1,预警,焚烧炉出口氧含量偏高
2025-06-04 03:24:00,1,预警,焚烧炉出口氧含量偏高
2025-06-04 03:32:00,1,预警,焚烧炉出口氧含量偏高
2025-06-04 03:42:00,1,预警,焚烧炉出口氧含量偏高
2025-06-04 03:44:00,1,预警,焚烧炉出口氧含量偏高
2025-06-04 03:46:00,1,预警,焚烧炉出口氧含量偏高
2025-06-04 03:50:00,1,预警,焚烧炉出口氧含量偏高
2025-06-04 03:52:00,1,预警,焚烧炉出口氧含量偏高
2025-06-04 03:54:00,1,预警,焚烧炉出口氧含量偏高
2025-06-04 03:56:00,1,预警,焚烧炉出口氧含量偏高
2025-06-04 04:00:00,1,预警,焚烧炉出口氧含量偏高
2025-06-04 04:04:00,1,预警,焚烧炉出口氧含量偏高
2025-06-04 04:24:00,1,预警,焚烧炉出口氧含量偏高
2025-06-04 04:32:00,1,预警,焚烧炉出口氧含量偏高
2025-06-04 04:34:00,1,预警,焚烧炉出口氧含量偏高
2025-06-04 04:36:00,1,预警,焚烧炉出口氧含量偏高
2025-06-04 04:38:00,1,预警,焚烧炉出口氧含量偏高
2025-06-04 04:42:00,1,预警,焚烧炉出口氧含量偏高
2025-06-04 04:44:00,1,预警,焚烧炉出口氧含量偏高
2025-06-04 04:48:00,1,预警,焚烧炉出口氧含量偏高
2025-06-04 04:50:00,1,预警,焚烧炉出口氧含量偏高
2025-06-04 04:52:00,1,预警,焚烧炉出口氧含量偏高
2025-06-04 04:54:00,1,预警,焚烧炉出口氧含量偏高
2025-06-04 04:56:00,1,预警,焚烧炉出口氧含量偏高
2025-06-04 04:58:00,1,预警,焚烧炉出口氧含量偏高
2025-06-04 05:00:00,1,预警,焚烧炉出口氧含量偏高
2025-06-04 05:02:00,1,预警,焚烧炉出口氧含量偏高
2025-06-04 05:04:00,1,预警,焚烧炉出口氧含量偏高
2025-06-04 05:06:00,1,预警,焚烧炉出口氧含量偏高
2025-06-04 05:08:00,1,预警,焚烧炉出口氧含量偏高
2025-06-04 05:10:00,1,预警,焚烧炉出口氧含量偏高
2025-06-04 05:28:00,1,预警,焚烧炉出口氧含量偏高
2025-06-04 05:32:00,1,预警,焚烧炉出口氧含量偏高
2025-06-04 05:36:00,1,预警,焚烧炉出口氧含量偏高
2025-06-04 05:38:00,1,预警,焚烧炉出口氧含量偏高
2025-06-04 05:42:00,1,预警,焚烧炉出口氧含量偏高
2025-06-04 05:44:00,1,预警,焚烧炉出口氧含量偏高
2025-06-04 05:46:00,1,预警,焚烧炉出口氧含量偏高
2025-06-04 05:52:00,1,预警,焚烧炉出口氧含量偏高
2025-06-04 05:58:00,1,预警,焚烧炉出口氧含量偏高
2025-06-04 06:04:00,1,预警,焚烧炉出口氧含量偏高
2025-06-04 06:06:00,1,预警,焚烧炉出口氧含量偏高
2025-06-04 06:08:00,1,预警,焚烧炉出口氧含量偏高
2025-06-04 06:18:00,1,预警,焚烧炉出口氧含量偏高
2025-06-04 06:24:00,1,预警,焚烧炉出口氧含量偏高
2025-06-04 06:28:00,1,预警,焚烧炉出口氧含量偏高
2025-06-04 06:56:00,1,预警,焚烧炉出口氧含量偏高
2025-06-04 07:06:00,1,预警,焚烧炉出口氧含量偏高
2025-06-04 07:32:00,1,预警,焚烧炉出口氧含量偏高
2025-06-04 07:34:00,1,预警,焚烧炉出口氧含量偏高
2025-06-04 07:42:00,1,预警,焚烧炉出口氧含量偏高
2025-06-04 07:52:00,1,预警,焚烧炉出口氧含量偏高
2025-06-04 07:54:00,1,预警,焚烧炉出口氧含量偏高
2025-06-04 08:00:00,1,预警,焚烧炉出口氧含量偏高
2025-06-04 08:02:00,1,预警,焚烧炉出口氧含量偏高
2025-06-04 08:14:00,1,预警,焚烧炉出口氧含量偏高
2025-06-04 08:16:00,1,预警,焚烧炉出口氧含量偏高
2025-06-04 08:18:00,1,预警,焚烧炉出口氧含量偏高
2025-06-04 08:22:00,1,预警,焚烧炉出口氧含量偏高
2025-06-04 08:36:00,1,预警,焚烧炉出口氧含量偏高
2025-06-04 08:40:00,1,预警,焚烧炉出口氧含量偏高
2025-06-04 08:42:00,1,预警,焚烧炉出口氧含量偏高
2025-06-04 09:02:00,1,预警,焚烧炉出口氧含量偏高
2025-06-04 09:04:00,1,预警,焚烧炉出口氧含量偏高
2025-06-04 09:06:00,1,预警,焚烧炉出口氧含量偏高
2025-06-04 09:08:00,1,预警,焚烧炉出口氧含量偏高
2025-06-04 09:10:00,1,预警,焚烧炉出口氧含量偏高
2025-06-04 09:12:00,1,预警,焚烧炉出口氧含量偏高
2025-06-04 09:14:00,1,预警,焚烧炉出口氧含量偏高
2025-06-04 09:16:00,1,预警,焚烧炉出口氧含量偏高
2025-06-04 09:18:00,1,预警,焚烧炉出口氧含量偏高
2025-06-04 09:20:00,1,预警,焚烧炉出口氧含量偏高
2025-06-04 09:22:00,1,预警,焚烧炉出口氧含量偏高
2025-06-04 09:24:00,1,预警,焚烧炉出口氧含量偏高
2025-06-04 09:26:00,1,预警,焚烧炉出口氧含量偏高
2025-06-04 09:28:00,1,预警,焚烧炉出口氧含量偏高
2025-06-04 09:30:00,1,预警,焚烧炉出口氧含量偏高
2025-06-04 09:32:00,1,预警,焚烧炉出口氧含量偏高
2025-06-04 09:34:00,1,预警,焚烧炉出口氧含量偏高
2025-06-04 09:36:00,1,预警,焚烧炉出口氧含量偏高
2025-06-04 09:38:00,1,预警,焚烧炉出口氧含量偏高
2025-06-04 09:40:00,1,预警,焚烧炉出口氧含量偏高
2025-06-04 09:42:00,1,预警,焚烧炉出口氧含量偏高
2025-06-04 09:44:00,1,预警,焚烧炉出口氧含量偏高
2025-06-04 09:46:00,1,预警,焚烧炉出口氧含量偏高
2025-06-04 09:48:00,1,预警,焚烧炉出口氧含量偏高
2025-06-04 09:50:00,1,预警,焚烧炉出口氧含量偏高
2025-06-04 09:52:00,1,预警,焚烧炉出口氧含量偏高
2025-06-04 09:54:00,1,预警,焚烧炉出口氧含量偏高
2025-06-04 09:56:00,1,预警,焚烧炉出口氧含量偏高
2025-06-04 09:58:00,1,预警,焚烧炉出口氧含量偏高
2025-06-04 10:00:00,1,预警,焚烧炉出口氧含量偏高
2025-06-04 10:02:00,1,预警,焚烧炉出口氧含量偏高
2025-06-04 10:04:00,1,预警,焚烧炉出口氧含量偏高
2025-06-04 10:06:00,1,预警,焚烧炉出口氧含量偏高
2025-06-04 10:10:00,1,预警,焚烧炉出口氧含量偏高
2025-06-04 11:24:00,1,预警,焚烧炉出口氧含量偏高
2025-06-04 11:38:00,1,预警,焚烧炉出口氧含量偏高
2025-06-04 11:40:00,1,预警,焚烧炉出口氧含量偏高
2025-06-04 11:44:00,1,预警,焚烧炉出口氧含量偏高
2025-06-04 11:46:00,1,预警,焚烧炉出口氧含量偏高
2025-06-04 11:48:00,1,预警,焚烧炉出口氧含量偏高
2025-06-04 11:50:00,1,预警,焚烧炉出口氧含量偏高
2025-06-04 11:52:00,1,预警,焚烧炉出口氧含量偏高
2025-06-04 11:56:00,1,预警,焚烧炉出口氧含量偏高
2025-06-04 12:02:00,1,预警,焚烧炉出口氧含量偏高
2025-06-04 12:24:00,1,预警,焚烧炉出口氧含量偏高
2025-06-04 12:26:00,1,预警,焚烧炉出口氧含量偏高
2025-06-04 12:28:00,1,预警,焚烧炉出口氧含量偏高
2025-06-04 12:30:00,1,预警,焚烧炉出口氧含量偏高
2025-06-04 12:32:00,1,预警,焚烧炉出口氧含量偏高
2025-06-04 12:34:00,1,预警,焚烧炉出口氧含量偏高
2025-06-04 12:36:00,1,预警,焚烧炉出口氧含量偏高
2025-06-04 12:38:00,1,预警,焚烧炉出口氧含量偏高
2025-06-04 12:40:00,1,预警,焚烧炉出口氧含量偏高
2025-06-04 12:42:00,1,预警,焚烧炉出口氧含量偏高
2025-06-04 12:44:00,1,预警,焚烧炉出口氧含量偏高
2025-06-04 12:46:00,1,预警,焚烧炉出口氧含量偏高
2025-06-04 12:48:00,1,预警,焚烧炉出口氧含量偏高
2025-06-04 12:50:00,1,预警,焚烧炉出口氧含量偏高
2025-06-04 12:52:00,1,预警,焚烧炉出口氧含量偏高
2025-06-04 12:54:00,1,预警,焚烧炉出口氧含量偏高
2025-06-04 12:56:00,1,预警,焚烧炉出口氧含量偏高
2025-06-04 12:58:00,1,预警,焚烧炉出口氧含量偏高
2025-06-04 13:00:00,1,预警,焚烧炉出口氧含量偏高
2025-06-04 13:02:00,1,预警,焚烧炉出口氧含量偏高
2025-06-04 13:04:00,1,预警,焚烧炉出口氧含量偏高
2025-06-04 13:06:00,1,预警,焚烧炉出口氧含量偏高
2025-06-04 13:08:00,1,预警,焚烧炉出口氧含量偏高
2025-06-04 13:10:00,1,预警,焚烧炉出口氧含量偏高
2025-06-04 13:12:00,1,预警,焚烧炉出口氧含量偏高
2025-06-04 13:14:00,1,预警,焚烧炉出口氧含量偏高
2025-06-04 13:16:00,1,预警,焚烧炉出口氧含量偏高
2025-06-04 13:18:00,1,预警,焚烧炉出口氧含量偏高
2025-06-04 13:20:00,1,预警,焚烧炉出口氧含量偏高
2025-06-04 13:22:00,1,预警,焚烧炉出口氧含量偏高
2025-06-04 13:24:00,1,预警,焚烧炉出口氧含量偏高
2025-06-04 13:26:00,1,预警,焚烧炉出口氧含量偏高
2025-06-04 13:28:00,1,预警,焚烧炉出口氧含量偏高
2025-06-04 13:30:00,1,预警,焚烧炉出口氧含量偏高
2025-06-04 13:32:00,1,预警,焚烧炉出口氧含量偏高
2025-06-04 13:34:00,1,预警,焚烧炉出口氧含量偏高
2025-06-04 13:36:00,1,预警,焚烧炉出口氧含量偏高
2025-06-04 13:38:00,1,预警,焚烧炉出口氧含量偏高
2025-06-04 13:40:00,1,预警,焚烧炉出口氧含量偏高
2025-06-04 13:42:00,1,预警,焚烧炉出口氧含量偏高
2025-06-04 13:44:00,1,预警,焚烧炉出口氧含量偏高
2025-06-04 13:46:00,1,预警,焚烧炉出口氧含量偏高
2025-06-04 13:48:00,1,预警,焚烧炉出口氧含量偏高
2025-06-04 13:50:00,1,预警,焚烧炉出口氧含量偏高
2025-06-04 13:52:00,1,预警,焚烧炉出口氧含量偏高
2025-06-04 13:54:00,1,预警,焚烧炉出口氧含量偏高
2025-06-04 13:56:00,1,预警,焚烧炉出口氧含量偏高
2025-06-04 13:58:00,1,预警,焚烧炉出口氧含量偏高
2025-06-04 14:00:00,1,预警,焚烧炉出口氧含量偏高
2025-06-04 14:02:00,1,预警,焚烧炉出口氧含量偏高
2025-06-04 14:04:00,1,预警,焚烧炉出口氧含量偏高
2025-06-04 14:06:00,1,预警,焚烧炉出口氧含量偏高
2025-06-04 14:08:00,1,预警,焚烧炉出口氧含量偏高
2025-06-04 14:10:00,1,预警,焚烧炉出口氧含量偏高
2025-06-04 14:14:00,1,预警,焚烧炉出口氧含量偏高
2025-06-04 14:18:00,1,预警,焚烧炉出口氧含量偏高
2025-06-04 14:20:00,1,预警,焚烧炉出口氧含量偏高
2025-06-04 14:22:00,1,预警,焚烧炉出口氧含量偏高
2025-06-04 14:24:00,1,预警,焚烧炉出口氧含量偏高
2025-06-04 14:26:00,1,预警,焚烧炉出口氧含量偏高
2025-06-04 14:28:00,1,预警,焚烧炉出口氧含量偏高
2025-06-04 14:30:00,1,预警,焚烧炉出口氧含量偏高
2025-06-04 14:32:00,1,预警,焚烧炉出口氧含量偏高
2025-06-04 14:34:00,1,预警,焚烧炉出口氧含量偏高
2025-06-04 14:36:00,1,预警,焚烧炉出口氧含量偏高
2025-06-04 14:38:00,1,预警,焚烧炉出口氧含量偏高
2025-06-04 14:40:00,1,预警,焚烧炉出口氧含量偏高
2025-06-04 14:42:00,1,预警,焚烧炉出口氧含量偏高
2025-06-04 14:48:00,1,预警,焚烧炉出口氧含量偏高
2025-06-04 14:50:00,1,预警,焚烧炉出口氧含量偏高
2025-06-04 14:52:00,1,预警,焚烧炉出口氧含量偏高
2025-06-04 14:54:00,1,预警,焚烧炉出口氧含量偏高
2025-06-04 14:56:00,1,预警,焚烧炉出口氧含量偏高
2025-06-04 16:12:00,1,预警,焚烧炉出口氧含量偏高
2025-06-04 16:14:00,1,预警,焚烧炉出口氧含量偏高
2025-06-04 16:18:00,1,预警,焚烧炉出口氧含量偏高
2025-06-04 16:20:00,1,预警,焚烧炉出口氧含量偏高
2025-06-04 16:22:00,1,预警,焚烧炉出口氧含量偏高
2025-06-04 16:24:00,1,预警,焚烧炉出口氧含量偏高
2025-06-04 16:26:00,1,预警,焚烧炉出口氧含量偏高
2025-06-04 16:28:00,1,预警,焚烧炉出口氧含量偏高
2025-06-04 16:30:00,1,预警,焚烧炉出口氧含量偏高
2025-06-04 16:32:00,1,预警,焚烧炉出口氧含量偏高
2025-06-04 16:34:00,1,预警,焚烧炉出口氧含量偏高
2025-06-04 16:36:00,1,预警,焚烧炉出口氧含量偏高
2025-06-04 16:38:00,1,预警,焚烧炉出口氧含量偏高
2025-06-04 16:40:00,1,预警,焚烧炉出口氧含量偏高
2025-06-04 16:42:00,1,预警,焚烧炉出口氧含量偏高
2025-06-04 16:44:00,1,预警,焚烧炉出口氧含量偏高
2025-06-04 16:46:00,1,预警,焚烧炉出口氧含量偏高
2025-06-04 16:48:00,1,预警,焚烧炉出口氧含量偏高
2025-06-04 16:50:00,1,预警,焚烧炉出口氧含量偏高
2025-06-04 16:52:00,1,预警,焚烧炉出口氧含量偏高
2025-06-04 16:54:00,1,预警,焚烧炉出口氧含量偏高
2025-06-04 16:56:00,1,预警,焚烧炉出口氧含量偏高
2025-06-04 16:58:00,1,预警,焚烧炉出口氧含量偏高
2025-06-04 17:00:00,1,预警,焚烧炉出口氧含量偏高
2025-06-04 17:02:00,1,预警,焚烧炉出口氧含量偏高
2025-06-04 17:04:00,1,预警,焚烧炉出口氧含量偏高
2025-06-04 17:06:00,1,预警,焚烧炉出口氧含量偏高
2025-06-04 17:08:00,1,预警,焚烧炉出口氧含量偏高
2025-06-04 17:10:00,1,预警,焚烧炉出口氧含量偏高
2025-06-04 17:12:00,1,预警,焚烧炉出口氧含量偏高
2025-06-04 17:14:00,1,预警,焚烧炉出口氧含量偏高
2025-06-04 17:16:00,1,预警,焚烧炉出口氧含量偏高
2025-06-04 17:18:00,1,预警,焚烧炉出口氧含量偏高
2025-06-04 17:20:00,1,预警,焚烧炉出口氧含量偏高
2025-06-04 17:22:00,1,预警,焚烧炉出口氧含量偏高
2025-06-04 17:24:00,1,预警,焚烧炉出口氧含量偏高
2025-06-04 17:26:00,1,预警,焚烧炉出口氧含量偏高
2025-06-04 17:28:00,1,预警,焚烧炉出口氧含量偏高
2025-06-04 17:30:00,1,预警,焚烧炉出口氧含量偏高
2025-06-04 17:32:00,1,预警,焚烧炉出口氧含量偏高
2025-06-04 17:34:00,1,预警,焚烧炉出口氧含量偏高
2025-06-04 17:36:00,1,预警,焚烧炉出口氧含量偏高
2025-06-04 17:38:00,1,预警,焚烧炉出口氧含量偏高
2025-06-04 17:40:00,1,预警,焚烧炉出口氧含量偏高
2025-06-04 17:42:00,1,预警,焚烧炉出口氧含量偏高
2025-06-04 17:44:00,1,预警,焚烧炉出口氧含量偏高
2025-06-04 17:46:00,1,预警,焚烧炉出口氧含量偏高
2025-06-04 17:48:00,1,预警,焚烧炉出口氧含量偏高
2025-06-04 17:50:00,1,预警,焚烧炉出口氧含量偏高
2025-06-04 17:52:00,1,预警,焚烧炉出口氧含量偏高
2025-06-04 17:54:00,1,预警,焚烧炉出口氧含量偏高
2025-06-04 17:56:00,1,预警,焚烧炉出口氧含量偏高
2025-06-04 17:58:00,1,预警,焚烧炉出口氧含量偏高
2025-06-04 18:00:00,1,预警,焚烧炉出口氧含量偏高
2025-06-04 18:02:00,1,预警,焚烧炉出口氧含量偏高
2025-06-04 18:04:00,1,预警,焚烧炉出口氧含量偏高
2025-06-04 18:06:00,1,预警,焚烧炉出口氧含量偏高
2025-06-04 18:08:00,1,预警,焚烧炉出口氧含量偏高
2025-06-04 18:32:00,1,预警,焚烧炉出口氧含量偏高
2025-06-04 18:34:00,1,预警,焚烧炉出口氧含量偏高
2025-06-04 18:38:00,1,预警,焚烧炉出口氧含量偏高
2025-06-04 18:44:00,1,预警,焚烧炉出口氧含量偏高
2025-06-04 18:46:00,1,预警,焚烧炉出口氧含量偏高
2025-06-04 18:50:00,1,预警,焚烧炉出口氧含量偏高
2025-06-04 18:52:00,1,预警,焚烧炉出口氧含量偏高
2025-06-04 18:54:00,1,预警,焚烧炉出口氧含量偏高
2025-06-04 18:56:00,1,预警,焚烧炉出口氧含量偏高
2025-06-04 18:58:00,1,预警,焚烧炉出口氧含量偏高
2025-06-04 19:00:00,1,预警,焚烧炉出口氧含量偏高
2025-06-04 19:02:00,1,预警,焚烧炉出口氧含量偏高
2025-06-04 19:12:00,1,预警,焚烧炉出口氧含量偏高
2025-06-04 20:58:00,1,预警,焚烧炉出口氧含量偏高
2025-06-04 21:00:00,1,预警,焚烧炉出口氧含量偏高
2025-06-04 21:08:00,1,预警,焚烧炉出口氧含量偏高
2025-06-04 21:10:00,1,预警,焚烧炉出口氧含量偏高
2025-06-04 21:16:00,1,预警,焚烧炉出口氧含量偏高
2025-06-04 21:34:00,1,预警,焚烧炉出口氧含量偏高
2025-06-04 21:36:00,1,预警,焚烧炉出口氧含量偏高
2025-06-04 21:38:00,1,预警,焚烧炉出口氧含量偏高
2025-06-04 21:46:00,1,预警,焚烧炉出口氧含量偏高
2025-06-04 21:50:00,1,预警,焚烧炉出口氧含量偏高
2025-06-04 21:52:00,1,预警,焚烧炉出口氧含量偏高
2025-06-04 21:54:00,1,预警,焚烧炉出口氧含量偏高
2025-06-04 21:56:00,1,预警,焚烧炉出口氧含量偏高
2025-06-04 21:58:00,1,预警,焚烧炉出口氧含量偏高
2025-06-04 22:00:00,1,预警,焚烧炉出口氧含量偏高
2025-06-04 22:02:00,1,预警,焚烧炉出口氧含量偏高
2025-06-04 22:04:00,1,预警,焚烧炉出口氧含量偏高
2025-06-04 22:06:00,1,预警,焚烧炉出口氧含量偏高
2025-06-04 22:10:00,1,预警,焚烧炉出口氧含量偏高
2025-06-04 22:12:00,1,预警,焚烧炉出口氧含量偏高
2025-06-04 22:14:00,1,预警,焚烧炉出口氧含量偏高
2025-06-04 22:16:00,1,预警,焚烧炉出口氧含量偏高
2025-06-04 22:22:00,1,预警,焚烧炉出口氧含量偏高
2025-06-04 22:26:00,1,预警,焚烧炉出口氧含量偏高
2025-06-04 22:30:00,1,预警,焚烧炉出口氧含量偏高
2025-06-04 22:32:00,1,预警,焚烧炉出口氧含量偏高
2025-06-04 22:34:00,1,预警,焚烧炉出口氧含量偏高
2025-06-04 22:36:00,1,预警,焚烧炉出口氧含量偏高
2025-06-04 22:38:00,1,预警,焚烧炉出口氧含量偏高
2025-06-04 22:40:00,1,预警,焚烧炉出口氧含量偏高
2025-06-04 22:42:00,1,预警,焚烧炉出口氧含量偏高
2025-06-04 22:44:00,1,预警,焚烧炉出口氧含量偏高
2025-06-04 22:46:00,1,预警,焚烧炉出口氧含量偏高
2025-06-04 22:52:00,1,预警,焚烧炉出口氧含量偏高
2025-06-04 22:56:00,1,预警,焚烧炉出口氧含量偏高
2025-06-04 22:58:00,1,预警,焚烧炉出口氧含量偏高
2025-06-04 23:14:00,1,预警,焚烧炉出口氧含量偏高
2025-06-04 23:18:00,1,预警,焚烧炉出口氧含量偏高
2025-06-04 23:20:00,1,预警,焚烧炉出口氧含量偏高
2025-06-04 23:22:00,1,预警,焚烧炉出口氧含量偏高
2025-06-04 23:24:00,1,预警,焚烧炉出口氧含量偏高
2025-06-04 23:26:00,1,预警,焚烧炉出口氧含量偏高
2025-06-04 23:28:00,1,预警,焚烧炉出口氧含量偏高
2025-06-04 23:30:00,1,预警,焚烧炉出口氧含量偏高
2025-06-04 23:32:00,1,预警,焚烧炉出口氧含量偏高
2025-06-04 23:34:00,1,预警,焚烧炉出口氧含量偏高
2025-06-04 23:36:00,1,预警,焚烧炉出口氧含量偏高
2025-06-04 23:38:00,1,预警,焚烧炉出口氧含量偏高
2025-06-04 23:40:00,1,预警,焚烧炉出口氧含量偏高
2025-06-04 23:42:00,1,预警,焚烧炉出口氧含量偏高
2025-06-04 23:44:00,1,预警,焚烧炉出口氧含量偏高
2025-06-04 23:46:00,1,预警,焚烧炉出口氧含量偏高
2025-06-04 23:48:00,1,预警,焚烧炉出口氧含量偏高
2025-06-04 23:50:00,1,预警,焚烧炉出口氧含量偏高
2025-06-04 23:52:00,1,预警,焚烧炉出口氧含量偏高
2025-06-04 23:54:00,1,预警,焚烧炉出口氧含量偏高
2025-06-04 23:56:00,1,预警,焚烧炉出口氧含量偏高
2025-06-04 23:58:00,1,预警,焚烧炉出口氧含量偏高
