﻿时间,炉号,预警/报警类型,预警/报警事件
2025-06-05 00:06:00,1,预警,焚烧炉出口氧含量偏高
2025-06-05 00:08:00,1,预警,焚烧炉出口氧含量偏高
2025-06-05 00:10:00,1,预警,焚烧炉出口氧含量偏高
2025-06-05 00:12:00,1,预警,焚烧炉出口氧含量偏高
2025-06-05 00:14:00,1,预警,焚烧炉出口氧含量偏高
2025-06-05 00:16:00,1,预警,焚烧炉出口氧含量偏高
2025-06-05 00:18:00,1,预警,焚烧炉出口氧含量偏高
2025-06-05 00:20:00,1,预警,焚烧炉出口氧含量偏高
2025-06-05 00:22:00,1,预警,焚烧炉出口氧含量偏高
2025-06-05 00:24:00,1,预警,焚烧炉出口氧含量偏高
2025-06-05 00:26:00,1,预警,焚烧炉出口氧含量偏高
2025-06-05 00:28:00,1,预警,焚烧炉出口氧含量偏高
2025-06-05 00:30:00,1,预警,焚烧炉出口氧含量偏高
2025-06-05 00:32:00,1,预警,焚烧炉出口氧含量偏高
2025-06-05 00:34:00,1,预警,焚烧炉出口氧含量偏高
2025-06-05 00:36:00,1,预警,焚烧炉出口氧含量偏高
2025-06-05 00:38:00,1,预警,焚烧炉出口氧含量偏高
2025-06-05 00:40:00,1,预警,焚烧炉出口氧含量偏高
2025-06-05 00:42:00,1,预警,焚烧炉出口氧含量偏高
2025-06-05 00:44:00,1,预警,焚烧炉出口氧含量偏高
2025-06-05 01:02:00,1,预警,焚烧炉出口氧含量偏高
2025-06-05 01:34:00,1,预警,焚烧炉出口氧含量偏高
2025-06-05 01:36:00,1,预警,焚烧炉出口氧含量偏高
2025-06-05 01:38:00,1,预警,焚烧炉出口氧含量偏高
2025-06-05 01:40:00,1,预警,焚烧炉出口氧含量偏高
2025-06-05 01:42:00,1,预警,焚烧炉出口氧含量偏高
2025-06-05 01:44:00,1,预警,焚烧炉出口氧含量偏高
2025-06-05 01:46:00,1,预警,焚烧炉出口氧含量偏高
2025-06-05 01:48:00,1,预警,焚烧炉出口氧含量偏高
2025-06-05 01:50:00,1,预警,焚烧炉出口氧含量偏高
2025-06-05 01:52:00,1,预警,焚烧炉出口氧含量偏高
2025-06-05 01:54:00,1,预警,焚烧炉出口氧含量偏高
2025-06-05 01:56:00,1,预警,焚烧炉出口氧含量偏高
2025-06-05 01:58:00,1,预警,焚烧炉出口氧含量偏高
2025-06-05 02:00:00,1,预警,焚烧炉出口氧含量偏高
2025-06-05 02:02:00,1,预警,焚烧炉出口氧含量偏高
2025-06-05 02:04:00,1,预警,焚烧炉出口氧含量偏高
2025-06-05 02:06:00,1,预警,焚烧炉出口氧含量偏高
2025-06-05 02:08:00,1,预警,焚烧炉出口氧含量偏高
2025-06-05 02:10:00,1,预警,焚烧炉出口氧含量偏高
2025-06-05 02:12:00,1,预警,焚烧炉出口氧含量偏高
2025-06-05 02:14:00,1,预警,焚烧炉出口氧含量偏高
2025-06-05 02:16:00,1,预警,焚烧炉出口氧含量偏高
2025-06-05 02:20:00,1,预警,焚烧炉出口氧含量偏高
2025-06-05 02:22:00,1,预警,焚烧炉出口氧含量偏高
2025-06-05 02:24:00,1,预警,焚烧炉出口氧含量偏高
2025-06-05 02:26:00,1,预警,焚烧炉出口氧含量偏高
2025-06-05 02:28:00,1,预警,焚烧炉出口氧含量偏高
2025-06-05 02:30:00,1,预警,焚烧炉出口氧含量偏高
2025-06-05 02:32:00,1,预警,焚烧炉出口氧含量偏高
2025-06-05 02:34:00,1,预警,焚烧炉出口氧含量偏高
2025-06-05 02:36:00,1,预警,焚烧炉出口氧含量偏高
2025-06-05 02:38:00,1,预警,焚烧炉出口氧含量偏高
2025-06-05 02:40:00,1,预警,焚烧炉出口氧含量偏高
2025-06-05 02:42:00,1,预警,焚烧炉出口氧含量偏高
2025-06-05 02:44:00,1,预警,焚烧炉出口氧含量偏高
2025-06-05 02:46:00,1,预警,焚烧炉出口氧含量偏高
2025-06-05 02:48:00,1,预警,焚烧炉出口氧含量偏高
2025-06-05 02:50:00,1,预警,焚烧炉出口氧含量偏高
2025-06-05 02:52:00,1,预警,焚烧炉出口氧含量偏高
2025-06-05 02:54:00,1,预警,焚烧炉出口氧含量偏高
2025-06-05 02:56:00,1,预警,焚烧炉出口氧含量偏高
2025-06-05 02:58:00,1,预警,焚烧炉出口氧含量偏高
2025-06-05 03:00:00,1,预警,焚烧炉出口氧含量偏高
2025-06-05 03:02:00,1,预警,焚烧炉出口氧含量偏高
2025-06-05 03:04:00,1,预警,焚烧炉出口氧含量偏高
2025-06-05 03:06:00,1,预警,焚烧炉出口氧含量偏高
2025-06-05 03:08:00,1,预警,焚烧炉出口氧含量偏高
2025-06-05 03:10:00,1,预警,焚烧炉出口氧含量偏高
2025-06-05 03:12:00,1,预警,焚烧炉出口氧含量偏高
2025-06-05 03:14:00,1,预警,焚烧炉出口氧含量偏高
2025-06-05 03:16:00,1,预警,焚烧炉出口氧含量偏高
2025-06-05 03:18:00,1,预警,焚烧炉出口氧含量偏高
2025-06-05 03:20:00,1,预警,焚烧炉出口氧含量偏高
2025-06-05 03:22:00,1,预警,焚烧炉出口氧含量偏高
2025-06-05 03:24:00,1,预警,焚烧炉出口氧含量偏高
2025-06-05 03:26:00,1,预警,焚烧炉出口氧含量偏高
2025-06-05 03:28:00,1,预警,焚烧炉出口氧含量偏高
2025-06-05 03:30:00,1,预警,焚烧炉出口氧含量偏高
2025-06-05 03:32:00,1,预警,焚烧炉出口氧含量偏高
2025-06-05 03:34:00,1,预警,焚烧炉出口氧含量偏高
2025-06-05 03:36:00,1,预警,焚烧炉出口氧含量偏高
2025-06-05 03:38:00,1,预警,焚烧炉出口氧含量偏高
2025-06-05 03:40:00,1,预警,焚烧炉出口氧含量偏高
2025-06-05 03:44:00,1,预警,焚烧炉出口氧含量偏高
2025-06-05 03:46:00,1,预警,焚烧炉出口氧含量偏高
2025-06-05 03:48:00,1,预警,焚烧炉出口氧含量偏高
2025-06-05 04:48:00,1,预警,焚烧炉出口氧含量偏高
2025-06-05 04:50:00,1,预警,焚烧炉出口氧含量偏高
2025-06-05 04:52:00,1,预警,焚烧炉出口氧含量偏高
2025-06-05 04:54:00,1,预警,焚烧炉出口氧含量偏高
2025-06-05 04:56:00,1,预警,焚烧炉出口氧含量偏高
2025-06-05 04:58:00,1,预警,焚烧炉出口氧含量偏高
2025-06-05 05:00:00,1,预警,焚烧炉出口氧含量偏高
2025-06-05 05:02:00,1,预警,焚烧炉出口氧含量偏高
2025-06-05 05:04:00,1,预警,焚烧炉出口氧含量偏高
2025-06-05 05:06:00,1,预警,焚烧炉出口氧含量偏高
2025-06-05 05:08:00,1,预警,焚烧炉出口氧含量偏高
2025-06-05 05:10:00,1,预警,焚烧炉出口氧含量偏高
2025-06-05 05:12:00,1,预警,焚烧炉出口氧含量偏高
2025-06-05 05:14:00,1,预警,焚烧炉出口氧含量偏高
2025-06-05 05:16:00,1,预警,焚烧炉出口氧含量偏高
2025-06-05 05:18:00,1,预警,焚烧炉出口氧含量偏高
2025-06-05 05:20:00,1,预警,焚烧炉出口氧含量偏高
2025-06-05 05:22:00,1,预警,焚烧炉出口氧含量偏高
2025-06-05 05:24:00,1,预警,焚烧炉出口氧含量偏高
2025-06-05 05:26:00,1,预警,焚烧炉出口氧含量偏高
2025-06-05 05:28:00,1,预警,焚烧炉出口氧含量偏高
2025-06-05 05:30:00,1,预警,焚烧炉出口氧含量偏高
2025-06-05 05:32:00,1,预警,焚烧炉出口氧含量偏高
2025-06-05 05:34:00,1,预警,焚烧炉出口氧含量偏高
2025-06-05 05:36:00,1,预警,焚烧炉出口氧含量偏高
2025-06-05 05:38:00,1,预警,焚烧炉出口氧含量偏高
2025-06-05 05:40:00,1,预警,焚烧炉出口氧含量偏高
2025-06-05 05:42:00,1,预警,焚烧炉出口氧含量偏高
2025-06-05 05:44:00,1,预警,焚烧炉出口氧含量偏高
2025-06-05 05:46:00,1,预警,焚烧炉出口氧含量偏高
2025-06-05 05:48:00,1,预警,焚烧炉出口氧含量偏高
2025-06-05 05:50:00,1,预警,焚烧炉出口氧含量偏高
2025-06-05 05:52:00,1,预警,焚烧炉出口氧含量偏高
2025-06-05 05:54:00,1,预警,焚烧炉出口氧含量偏高
2025-06-05 05:56:00,1,预警,焚烧炉出口氧含量偏高
2025-06-05 05:58:00,1,预警,焚烧炉出口氧含量偏高
2025-06-05 06:00:00,1,预警,焚烧炉出口氧含量偏高
2025-06-05 06:02:00,1,预警,焚烧炉出口氧含量偏高
2025-06-05 06:04:00,1,预警,焚烧炉出口氧含量偏高
2025-06-05 06:06:00,1,预警,焚烧炉出口氧含量偏高
2025-06-05 06:08:00,1,预警,焚烧炉出口氧含量偏高
2025-06-05 06:10:00,1,预警,焚烧炉出口氧含量偏高
2025-06-05 06:12:00,1,预警,焚烧炉出口氧含量偏高
2025-06-05 06:14:00,1,预警,焚烧炉出口氧含量偏高
2025-06-05 06:16:00,1,预警,焚烧炉出口氧含量偏高
2025-06-05 06:18:00,1,预警,焚烧炉出口氧含量偏高
2025-06-05 06:20:00,1,预警,焚烧炉出口氧含量偏高
2025-06-05 06:22:00,1,预警,焚烧炉出口氧含量偏高
2025-06-05 06:24:00,1,预警,焚烧炉出口氧含量偏高
2025-06-05 06:26:00,1,预警,焚烧炉出口氧含量偏高
2025-06-05 06:28:00,1,预警,焚烧炉出口氧含量偏高
2025-06-05 06:30:00,1,预警,焚烧炉出口氧含量偏高
2025-06-05 06:32:00,1,预警,焚烧炉出口氧含量偏高
2025-06-05 06:34:00,1,预警,焚烧炉出口氧含量偏高
2025-06-05 07:06:00,1,预警,焚烧炉出口氧含量偏高
2025-06-05 07:08:00,1,预警,焚烧炉出口氧含量偏高
2025-06-05 07:10:00,1,预警,焚烧炉出口氧含量偏高
2025-06-05 07:12:00,1,预警,焚烧炉出口氧含量偏高
2025-06-05 07:14:00,1,预警,焚烧炉出口氧含量偏高
2025-06-05 07:16:00,1,预警,焚烧炉出口氧含量偏高
2025-06-05 07:18:00,1,预警,焚烧炉出口氧含量偏高
2025-06-05 07:20:00,1,预警,焚烧炉出口氧含量偏高
2025-06-05 07:22:00,1,预警,焚烧炉出口氧含量偏高
2025-06-05 07:24:00,1,预警,焚烧炉出口氧含量偏高
2025-06-05 07:26:00,1,预警,焚烧炉出口氧含量偏高
2025-06-05 07:28:00,1,预警,焚烧炉出口氧含量偏高
2025-06-05 07:30:00,1,预警,焚烧炉出口氧含量偏高
2025-06-05 07:32:00,1,预警,焚烧炉出口氧含量偏高
2025-06-05 07:34:00,1,预警,焚烧炉出口氧含量偏高
2025-06-05 07:36:00,1,预警,焚烧炉出口氧含量偏高
2025-06-05 07:38:00,1,预警,焚烧炉出口氧含量偏高
2025-06-05 07:40:00,1,预警,焚烧炉出口氧含量偏高
2025-06-05 07:42:00,1,预警,焚烧炉出口氧含量偏高
2025-06-05 07:44:00,1,预警,焚烧炉出口氧含量偏高
2025-06-05 07:46:00,1,预警,焚烧炉出口氧含量偏高
2025-06-05 07:48:00,1,预警,焚烧炉出口氧含量偏高
2025-06-05 07:50:00,1,预警,焚烧炉出口氧含量偏高
2025-06-05 07:52:00,1,预警,焚烧炉出口氧含量偏高
2025-06-05 07:54:00,1,预警,焚烧炉出口氧含量偏高
2025-06-05 07:56:00,1,预警,焚烧炉出口氧含量偏高
2025-06-05 07:58:00,1,预警,焚烧炉出口氧含量偏高
2025-06-05 08:00:00,1,预警,焚烧炉出口氧含量偏高
2025-06-05 08:02:00,1,预警,焚烧炉出口氧含量偏高
2025-06-05 08:04:00,1,预警,焚烧炉出口氧含量偏高
2025-06-05 08:06:00,1,预警,焚烧炉出口氧含量偏高
2025-06-05 08:08:00,1,预警,焚烧炉出口氧含量偏高
2025-06-05 08:10:00,1,预警,焚烧炉出口氧含量偏高
2025-06-05 08:12:00,1,预警,焚烧炉出口氧含量偏高
2025-06-05 08:14:00,1,预警,焚烧炉出口氧含量偏高
2025-06-05 08:16:00,1,预警,焚烧炉出口氧含量偏高
2025-06-05 08:18:00,1,预警,焚烧炉出口氧含量偏高
2025-06-05 08:20:00,1,预警,焚烧炉出口氧含量偏高
2025-06-05 08:22:00,1,预警,焚烧炉出口氧含量偏高
2025-06-05 08:24:00,1,预警,焚烧炉出口氧含量偏高
2025-06-05 08:26:00,1,预警,焚烧炉出口氧含量偏高
2025-06-05 08:28:00,1,预警,焚烧炉出口氧含量偏高
2025-06-05 08:30:00,1,预警,焚烧炉出口氧含量偏高
2025-06-05 08:52:00,1,预警,焚烧炉出口氧含量偏高
2025-06-05 08:54:00,1,预警,焚烧炉出口氧含量偏高
2025-06-05 09:00:00,1,预警,焚烧炉出口氧含量偏高
2025-06-05 09:02:00,1,预警,焚烧炉出口氧含量偏高
2025-06-05 09:04:00,1,预警,焚烧炉出口氧含量偏高
2025-06-05 09:06:00,1,预警,焚烧炉出口氧含量偏高
2025-06-05 09:08:00,1,预警,焚烧炉出口氧含量偏高
2025-06-05 09:10:00,1,预警,焚烧炉出口氧含量偏高
2025-06-05 09:12:00,1,预警,焚烧炉出口氧含量偏高
2025-06-05 09:14:00,1,预警,焚烧炉出口氧含量偏高
2025-06-05 09:16:00,1,预警,焚烧炉出口氧含量偏高
2025-06-05 09:18:00,1,预警,焚烧炉出口氧含量偏高
2025-06-05 09:22:00,1,预警,焚烧炉出口氧含量偏高
2025-06-05 09:24:00,1,预警,焚烧炉出口氧含量偏高
2025-06-05 09:34:00,1,预警,焚烧炉出口氧含量偏高
2025-06-05 10:48:00,1,预警,焚烧炉出口氧含量偏低
2025-06-05 10:50:00,1,预警,焚烧炉出口氧含量偏低
2025-06-05 10:52:00,1,预警,焚烧炉出口氧含量偏低
2025-06-05 10:54:00,1,预警,焚烧炉出口氧含量偏低
2025-06-05 10:56:00,1,预警,焚烧炉出口氧含量偏低
2025-06-05 10:58:00,1,预警,焚烧炉出口氧含量偏低
2025-06-05 11:00:00,1,预警,焚烧炉出口氧含量偏低
2025-06-05 11:02:00,1,预警,焚烧炉出口氧含量偏低
2025-06-05 11:04:00,1,预警,焚烧炉出口氧含量偏低
2025-06-05 11:06:00,1,预警,焚烧炉出口氧含量偏低
2025-06-05 11:08:00,1,预警,焚烧炉出口氧含量偏低
2025-06-05 11:10:00,1,预警,焚烧炉出口氧含量偏低
2025-06-05 11:12:00,1,预警,焚烧炉出口氧含量偏高
2025-06-05 11:14:00,1,预警,焚烧炉出口氧含量偏高
2025-06-05 11:16:00,1,预警,焚烧炉出口氧含量偏低
2025-06-05 11:18:00,1,预警,焚烧炉出口氧含量偏低
2025-06-05 11:20:00,1,预警,焚烧炉出口氧含量偏低
2025-06-05 11:22:00,1,预警,焚烧炉出口氧含量偏低
2025-06-05 11:24:00,1,预警,焚烧炉出口氧含量偏高
2025-06-05 11:26:00,1,预警,焚烧炉出口氧含量偏低
2025-06-05 11:28:00,1,预警,焚烧炉出口氧含量偏低
2025-06-05 11:30:00,1,预警,焚烧炉出口氧含量偏低
2025-06-05 11:32:00,1,预警,焚烧炉出口氧含量偏低
2025-06-05 11:34:00,1,预警,焚烧炉出口氧含量偏低
2025-06-05 11:36:00,1,预警,焚烧炉出口氧含量偏低
2025-06-05 11:38:00,1,预警,焚烧炉出口氧含量偏低
2025-06-05 11:40:00,1,预警,焚烧炉出口氧含量偏低
2025-06-05 11:42:00,1,预警,焚烧炉出口氧含量偏低
2025-06-05 11:44:00,1,预警,焚烧炉出口氧含量偏低
2025-06-05 11:46:00,1,预警,焚烧炉出口氧含量偏低
2025-06-05 11:48:00,1,预警,焚烧炉出口氧含量偏低
2025-06-05 11:50:00,1,预警,焚烧炉出口氧含量偏高
2025-06-05 12:14:00,1,预警,焚烧炉出口氧含量偏高
2025-06-05 12:38:00,1,预警,焚烧炉出口氧含量偏高
2025-06-05 12:40:00,1,预警,焚烧炉出口氧含量偏高
2025-06-05 12:46:00,1,预警,焚烧炉出口氧含量偏高
2025-06-05 13:32:00,1,预警,焚烧炉出口氧含量偏高
2025-06-05 14:02:00,1,预警,焚烧炉出口氧含量偏高
2025-06-05 14:04:00,1,预警,焚烧炉出口氧含量偏高
2025-06-05 14:06:00,1,预警,焚烧炉出口氧含量偏高
2025-06-05 14:08:00,1,预警,焚烧炉出口氧含量偏高
2025-06-05 14:10:00,1,预警,焚烧炉出口氧含量偏高
2025-06-05 14:12:00,1,预警,焚烧炉出口氧含量偏高
2025-06-05 14:14:00,1,预警,焚烧炉出口氧含量偏高
2025-06-05 14:16:00,1,预警,焚烧炉出口氧含量偏高
2025-06-05 14:18:00,1,预警,焚烧炉出口氧含量偏高
2025-06-05 14:20:00,1,预警,焚烧炉出口氧含量偏高
2025-06-05 14:22:00,1,预警,焚烧炉出口氧含量偏高
2025-06-05 14:24:00,1,预警,焚烧炉出口氧含量偏高
2025-06-05 14:30:00,1,预警,焚烧炉出口氧含量偏高
2025-06-05 14:32:00,1,预警,焚烧炉出口氧含量偏高
2025-06-05 14:34:00,1,预警,焚烧炉出口氧含量偏高
2025-06-05 14:36:00,1,预警,焚烧炉出口氧含量偏高
2025-06-05 14:38:00,1,预警,焚烧炉出口氧含量偏高
2025-06-05 14:40:00,1,预警,焚烧炉出口氧含量偏高
2025-06-05 14:42:00,1,预警,焚烧炉出口氧含量偏高
2025-06-05 14:44:00,1,预警,焚烧炉出口氧含量偏高
2025-06-05 14:46:00,1,预警,焚烧炉出口氧含量偏高
2025-06-05 14:48:00,1,预警,焚烧炉出口氧含量偏高
2025-06-05 14:50:00,1,预警,焚烧炉出口氧含量偏高
2025-06-05 14:52:00,1,预警,焚烧炉出口氧含量偏高
2025-06-05 14:54:00,1,预警,焚烧炉出口氧含量偏高
2025-06-05 14:56:00,1,预警,焚烧炉出口氧含量偏高
2025-06-05 14:58:00,1,预警,焚烧炉出口氧含量偏高
2025-06-05 15:00:00,1,预警,焚烧炉出口氧含量偏高
2025-06-05 15:02:00,1,预警,焚烧炉出口氧含量偏高
2025-06-05 15:04:00,1,预警,焚烧炉出口氧含量偏高
2025-06-05 15:06:00,1,预警,焚烧炉出口氧含量偏高
2025-06-05 15:08:00,1,预警,焚烧炉出口氧含量偏高
2025-06-05 15:20:00,1,预警,焚烧炉出口氧含量偏高
2025-06-05 15:22:00,1,预警,焚烧炉出口氧含量偏高
2025-06-05 15:24:00,1,预警,焚烧炉出口氧含量偏高
2025-06-05 15:46:00,1,预警,焚烧炉出口氧含量偏高
2025-06-05 16:58:00,1,预警,焚烧炉出口氧含量偏高
2025-06-05 17:00:00,1,预警,焚烧炉出口氧含量偏高
2025-06-05 17:02:00,1,预警,焚烧炉出口氧含量偏高
2025-06-05 17:04:00,1,预警,焚烧炉出口氧含量偏高
2025-06-05 17:06:00,1,预警,焚烧炉出口氧含量偏高
2025-06-05 17:08:00,1,预警,焚烧炉出口氧含量偏高
2025-06-05 17:10:00,1,预警,焚烧炉出口氧含量偏高
2025-06-05 17:12:00,1,预警,焚烧炉出口氧含量偏高
2025-06-05 17:14:00,1,预警,焚烧炉出口氧含量偏高
2025-06-05 17:16:01,1,预警,焚烧炉出口氧含量偏高
2025-06-05 17:18:00,1,预警,焚烧炉出口氧含量偏高
2025-06-05 17:20:00,1,预警,焚烧炉出口氧含量偏高
2025-06-05 17:22:00,1,预警,焚烧炉出口氧含量偏高
2025-06-05 17:24:00,1,预警,焚烧炉出口氧含量偏高
2025-06-05 17:26:00,1,预警,焚烧炉出口氧含量偏高
2025-06-05 17:28:00,1,预警,焚烧炉出口氧含量偏高
2025-06-05 17:30:00,1,预警,焚烧炉出口氧含量偏高
2025-06-05 17:38:00,1,预警,焚烧炉出口氧含量偏高
2025-06-05 17:42:00,1,预警,焚烧炉出口氧含量偏高
2025-06-05 17:44:00,1,预警,焚烧炉出口氧含量偏高
2025-06-05 17:46:00,1,预警,焚烧炉出口氧含量偏高
2025-06-05 17:48:00,1,预警,焚烧炉出口氧含量偏高
2025-06-05 17:50:00,1,预警,焚烧炉出口氧含量偏高
2025-06-05 17:52:00,1,预警,焚烧炉出口氧含量偏高
2025-06-05 17:54:00,1,预警,焚烧炉出口氧含量偏高
2025-06-05 17:56:00,1,预警,焚烧炉出口氧含量偏高
2025-06-05 17:58:00,1,预警,焚烧炉出口氧含量偏高
2025-06-05 18:00:00,1,预警,焚烧炉出口氧含量偏高
2025-06-05 18:02:00,1,预警,焚烧炉出口氧含量偏高
2025-06-05 18:04:00,1,预警,焚烧炉出口氧含量偏高
2025-06-05 18:06:00,1,预警,焚烧炉出口氧含量偏高
2025-06-05 18:08:00,1,预警,焚烧炉出口氧含量偏高
2025-06-05 18:10:00,1,预警,焚烧炉出口氧含量偏高
2025-06-05 18:12:00,1,预警,焚烧炉出口氧含量偏高
2025-06-05 18:14:00,1,预警,焚烧炉出口氧含量偏高
2025-06-05 18:16:00,1,预警,焚烧炉出口氧含量偏高
2025-06-05 18:18:00,1,预警,焚烧炉出口氧含量偏高
2025-06-05 18:20:00,1,预警,焚烧炉出口氧含量偏高
2025-06-05 18:22:00,1,预警,焚烧炉出口氧含量偏高
2025-06-05 18:28:00,1,预警,布袋除尘器压力损失偏低
2025-06-05 18:30:00,1,预警,布袋除尘器压力损失偏低
2025-06-05 18:30:00,1,预警,焚烧炉出口氧含量偏高
2025-06-05 18:34:00,1,预警,布袋除尘器压力损失偏低
2025-06-05 18:34:00,1,预警,焚烧炉出口氧含量偏高
2025-06-05 18:36:00,1,预警,焚烧炉出口氧含量偏高
2025-06-05 18:38:00,1,预警,焚烧炉出口氧含量偏高
2025-06-05 18:40:00,1,预警,焚烧炉出口氧含量偏高
2025-06-05 18:42:00,1,预警,焚烧炉出口氧含量偏高
2025-06-05 18:44:00,1,预警,焚烧炉出口氧含量偏高
2025-06-05 18:46:00,1,预警,焚烧炉出口氧含量偏高
2025-06-05 18:50:00,1,预警,焚烧炉出口氧含量偏高
2025-06-05 18:52:00,1,预警,焚烧炉出口氧含量偏高
2025-06-05 18:54:00,1,预警,焚烧炉出口氧含量偏高
2025-06-05 19:32:00,1,预警,焚烧炉出口氧含量偏高
2025-06-05 19:48:00,1,预警,焚烧炉出口氧含量偏高
2025-06-05 19:50:00,1,预警,焚烧炉出口氧含量偏高
2025-06-05 19:52:00,1,预警,焚烧炉出口氧含量偏高
2025-06-05 19:54:00,1,预警,焚烧炉出口氧含量偏高
2025-06-05 19:56:00,1,预警,焚烧炉出口氧含量偏高
2025-06-05 19:58:00,1,预警,焚烧炉出口氧含量偏高
2025-06-05 20:00:00,1,预警,焚烧炉出口氧含量偏高
2025-06-05 20:02:00,1,预警,焚烧炉出口氧含量偏高
2025-06-05 20:04:00,1,预警,焚烧炉出口氧含量偏高
2025-06-05 20:06:00,1,预警,焚烧炉出口氧含量偏高
2025-06-05 20:08:00,1,预警,焚烧炉出口氧含量偏高
2025-06-05 20:10:00,1,预警,焚烧炉出口氧含量偏高
2025-06-05 20:12:00,1,预警,焚烧炉出口氧含量偏高
2025-06-05 20:14:00,1,预警,焚烧炉出口氧含量偏高
2025-06-05 20:16:00,1,预警,焚烧炉出口氧含量偏高
2025-06-05 20:18:00,1,预警,焚烧炉出口氧含量偏高
2025-06-05 20:20:00,1,预警,焚烧炉出口氧含量偏高
2025-06-05 20:22:00,1,预警,焚烧炉出口氧含量偏高
2025-06-05 20:24:00,1,预警,焚烧炉出口氧含量偏高
2025-06-05 20:26:00,1,预警,焚烧炉出口氧含量偏高
2025-06-05 20:28:00,1,预警,焚烧炉出口氧含量偏高
2025-06-05 20:30:00,1,预警,焚烧炉出口氧含量偏高
2025-06-05 20:32:00,1,预警,焚烧炉出口氧含量偏高
2025-06-05 20:34:00,1,预警,焚烧炉出口氧含量偏高
2025-06-05 20:36:00,1,预警,焚烧炉出口氧含量偏高
2025-06-05 20:38:00,1,预警,焚烧炉出口氧含量偏高
2025-06-05 20:40:00,1,预警,焚烧炉出口氧含量偏高
2025-06-05 20:42:00,1,预警,焚烧炉出口氧含量偏高
2025-06-05 20:44:00,1,预警,焚烧炉出口氧含量偏高
2025-06-05 20:46:00,1,预警,焚烧炉出口氧含量偏高
2025-06-05 20:48:00,1,预警,焚烧炉出口氧含量偏高
2025-06-05 20:50:00,1,预警,焚烧炉出口氧含量偏高
2025-06-05 20:52:00,1,预警,焚烧炉出口氧含量偏高
2025-06-05 20:54:00,1,预警,焚烧炉出口氧含量偏高
2025-06-05 20:56:00,1,预警,焚烧炉出口氧含量偏高
2025-06-05 20:58:00,1,预警,焚烧炉出口氧含量偏高
2025-06-05 21:00:00,1,预警,焚烧炉出口氧含量偏高
2025-06-05 21:02:00,1,预警,焚烧炉出口氧含量偏高
2025-06-05 21:04:00,1,预警,焚烧炉出口氧含量偏高
2025-06-05 21:06:00,1,预警,焚烧炉出口氧含量偏高
2025-06-05 21:08:00,1,预警,焚烧炉出口氧含量偏高
2025-06-05 21:10:00,1,预警,焚烧炉出口氧含量偏高
2025-06-05 21:12:00,1,预警,焚烧炉出口氧含量偏高
2025-06-05 21:14:00,1,预警,焚烧炉出口氧含量偏高
2025-06-05 21:16:00,1,预警,焚烧炉出口氧含量偏高
2025-06-05 21:18:00,1,预警,焚烧炉出口氧含量偏高
2025-06-05 21:20:00,1,预警,焚烧炉出口氧含量偏高
2025-06-05 21:22:00,1,预警,焚烧炉出口氧含量偏高
2025-06-05 21:24:00,1,预警,焚烧炉出口氧含量偏高
2025-06-05 21:28:00,1,预警,焚烧炉出口氧含量偏高
2025-06-05 21:30:00,1,预警,焚烧炉出口氧含量偏高
2025-06-05 21:32:00,1,预警,焚烧炉出口氧含量偏高
2025-06-05 21:36:00,1,预警,焚烧炉出口氧含量偏高
2025-06-05 21:38:00,1,预警,焚烧炉出口氧含量偏高
2025-06-05 21:40:00,1,预警,焚烧炉出口氧含量偏高
2025-06-05 21:42:00,1,预警,焚烧炉出口氧含量偏高
2025-06-05 21:48:00,1,预警,焚烧炉出口氧含量偏高
2025-06-05 21:52:00,1,预警,焚烧炉出口氧含量偏高
2025-06-05 22:50:00,1,预警,焚烧炉出口氧含量偏高
2025-06-05 22:52:00,1,预警,焚烧炉出口氧含量偏高
2025-06-05 22:54:00,1,预警,焚烧炉出口氧含量偏高
2025-06-05 22:56:00,1,预警,焚烧炉出口氧含量偏高
2025-06-05 22:58:00,1,预警,焚烧炉出口氧含量偏高
2025-06-05 23:02:00,1,预警,焚烧炉出口氧含量偏高
2025-06-05 23:04:00,1,预警,焚烧炉出口氧含量偏高
2025-06-05 23:06:00,1,预警,焚烧炉出口氧含量偏高
2025-06-05 23:08:00,1,预警,焚烧炉出口氧含量偏高
2025-06-05 23:16:00,1,预警,焚烧炉出口氧含量偏高
2025-06-05 23:30:00,1,预警,焚烧炉出口氧含量偏高
2025-06-05 23:32:00,1,预警,焚烧炉出口氧含量偏高
2025-06-05 23:34:00,1,预警,焚烧炉出口氧含量偏高
2025-06-05 23:42:00,1,预警,焚烧炉出口氧含量偏高
2025-06-05 23:44:00,1,预警,焚烧炉出口氧含量偏高
2025-06-05 23:46:00,1,预警,焚烧炉出口氧含量偏高
2025-06-05 23:48:00,1,预警,焚烧炉出口氧含量偏高
2025-06-05 23:50:00,1,预警,焚烧炉出口氧含量偏高
2025-06-05 23:52:00,1,预警,焚烧炉出口氧含量偏高
2025-06-05 23:54:00,1,预警,焚烧炉出口氧含量偏高
