﻿时间,炉号,预警/报警类型,预警/报警事件
2025-06-06 00:04:00,1,预警,焚烧炉出口氧含量偏高
2025-06-06 00:06:00,1,预警,焚烧炉出口氧含量偏高
2025-06-06 00:24:00,1,预警,焚烧炉出口氧含量偏高
2025-06-06 00:26:00,1,预警,焚烧炉出口氧含量偏高
2025-06-06 00:28:00,1,预警,焚烧炉出口氧含量偏高
2025-06-06 00:30:00,1,预警,焚烧炉出口氧含量偏高
2025-06-06 00:32:00,1,预警,焚烧炉出口氧含量偏高
2025-06-06 00:34:00,1,预警,焚烧炉出口氧含量偏高
2025-06-06 00:36:00,1,预警,焚烧炉出口氧含量偏高
2025-06-06 00:40:00,1,预警,焚烧炉出口氧含量偏高
2025-06-06 00:54:00,1,预警,焚烧炉出口氧含量偏高
2025-06-06 00:56:00,1,预警,焚烧炉出口氧含量偏高
2025-06-06 00:58:00,1,预警,焚烧炉出口氧含量偏高
2025-06-06 01:00:00,1,预警,焚烧炉出口氧含量偏高
2025-06-06 01:02:00,1,预警,焚烧炉出口氧含量偏高
2025-06-06 01:04:00,1,预警,焚烧炉出口氧含量偏高
2025-06-06 01:06:00,1,预警,焚烧炉出口氧含量偏高
2025-06-06 01:08:00,1,预警,焚烧炉出口氧含量偏高
2025-06-06 01:10:00,1,预警,焚烧炉出口氧含量偏高
2025-06-06 01:12:00,1,预警,焚烧炉出口氧含量偏高
2025-06-06 01:14:00,1,预警,焚烧炉出口氧含量偏高
2025-06-06 01:16:00,1,预警,焚烧炉出口氧含量偏高
2025-06-06 01:18:00,1,预警,焚烧炉出口氧含量偏高
2025-06-06 01:20:00,1,预警,焚烧炉出口氧含量偏高
2025-06-06 01:22:00,1,预警,焚烧炉出口氧含量偏高
2025-06-06 01:24:00,1,预警,焚烧炉出口氧含量偏高
2025-06-06 01:26:00,1,预警,焚烧炉出口氧含量偏高
2025-06-06 01:28:00,1,预警,焚烧炉出口氧含量偏高
2025-06-06 01:30:00,1,预警,焚烧炉出口氧含量偏高
2025-06-06 01:32:00,1,预警,焚烧炉出口氧含量偏高
2025-06-06 01:34:00,1,预警,焚烧炉出口氧含量偏高
2025-06-06 01:42:00,1,预警,焚烧炉出口氧含量偏高
2025-06-06 01:44:00,1,预警,焚烧炉出口氧含量偏高
2025-06-06 01:46:00,1,预警,焚烧炉出口氧含量偏高
2025-06-06 01:48:00,1,预警,焚烧炉出口氧含量偏高
2025-06-06 01:56:00,1,预警,焚烧炉出口氧含量偏高
2025-06-06 02:18:00,1,预警,焚烧炉出口氧含量偏高
2025-06-06 02:22:00,1,预警,焚烧炉出口氧含量偏高
2025-06-06 02:36:00,1,预警,焚烧炉出口氧含量偏高
2025-06-06 02:38:00,1,预警,焚烧炉出口氧含量偏高
2025-06-06 02:40:00,1,预警,焚烧炉出口氧含量偏高
2025-06-06 02:42:00,1,预警,焚烧炉出口氧含量偏高
2025-06-06 02:44:00,1,预警,焚烧炉出口氧含量偏高
2025-06-06 02:46:00,1,预警,焚烧炉出口氧含量偏高
2025-06-06 02:48:00,1,预警,焚烧炉出口氧含量偏高
2025-06-06 02:50:00,1,预警,焚烧炉出口氧含量偏高
2025-06-06 02:52:00,1,预警,焚烧炉出口氧含量偏高
2025-06-06 02:54:00,1,预警,焚烧炉出口氧含量偏高
2025-06-06 02:56:00,1,预警,焚烧炉出口氧含量偏高
2025-06-06 02:58:00,1,预警,焚烧炉出口氧含量偏高
2025-06-06 03:00:00,1,预警,焚烧炉出口氧含量偏高
2025-06-06 03:04:00,1,预警,焚烧炉出口氧含量偏高
2025-06-06 03:06:00,1,预警,焚烧炉出口氧含量偏高
2025-06-06 03:08:00,1,预警,焚烧炉出口氧含量偏高
2025-06-06 03:10:00,1,预警,焚烧炉出口氧含量偏高
2025-06-06 03:12:00,1,预警,焚烧炉出口氧含量偏高
2025-06-06 03:14:00,1,预警,焚烧炉出口氧含量偏高
2025-06-06 03:16:00,1,预警,焚烧炉出口氧含量偏高
2025-06-06 03:18:00,1,预警,焚烧炉出口氧含量偏高
2025-06-06 03:20:00,1,预警,焚烧炉出口氧含量偏高
2025-06-06 03:22:00,1,预警,焚烧炉出口氧含量偏高
2025-06-06 03:24:00,1,预警,焚烧炉出口氧含量偏高
2025-06-06 03:26:00,1,预警,焚烧炉出口氧含量偏高
2025-06-06 03:28:00,1,预警,焚烧炉出口氧含量偏高
2025-06-06 03:30:00,1,预警,焚烧炉出口氧含量偏高
2025-06-06 03:32:00,1,预警,焚烧炉出口氧含量偏高
2025-06-06 03:34:00,1,预警,焚烧炉出口氧含量偏高
2025-06-06 03:36:00,1,预警,焚烧炉出口氧含量偏高
2025-06-06 03:38:00,1,预警,焚烧炉出口氧含量偏高
2025-06-06 03:40:00,1,预警,焚烧炉出口氧含量偏高
2025-06-06 03:42:00,1,预警,焚烧炉出口氧含量偏高
2025-06-06 03:44:00,1,预警,焚烧炉出口氧含量偏高
2025-06-06 03:46:00,1,预警,焚烧炉出口氧含量偏高
2025-06-06 03:48:00,1,预警,焚烧炉出口氧含量偏高
2025-06-06 03:50:00,1,预警,焚烧炉出口氧含量偏高
2025-06-06 03:52:00,1,预警,焚烧炉出口氧含量偏高
2025-06-06 03:54:00,1,预警,焚烧炉出口氧含量偏高
2025-06-06 03:56:00,1,预警,焚烧炉出口氧含量偏高
2025-06-06 03:58:00,1,预警,焚烧炉出口氧含量偏高
2025-06-06 04:00:00,1,预警,焚烧炉出口氧含量偏高
2025-06-06 04:02:00,1,预警,焚烧炉出口氧含量偏高
2025-06-06 04:04:00,1,预警,焚烧炉出口氧含量偏高
2025-06-06 04:06:00,1,预警,焚烧炉出口氧含量偏高
2025-06-06 04:08:00,1,预警,焚烧炉出口氧含量偏高
2025-06-06 04:10:00,1,预警,焚烧炉出口氧含量偏高
2025-06-06 04:12:00,1,预警,焚烧炉出口氧含量偏高
2025-06-06 04:14:00,1,预警,焚烧炉出口氧含量偏高
2025-06-06 04:16:00,1,预警,焚烧炉出口氧含量偏高
2025-06-06 04:18:00,1,预警,焚烧炉出口氧含量偏高
2025-06-06 04:20:00,1,预警,焚烧炉出口氧含量偏高
2025-06-06 04:22:00,1,预警,焚烧炉出口氧含量偏高
2025-06-06 04:24:00,1,预警,焚烧炉出口氧含量偏高
2025-06-06 04:26:00,1,预警,焚烧炉出口氧含量偏高
2025-06-06 04:28:00,1,预警,焚烧炉出口氧含量偏高
2025-06-06 04:30:00,1,预警,焚烧炉出口氧含量偏高
2025-06-06 04:32:00,1,预警,焚烧炉出口氧含量偏高
2025-06-06 04:34:00,1,预警,焚烧炉出口氧含量偏高
2025-06-06 04:42:00,1,预警,焚烧炉出口氧含量偏高
2025-06-06 04:44:00,1,预警,焚烧炉出口氧含量偏高
2025-06-06 04:46:00,1,预警,焚烧炉出口氧含量偏高
2025-06-06 04:48:00,1,预警,焚烧炉出口氧含量偏高
2025-06-06 04:50:00,1,预警,焚烧炉出口氧含量偏高
2025-06-06 04:52:00,1,预警,焚烧炉出口氧含量偏高
2025-06-06 04:54:00,1,预警,焚烧炉出口氧含量偏高
2025-06-06 04:56:00,1,预警,焚烧炉出口氧含量偏高
2025-06-06 04:58:00,1,预警,焚烧炉出口氧含量偏高
2025-06-06 05:00:00,1,预警,焚烧炉出口氧含量偏高
2025-06-06 05:02:00,1,预警,焚烧炉出口氧含量偏高
2025-06-06 05:04:00,1,预警,焚烧炉出口氧含量偏高
2025-06-06 05:06:00,1,预警,焚烧炉出口氧含量偏高
2025-06-06 05:08:00,1,预警,焚烧炉出口氧含量偏高
2025-06-06 05:10:00,1,预警,焚烧炉出口氧含量偏高
2025-06-06 05:12:00,1,预警,焚烧炉出口氧含量偏高
2025-06-06 05:14:00,1,预警,焚烧炉出口氧含量偏高
2025-06-06 05:16:00,1,预警,焚烧炉出口氧含量偏高
2025-06-06 05:18:00,1,预警,焚烧炉出口氧含量偏高
2025-06-06 05:20:00,1,预警,焚烧炉出口氧含量偏高
2025-06-06 05:22:00,1,预警,焚烧炉出口氧含量偏高
2025-06-06 05:24:00,1,预警,焚烧炉出口氧含量偏高
2025-06-06 05:26:00,1,预警,焚烧炉出口氧含量偏高
2025-06-06 05:28:00,1,预警,焚烧炉出口氧含量偏高
2025-06-06 05:30:00,1,预警,焚烧炉出口氧含量偏高
2025-06-06 05:52:00,1,预警,焚烧炉出口氧含量偏高
2025-06-06 06:16:00,1,预警,焚烧炉出口氧含量偏高
2025-06-06 06:18:00,1,预警,焚烧炉出口氧含量偏高
2025-06-06 06:24:00,1,预警,焚烧炉出口氧含量偏高
2025-06-06 06:26:00,1,预警,焚烧炉出口氧含量偏高
2025-06-06 06:28:00,1,预警,焚烧炉出口氧含量偏高
2025-06-06 06:30:00,1,预警,焚烧炉出口氧含量偏高
2025-06-06 06:32:00,1,预警,焚烧炉出口氧含量偏高
2025-06-06 06:34:00,1,预警,焚烧炉出口氧含量偏高
2025-06-06 06:36:00,1,预警,焚烧炉出口氧含量偏高
2025-06-06 06:38:00,1,预警,焚烧炉出口氧含量偏高
2025-06-06 06:42:00,1,预警,焚烧炉出口氧含量偏高
2025-06-06 06:44:00,1,预警,焚烧炉出口氧含量偏高
2025-06-06 06:46:00,1,预警,焚烧炉出口氧含量偏高
2025-06-06 06:48:00,1,预警,焚烧炉出口氧含量偏高
2025-06-06 06:50:00,1,预警,焚烧炉出口氧含量偏高
2025-06-06 06:52:00,1,预警,焚烧炉出口氧含量偏高
2025-06-06 06:54:00,1,预警,焚烧炉出口氧含量偏高
2025-06-06 06:56:00,1,预警,焚烧炉出口氧含量偏高
2025-06-06 06:58:00,1,预警,焚烧炉出口氧含量偏高
2025-06-06 07:00:00,1,预警,焚烧炉出口氧含量偏高
2025-06-06 07:02:00,1,预警,焚烧炉出口氧含量偏高
2025-06-06 07:04:00,1,预警,焚烧炉出口氧含量偏高
2025-06-06 07:06:00,1,预警,焚烧炉出口氧含量偏高
2025-06-06 07:08:00,1,预警,焚烧炉出口氧含量偏高
2025-06-06 07:10:00,1,预警,焚烧炉出口氧含量偏高
2025-06-06 07:12:00,1,预警,焚烧炉出口氧含量偏高
2025-06-06 07:14:00,1,预警,焚烧炉出口氧含量偏高
2025-06-06 07:16:00,1,预警,焚烧炉出口氧含量偏高
2025-06-06 07:18:00,1,预警,焚烧炉出口氧含量偏高
2025-06-06 07:20:00,1,预警,焚烧炉出口氧含量偏高
2025-06-06 07:24:00,1,预警,焚烧炉出口氧含量偏高
2025-06-06 07:26:00,1,预警,焚烧炉出口氧含量偏高
2025-06-06 07:28:00,1,预警,焚烧炉出口氧含量偏高
2025-06-06 07:30:00,1,预警,焚烧炉出口氧含量偏高
2025-06-06 07:32:00,1,预警,焚烧炉出口氧含量偏高
2025-06-06 07:34:00,1,预警,焚烧炉出口氧含量偏高
2025-06-06 07:36:00,1,预警,焚烧炉出口氧含量偏高
2025-06-06 07:38:00,1,预警,焚烧炉出口氧含量偏高
2025-06-06 07:40:00,1,预警,焚烧炉出口氧含量偏高
2025-06-06 07:42:00,1,预警,焚烧炉出口氧含量偏高
2025-06-06 07:44:00,1,预警,焚烧炉出口氧含量偏高
2025-06-06 07:46:00,1,预警,焚烧炉出口氧含量偏高
2025-06-06 07:48:00,1,预警,焚烧炉出口氧含量偏高
2025-06-06 07:50:00,1,预警,焚烧炉出口氧含量偏高
2025-06-06 07:52:00,1,预警,焚烧炉出口氧含量偏高
2025-06-06 07:54:00,1,预警,焚烧炉出口氧含量偏高
2025-06-06 07:56:00,1,预警,焚烧炉出口氧含量偏高
2025-06-06 07:58:00,1,预警,焚烧炉出口氧含量偏高
2025-06-06 09:46:00,1,预警,焚烧炉出口氧含量偏低
2025-06-06 12:04:00,1,预警,焚烧炉出口氧含量偏高
2025-06-06 12:34:00,1,预警,焚烧炉出口氧含量偏高
2025-06-06 12:36:00,1,预警,焚烧炉出口氧含量偏高
2025-06-06 12:38:00,1,预警,焚烧炉出口氧含量偏高
2025-06-06 12:40:00,1,预警,焚烧炉出口氧含量偏高
2025-06-06 12:42:00,1,预警,焚烧炉出口氧含量偏高
2025-06-06 12:44:00,1,预警,焚烧炉出口氧含量偏高
2025-06-06 12:46:00,1,预警,焚烧炉出口氧含量偏高
2025-06-06 12:48:00,1,预警,焚烧炉出口氧含量偏高
2025-06-06 12:50:00,1,预警,焚烧炉出口氧含量偏高
2025-06-06 12:52:00,1,预警,焚烧炉出口氧含量偏高
2025-06-06 12:54:00,1,预警,焚烧炉出口氧含量偏高
2025-06-06 12:56:00,1,预警,焚烧炉出口氧含量偏高
2025-06-06 12:58:00,1,预警,焚烧炉出口氧含量偏高
2025-06-06 13:00:00,1,预警,焚烧炉出口氧含量偏高
2025-06-06 13:06:00,1,预警,焚烧炉出口氧含量偏高
2025-06-06 13:36:00,1,预警,焚烧炉出口氧含量偏高
2025-06-06 13:38:00,1,预警,焚烧炉出口氧含量偏高
2025-06-06 13:40:00,1,预警,焚烧炉出口氧含量偏高
2025-06-06 13:42:00,1,预警,焚烧炉出口氧含量偏高
2025-06-06 13:44:00,1,预警,焚烧炉出口氧含量偏高
2025-06-06 13:48:00,1,预警,焚烧炉出口氧含量偏高
2025-06-06 13:50:00,1,预警,焚烧炉出口氧含量偏高
2025-06-06 13:56:00,1,预警,焚烧炉出口氧含量偏高
2025-06-06 14:08:00,1,预警,焚烧炉出口氧含量偏高
2025-06-06 14:10:00,1,预警,焚烧炉出口氧含量偏高
2025-06-06 14:12:00,1,预警,焚烧炉出口氧含量偏高
2025-06-06 14:14:00,1,预警,焚烧炉出口氧含量偏高
2025-06-06 14:24:00,1,预警,焚烧炉出口氧含量偏高
2025-06-06 14:40:00,1,预警,焚烧炉出口氧含量偏高
2025-06-06 14:44:00,1,预警,焚烧炉出口氧含量偏高
2025-06-06 14:46:00,1,预警,焚烧炉出口氧含量偏高
2025-06-06 14:48:00,1,预警,焚烧炉出口氧含量偏高
2025-06-06 14:50:00,1,预警,焚烧炉出口氧含量偏高
2025-06-06 15:26:00,1,预警,焚烧炉出口氧含量偏高
2025-06-06 15:28:00,1,预警,焚烧炉出口氧含量偏高
2025-06-06 15:30:00,1,预警,焚烧炉出口氧含量偏高
2025-06-06 15:32:00,1,预警,焚烧炉出口氧含量偏高
2025-06-06 16:48:00,1,预警,焚烧炉出口氧含量偏高
2025-06-06 16:50:00,1,预警,焚烧炉出口氧含量偏高
2025-06-06 16:52:00,1,预警,焚烧炉出口氧含量偏高
2025-06-06 16:56:00,1,预警,焚烧炉出口氧含量偏高
2025-06-06 16:58:00,1,预警,焚烧炉出口氧含量偏高
2025-06-06 17:00:00,1,预警,焚烧炉出口氧含量偏高
2025-06-06 17:02:00,1,预警,焚烧炉出口氧含量偏高
2025-06-06 17:10:00,1,预警,焚烧炉出口氧含量偏高
2025-06-06 18:06:00,1,预警,焚烧炉出口氧含量偏高
2025-06-06 18:08:00,1,预警,焚烧炉出口氧含量偏高
2025-06-06 18:10:00,1,预警,焚烧炉出口氧含量偏高
2025-06-06 19:50:00,1,预警,焚烧炉出口氧含量偏高
2025-06-06 20:14:00,1,预警,焚烧炉出口氧含量偏高
2025-06-06 20:16:00,1,预警,焚烧炉出口氧含量偏高
2025-06-06 20:18:00,1,预警,焚烧炉出口氧含量偏高
2025-06-06 20:20:00,1,预警,焚烧炉出口氧含量偏高
2025-06-06 20:22:00,1,预警,焚烧炉出口氧含量偏高
2025-06-06 20:24:00,1,预警,焚烧炉出口氧含量偏高
2025-06-06 20:26:00,1,预警,焚烧炉出口氧含量偏高
2025-06-06 20:28:00,1,预警,焚烧炉出口氧含量偏高
2025-06-06 20:32:00,1,预警,焚烧炉出口氧含量偏高
2025-06-06 20:34:00,1,预警,焚烧炉出口氧含量偏高
2025-06-06 20:36:00,1,预警,焚烧炉出口氧含量偏高
2025-06-06 20:38:00,1,预警,焚烧炉出口氧含量偏高
2025-06-06 20:42:00,1,预警,焚烧炉出口氧含量偏高
2025-06-06 20:44:00,1,预警,焚烧炉出口氧含量偏高
2025-06-06 20:46:00,1,预警,焚烧炉出口氧含量偏高
2025-06-06 21:12:00,1,预警,焚烧炉出口氧含量偏高
2025-06-06 21:14:00,1,预警,焚烧炉出口氧含量偏高
2025-06-06 21:16:00,1,预警,焚烧炉出口氧含量偏高
2025-06-06 21:26:00,1,预警,布袋除尘器压力损失偏低
2025-06-06 21:26:00,1,预警,焚烧炉出口氧含量偏高
2025-06-06 21:28:00,1,预警,焚烧炉出口氧含量偏高
2025-06-06 21:30:00,1,预警,焚烧炉出口氧含量偏高
2025-06-06 21:34:00,1,预警,焚烧炉出口氧含量偏高
2025-06-06 21:38:00,1,预警,焚烧炉出口氧含量偏高
2025-06-06 21:40:00,1,预警,焚烧炉出口氧含量偏高
2025-06-06 22:50:00,1,预警,焚烧炉出口氧含量偏高
2025-06-06 22:54:00,1,预警,焚烧炉出口氧含量偏高
2025-06-06 22:56:00,1,预警,焚烧炉出口氧含量偏高
2025-06-06 22:58:00,1,预警,焚烧炉出口氧含量偏高
2025-06-06 23:00:00,1,预警,焚烧炉出口氧含量偏高
2025-06-06 23:08:00,1,预警,焚烧炉出口氧含量偏高
2025-06-06 23:10:00,1,预警,焚烧炉出口氧含量偏高
2025-06-06 23:12:00,1,预警,焚烧炉出口氧含量偏高
2025-06-06 23:18:00,1,预警,焚烧炉出口氧含量偏高
2025-06-06 23:22:00,1,预警,焚烧炉出口氧含量偏高
2025-06-06 23:28:00,1,预警,焚烧炉出口氧含量偏高
2025-06-06 23:30:00,1,预警,焚烧炉出口氧含量偏高
2025-06-06 23:32:00,1,预警,焚烧炉出口氧含量偏高
2025-06-06 23:34:00,1,预警,焚烧炉出口氧含量偏高
2025-06-06 23:36:00,1,预警,焚烧炉出口氧含量偏高
2025-06-06 23:38:00,1,预警,焚烧炉出口氧含量偏高
2025-06-06 23:40:00,1,预警,焚烧炉出口氧含量偏高
2025-06-06 23:42:00,1,预警,焚烧炉出口氧含量偏高
2025-06-06 23:44:00,1,预警,焚烧炉出口氧含量偏高
2025-06-06 23:46:00,1,预警,焚烧炉出口氧含量偏高
2025-06-06 23:48:00,1,预警,焚烧炉出口氧含量偏高
2025-06-06 23:50:00,1,预警,焚烧炉出口氧含量偏高
2025-06-06 23:52:00,1,预警,焚烧炉出口氧含量偏高
2025-06-06 23:54:00,1,预警,焚烧炉出口氧含量偏高
2025-06-06 23:56:00,1,预警,焚烧炉出口氧含量偏高
2025-06-06 23:58:01,1,预警,焚烧炉出口氧含量偏高
