﻿时间,炉号,预警/报警类型,预警/报警事件
2025-06-07 00:00:00,1,预警,焚烧炉出口氧含量偏高
2025-06-07 00:02:00,1,预警,焚烧炉出口氧含量偏高
2025-06-07 00:04:00,1,预警,焚烧炉出口氧含量偏高
2025-06-07 00:06:00,1,预警,焚烧炉出口氧含量偏高
2025-06-07 00:12:00,1,预警,焚烧炉出口氧含量偏高
2025-06-07 01:20:00,1,预警,焚烧炉出口氧含量偏高
2025-06-07 01:32:00,1,预警,焚烧炉出口氧含量偏高
2025-06-07 01:34:00,1,预警,焚烧炉出口氧含量偏高
2025-06-07 01:36:00,1,预警,焚烧炉出口氧含量偏高
2025-06-07 01:38:00,1,预警,焚烧炉出口氧含量偏高
2025-06-07 02:18:00,1,预警,焚烧炉出口氧含量偏高
2025-06-07 02:20:00,1,预警,焚烧炉出口氧含量偏高
2025-06-07 02:22:00,1,预警,焚烧炉出口氧含量偏高
2025-06-07 02:24:00,1,预警,焚烧炉出口氧含量偏高
2025-06-07 02:26:00,1,预警,焚烧炉出口氧含量偏高
2025-06-07 02:28:00,1,预警,焚烧炉出口氧含量偏高
2025-06-07 02:30:00,1,预警,焚烧炉出口氧含量偏高
2025-06-07 02:32:00,1,预警,焚烧炉出口氧含量偏高
2025-06-07 02:34:00,1,预警,焚烧炉出口氧含量偏高
2025-06-07 02:36:00,1,预警,焚烧炉出口氧含量偏高
2025-06-07 02:38:00,1,预警,焚烧炉出口氧含量偏高
2025-06-07 02:40:00,1,预警,焚烧炉出口氧含量偏高
2025-06-07 02:42:00,1,预警,焚烧炉出口氧含量偏高
2025-06-07 02:44:00,1,预警,焚烧炉出口氧含量偏高
2025-06-07 02:46:00,1,预警,焚烧炉出口氧含量偏高
2025-06-07 02:48:00,1,预警,焚烧炉出口氧含量偏高
2025-06-07 02:50:00,1,预警,焚烧炉出口氧含量偏高
2025-06-07 02:52:00,1,预警,焚烧炉出口氧含量偏高
2025-06-07 02:54:00,1,预警,焚烧炉出口氧含量偏高
2025-06-07 02:56:00,1,预警,焚烧炉出口氧含量偏高
2025-06-07 02:58:00,1,预警,焚烧炉出口氧含量偏高
2025-06-07 03:00:00,1,预警,焚烧炉出口氧含量偏高
2025-06-07 03:02:00,1,预警,焚烧炉出口氧含量偏高
2025-06-07 03:04:00,1,预警,焚烧炉出口氧含量偏高
2025-06-07 03:06:00,1,预警,焚烧炉出口氧含量偏高
2025-06-07 03:08:00,1,预警,焚烧炉出口氧含量偏高
2025-06-07 03:10:00,1,预警,焚烧炉出口氧含量偏高
2025-06-07 03:14:00,1,预警,焚烧炉出口氧含量偏高
2025-06-07 03:16:00,1,预警,焚烧炉出口氧含量偏高
2025-06-07 03:18:00,1,预警,焚烧炉出口氧含量偏高
2025-06-07 03:20:00,1,预警,焚烧炉出口氧含量偏高
2025-06-07 03:22:00,1,预警,焚烧炉出口氧含量偏高
2025-06-07 03:24:00,1,预警,焚烧炉出口氧含量偏高
2025-06-07 03:26:00,1,预警,焚烧炉出口氧含量偏高
2025-06-07 03:28:00,1,预警,焚烧炉出口氧含量偏高
2025-06-07 03:30:00,1,预警,焚烧炉出口氧含量偏高
2025-06-07 03:48:00,1,预警,焚烧炉出口氧含量偏高
2025-06-07 03:52:00,1,预警,焚烧炉出口氧含量偏高
2025-06-07 04:02:00,1,预警,焚烧炉出口氧含量偏高
2025-06-07 04:06:00,1,预警,焚烧炉出口氧含量偏高
2025-06-07 04:08:00,1,预警,焚烧炉出口氧含量偏高
2025-06-07 04:10:00,1,预警,焚烧炉出口氧含量偏高
2025-06-07 04:56:00,1,预警,焚烧炉出口氧含量偏高
2025-06-07 05:02:00,1,预警,焚烧炉出口氧含量偏高
2025-06-07 05:04:00,1,预警,焚烧炉出口氧含量偏高
2025-06-07 05:12:00,1,预警,焚烧炉出口氧含量偏高
2025-06-07 05:32:00,1,预警,焚烧炉出口氧含量偏高
2025-06-07 05:34:00,1,预警,焚烧炉出口氧含量偏高
2025-06-07 05:36:00,1,预警,焚烧炉出口氧含量偏高
2025-06-07 05:38:00,1,预警,焚烧炉出口氧含量偏高
2025-06-07 05:40:00,1,预警,焚烧炉出口氧含量偏高
2025-06-07 05:42:00,1,预警,焚烧炉出口氧含量偏高
2025-06-07 05:42:00,1,预警,布袋除尘器压力损失偏低
2025-06-07 05:44:00,1,预警,焚烧炉出口氧含量偏高
2025-06-07 05:44:00,1,预警,布袋除尘器压力损失偏低
2025-06-07 05:46:00,1,预警,布袋除尘器压力损失偏低
2025-06-07 05:46:00,1,预警,焚烧炉出口氧含量偏高
2025-06-07 05:48:00,1,预警,焚烧炉出口氧含量偏高
2025-06-07 05:48:00,1,预警,布袋除尘器压力损失偏低
2025-06-07 05:50:00,1,预警,焚烧炉出口氧含量偏高
2025-06-07 05:50:00,1,预警,布袋除尘器压力损失偏低
2025-06-07 05:52:00,1,预警,焚烧炉出口氧含量偏高
2025-06-07 05:52:00,1,预警,布袋除尘器压力损失偏低
2025-06-07 05:54:00,1,预警,焚烧炉出口氧含量偏高
2025-06-07 05:54:00,1,预警,布袋除尘器压力损失偏低
2025-06-07 05:56:00,1,预警,布袋除尘器压力损失偏低
2025-06-07 05:56:00,1,预警,焚烧炉出口氧含量偏高
2025-06-07 05:58:00,1,预警,布袋除尘器压力损失偏低
2025-06-07 05:58:00,1,预警,焚烧炉出口氧含量偏高
2025-06-07 06:00:00,1,预警,布袋除尘器压力损失偏低
2025-06-07 06:00:00,1,预警,焚烧炉出口氧含量偏高
2025-06-07 06:02:00,1,预警,焚烧炉出口氧含量偏高
2025-06-07 06:02:00,1,预警,布袋除尘器压力损失偏低
2025-06-07 06:04:00,1,预警,布袋除尘器压力损失偏低
2025-06-07 06:04:00,1,预警,焚烧炉出口氧含量偏高
2025-06-07 06:06:00,1,预警,焚烧炉出口氧含量偏高
2025-06-07 06:08:00,1,预警,焚烧炉出口氧含量偏高
2025-06-07 06:08:00,1,预警,布袋除尘器压力损失偏低
2025-06-07 06:10:00,1,预警,布袋除尘器压力损失偏低
2025-06-07 06:10:00,1,预警,焚烧炉出口氧含量偏高
2025-06-07 06:12:00,1,预警,焚烧炉出口氧含量偏高
2025-06-07 06:14:00,1,预警,焚烧炉出口氧含量偏高
2025-06-07 08:08:00,1,预警,焚烧炉出口氧含量偏高
2025-06-07 08:14:00,1,预警,焚烧炉出口氧含量偏高
2025-06-07 08:16:00,1,预警,焚烧炉出口氧含量偏高
2025-06-07 08:32:00,1,预警,焚烧炉出口氧含量偏高
2025-06-07 08:42:00,1,预警,焚烧炉出口氧含量偏高
2025-06-07 08:44:00,1,预警,焚烧炉出口氧含量偏高
2025-06-07 08:46:00,1,预警,焚烧炉出口氧含量偏高
2025-06-07 08:48:00,1,预警,焚烧炉出口氧含量偏高
2025-06-07 08:50:00,1,预警,焚烧炉出口氧含量偏高
2025-06-07 09:16:00,1,预警,焚烧炉出口氧含量偏高
2025-06-07 09:20:00,1,预警,焚烧炉出口氧含量偏高
2025-06-07 09:22:00,1,预警,焚烧炉出口氧含量偏高
2025-06-07 09:24:00,1,预警,焚烧炉出口氧含量偏高
2025-06-07 09:26:00,1,预警,焚烧炉出口氧含量偏高
2025-06-07 09:28:00,1,预警,焚烧炉出口氧含量偏高
2025-06-07 09:30:00,1,预警,焚烧炉出口氧含量偏高
2025-06-07 09:32:00,1,预警,焚烧炉出口氧含量偏高
2025-06-07 09:34:00,1,预警,焚烧炉出口氧含量偏高
2025-06-07 09:36:00,1,预警,焚烧炉出口氧含量偏高
2025-06-07 09:38:00,1,预警,焚烧炉出口氧含量偏高
2025-06-07 09:40:00,1,预警,焚烧炉出口氧含量偏高
2025-06-07 09:42:00,1,预警,焚烧炉出口氧含量偏高
2025-06-07 09:44:00,1,预警,焚烧炉出口氧含量偏高
2025-06-07 09:46:00,1,预警,焚烧炉出口氧含量偏高
2025-06-07 09:48:00,1,预警,焚烧炉出口氧含量偏高
2025-06-07 09:50:00,1,预警,焚烧炉出口氧含量偏高
2025-06-07 09:52:00,1,预警,焚烧炉出口氧含量偏高
2025-06-07 09:54:00,1,预警,焚烧炉出口氧含量偏高
2025-06-07 09:56:00,1,预警,焚烧炉出口氧含量偏高
2025-06-07 09:58:00,1,预警,焚烧炉出口氧含量偏高
2025-06-07 10:00:00,1,预警,焚烧炉出口氧含量偏高
2025-06-07 10:02:00,1,预警,焚烧炉出口氧含量偏高
2025-06-07 10:04:00,1,预警,焚烧炉出口氧含量偏高
2025-06-07 10:06:00,1,预警,焚烧炉出口氧含量偏高
2025-06-07 10:08:00,1,预警,焚烧炉出口氧含量偏高
2025-06-07 10:10:00,1,预警,焚烧炉出口氧含量偏高
2025-06-07 10:12:00,1,预警,焚烧炉出口氧含量偏高
2025-06-07 11:16:00,1,预警,焚烧炉出口氧含量偏高
2025-06-07 11:20:00,1,预警,焚烧炉出口氧含量偏高
2025-06-07 11:26:00,1,预警,焚烧炉出口氧含量偏高
2025-06-07 11:28:00,1,预警,焚烧炉出口氧含量偏高
2025-06-07 11:30:00,1,预警,焚烧炉出口氧含量偏高
2025-06-07 11:32:00,1,预警,焚烧炉出口氧含量偏高
2025-06-07 11:34:00,1,预警,焚烧炉出口氧含量偏高
2025-06-07 11:36:00,1,预警,焚烧炉出口氧含量偏高
2025-06-07 11:38:00,1,预警,焚烧炉出口氧含量偏高
2025-06-07 11:40:00,1,预警,焚烧炉出口氧含量偏高
2025-06-07 15:02:00,1,预警,焚烧炉出口氧含量偏高
2025-06-07 15:46:00,1,预警,焚烧炉出口氧含量偏高
2025-06-07 15:48:00,1,预警,焚烧炉出口氧含量偏高
2025-06-07 15:52:00,1,预警,焚烧炉出口氧含量偏高
2025-06-07 15:54:00,1,预警,焚烧炉出口氧含量偏高
2025-06-07 15:56:00,1,预警,焚烧炉出口氧含量偏高
2025-06-07 15:58:00,1,预警,焚烧炉出口氧含量偏高
2025-06-07 16:00:00,1,预警,焚烧炉出口氧含量偏高
2025-06-07 16:02:00,1,预警,焚烧炉出口氧含量偏高
2025-06-07 16:04:01,1,预警,焚烧炉出口氧含量偏高
2025-06-07 16:06:00,1,预警,焚烧炉出口氧含量偏高
2025-06-07 16:08:00,1,预警,焚烧炉出口氧含量偏高
2025-06-07 16:10:00,1,预警,焚烧炉出口氧含量偏高
2025-06-07 16:12:00,1,预警,焚烧炉出口氧含量偏高
2025-06-07 16:14:00,1,预警,焚烧炉出口氧含量偏高
2025-06-07 16:16:00,1,预警,焚烧炉出口氧含量偏高
2025-06-07 16:18:00,1,预警,焚烧炉出口氧含量偏高
2025-06-07 16:20:00,1,预警,焚烧炉出口氧含量偏高
2025-06-07 16:22:00,1,预警,焚烧炉出口氧含量偏高
2025-06-07 16:24:00,1,预警,焚烧炉出口氧含量偏高
2025-06-07 16:26:00,1,预警,焚烧炉出口氧含量偏高
2025-06-07 16:28:00,1,预警,焚烧炉出口氧含量偏高
2025-06-07 16:34:00,1,预警,焚烧炉出口氧含量偏高
2025-06-07 16:36:00,1,预警,焚烧炉出口氧含量偏高
2025-06-07 16:38:00,1,预警,焚烧炉出口氧含量偏高
2025-06-07 16:40:00,1,预警,焚烧炉出口氧含量偏高
2025-06-07 16:46:00,1,预警,焚烧炉出口氧含量偏高
2025-06-07 16:48:00,1,预警,焚烧炉出口氧含量偏高
2025-06-07 16:50:00,1,预警,焚烧炉出口氧含量偏高
2025-06-07 16:52:00,1,预警,焚烧炉出口氧含量偏高
2025-06-07 16:54:00,1,预警,焚烧炉出口氧含量偏高
2025-06-07 16:56:00,1,预警,焚烧炉出口氧含量偏高
2025-06-07 17:02:00,1,预警,焚烧炉出口氧含量偏高
2025-06-07 17:04:00,1,预警,焚烧炉出口氧含量偏高
2025-06-07 17:06:00,1,预警,焚烧炉出口氧含量偏高
2025-06-07 17:08:00,1,预警,焚烧炉出口氧含量偏高
2025-06-07 17:10:00,1,预警,焚烧炉出口氧含量偏高
2025-06-07 17:12:00,1,预警,焚烧炉出口氧含量偏高
2025-06-07 17:50:00,1,预警,焚烧炉出口氧含量偏高
2025-06-07 17:52:00,1,预警,焚烧炉出口氧含量偏高
2025-06-07 17:54:00,1,预警,焚烧炉出口氧含量偏高
2025-06-07 17:58:00,1,预警,焚烧炉出口氧含量偏高
2025-06-07 18:00:00,1,预警,焚烧炉出口氧含量偏高
2025-06-07 18:02:00,1,预警,焚烧炉出口氧含量偏高
2025-06-07 18:04:00,1,预警,焚烧炉出口氧含量偏高
2025-06-07 18:06:00,1,预警,焚烧炉出口氧含量偏高
2025-06-07 18:08:00,1,预警,焚烧炉出口氧含量偏高
2025-06-07 18:10:00,1,预警,焚烧炉出口氧含量偏高
2025-06-07 18:12:00,1,预警,焚烧炉出口氧含量偏高
2025-06-07 18:14:00,1,预警,焚烧炉出口氧含量偏高
2025-06-07 18:16:00,1,预警,焚烧炉出口氧含量偏高
2025-06-07 18:18:00,1,预警,焚烧炉出口氧含量偏高
2025-06-07 18:20:00,1,预警,焚烧炉出口氧含量偏高
2025-06-07 18:22:00,1,预警,焚烧炉出口氧含量偏高
2025-06-07 18:24:00,1,预警,焚烧炉出口氧含量偏高
2025-06-07 18:26:00,1,预警,焚烧炉出口氧含量偏高
2025-06-07 18:28:00,1,预警,焚烧炉出口氧含量偏高
2025-06-07 18:30:00,1,预警,焚烧炉出口氧含量偏高
2025-06-07 18:34:00,1,预警,焚烧炉出口氧含量偏高
2025-06-07 18:38:00,1,预警,焚烧炉出口氧含量偏高
2025-06-07 18:40:00,1,预警,焚烧炉出口氧含量偏高
2025-06-07 18:44:00,1,预警,焚烧炉出口氧含量偏高
2025-06-07 18:52:00,1,预警,焚烧炉出口氧含量偏高
2025-06-07 18:56:00,1,预警,焚烧炉出口氧含量偏高
2025-06-07 19:08:00,1,预警,焚烧炉出口氧含量偏高
2025-06-07 19:10:00,1,预警,焚烧炉出口氧含量偏高
2025-06-07 19:12:00,1,预警,焚烧炉出口氧含量偏高
2025-06-07 19:14:00,1,预警,焚烧炉出口氧含量偏高
2025-06-07 19:18:00,1,预警,焚烧炉出口氧含量偏高
2025-06-07 19:22:00,1,预警,焚烧炉出口氧含量偏高
2025-06-07 19:24:00,1,预警,焚烧炉出口氧含量偏高
2025-06-07 19:26:00,1,预警,焚烧炉出口氧含量偏高
2025-06-07 19:28:00,1,预警,焚烧炉出口氧含量偏高
2025-06-07 19:30:00,1,预警,焚烧炉出口氧含量偏高
2025-06-07 19:32:00,1,预警,焚烧炉出口氧含量偏高
2025-06-07 19:36:00,1,预警,焚烧炉出口氧含量偏高
2025-06-07 19:38:00,1,预警,焚烧炉出口氧含量偏高
2025-06-07 19:40:00,1,预警,焚烧炉出口氧含量偏高
2025-06-07 19:42:00,1,预警,焚烧炉出口氧含量偏高
2025-06-07 19:44:00,1,预警,焚烧炉出口氧含量偏高
2025-06-07 19:46:00,1,预警,焚烧炉出口氧含量偏高
2025-06-07 19:48:00,1,预警,焚烧炉出口氧含量偏高
2025-06-07 19:50:00,1,预警,焚烧炉出口氧含量偏高
2025-06-07 19:52:00,1,预警,焚烧炉出口氧含量偏高
2025-06-07 19:54:00,1,预警,焚烧炉出口氧含量偏高
2025-06-07 19:56:00,1,预警,焚烧炉出口氧含量偏高
2025-06-07 19:58:00,1,预警,焚烧炉出口氧含量偏高
2025-06-07 20:00:00,1,预警,焚烧炉出口氧含量偏高
2025-06-07 20:02:00,1,预警,焚烧炉出口氧含量偏高
2025-06-07 20:14:00,1,预警,焚烧炉出口氧含量偏高
2025-06-07 20:16:00,1,预警,焚烧炉出口氧含量偏高
2025-06-07 20:18:00,1,预警,焚烧炉出口氧含量偏高
2025-06-07 20:32:00,1,预警,焚烧炉出口氧含量偏高
2025-06-07 20:34:00,1,预警,焚烧炉出口氧含量偏高
2025-06-07 20:36:00,1,预警,焚烧炉出口氧含量偏高
2025-06-07 20:38:00,1,预警,焚烧炉出口氧含量偏高
2025-06-07 20:44:00,1,预警,焚烧炉出口氧含量偏高
2025-06-07 20:46:00,1,预警,焚烧炉出口氧含量偏高
2025-06-07 20:48:00,1,预警,焚烧炉出口氧含量偏高
2025-06-07 20:50:00,1,预警,焚烧炉出口氧含量偏高
2025-06-07 20:52:00,1,预警,焚烧炉出口氧含量偏高
2025-06-07 20:54:00,1,预警,焚烧炉出口氧含量偏高
2025-06-07 20:58:00,1,预警,焚烧炉出口氧含量偏高
2025-06-07 21:16:00,1,预警,焚烧炉出口氧含量偏高
2025-06-07 21:20:00,1,预警,焚烧炉出口氧含量偏高
2025-06-07 22:14:00,1,预警,焚烧炉出口氧含量偏高
2025-06-07 22:16:00,1,预警,焚烧炉出口氧含量偏高
2025-06-07 22:18:00,1,预警,焚烧炉出口氧含量偏高
2025-06-07 22:22:00,1,预警,焚烧炉出口氧含量偏高
2025-06-07 22:26:00,1,预警,焚烧炉出口氧含量偏高
2025-06-07 22:28:00,1,预警,焚烧炉出口氧含量偏高
2025-06-07 22:32:00,1,预警,焚烧炉出口氧含量偏高
2025-06-07 22:34:00,1,预警,焚烧炉出口氧含量偏高
2025-06-07 22:36:00,1,预警,焚烧炉出口氧含量偏高
2025-06-07 22:38:00,1,预警,焚烧炉出口氧含量偏高
2025-06-07 22:42:00,1,预警,焚烧炉出口氧含量偏高
2025-06-07 22:44:00,1,预警,焚烧炉出口氧含量偏高
2025-06-07 22:46:00,1,预警,焚烧炉出口氧含量偏高
2025-06-07 22:48:00,1,预警,焚烧炉出口氧含量偏高
2025-06-07 22:50:00,1,预警,焚烧炉出口氧含量偏高
2025-06-07 22:52:00,1,预警,焚烧炉出口氧含量偏高
2025-06-07 22:54:00,1,预警,焚烧炉出口氧含量偏高
2025-06-07 23:04:00,1,预警,焚烧炉出口氧含量偏高
2025-06-07 23:06:00,1,预警,焚烧炉出口氧含量偏高
2025-06-07 23:08:00,1,预警,焚烧炉出口氧含量偏高
2025-06-07 23:10:00,1,预警,焚烧炉出口氧含量偏高
2025-06-07 23:24:00,1,预警,焚烧炉出口氧含量偏高
2025-06-07 23:26:00,1,预警,焚烧炉出口氧含量偏高
2025-06-07 23:28:00,1,预警,焚烧炉出口氧含量偏高
2025-06-07 23:30:00,1,预警,焚烧炉出口氧含量偏高
2025-06-07 23:32:00,1,预警,焚烧炉出口氧含量偏高
2025-06-07 23:34:00,1,预警,焚烧炉出口氧含量偏高
2025-06-07 23:36:00,1,预警,焚烧炉出口氧含量偏高
2025-06-07 23:38:00,1,预警,焚烧炉出口氧含量偏高
2025-06-07 23:40:00,1,预警,焚烧炉出口氧含量偏高
2025-06-07 23:42:00,1,预警,焚烧炉出口氧含量偏高
2025-06-07 23:44:00,1,预警,焚烧炉出口氧含量偏高
2025-06-07 23:46:00,1,预警,焚烧炉出口氧含量偏高
2025-06-07 23:48:00,1,预警,焚烧炉出口氧含量偏高
2025-06-07 23:50:00,1,预警,焚烧炉出口氧含量偏高
2025-06-07 23:52:00,1,预警,焚烧炉出口氧含量偏高
2025-06-07 23:54:00,1,预警,焚烧炉出口氧含量偏高
2025-06-07 23:56:00,1,预警,焚烧炉出口氧含量偏高
2025-06-07 23:58:00,1,预警,焚烧炉出口氧含量偏高
