﻿时间,炉号,预警/报警类型,预警/报警事件
2025-06-08 00:00:00,1,预警,焚烧炉出口氧含量偏高
2025-06-08 00:02:00,1,预警,焚烧炉出口氧含量偏高
2025-06-08 00:04:00,1,预警,焚烧炉出口氧含量偏高
2025-06-08 00:06:00,1,预警,焚烧炉出口氧含量偏高
2025-06-08 00:08:00,1,预警,焚烧炉出口氧含量偏高
2025-06-08 00:10:00,1,预警,焚烧炉出口氧含量偏高
2025-06-08 00:12:00,1,预警,焚烧炉出口氧含量偏高
2025-06-08 00:14:00,1,预警,焚烧炉出口氧含量偏高
2025-06-08 00:16:00,1,预警,焚烧炉出口氧含量偏高
2025-06-08 00:18:00,1,预警,焚烧炉出口氧含量偏高
2025-06-08 00:20:00,1,预警,焚烧炉出口氧含量偏高
2025-06-08 00:22:00,1,预警,焚烧炉出口氧含量偏高
2025-06-08 00:24:00,1,预警,焚烧炉出口氧含量偏高
2025-06-08 00:26:00,1,预警,焚烧炉出口氧含量偏高
2025-06-08 00:28:00,1,预警,焚烧炉出口氧含量偏高
2025-06-08 00:30:00,1,预警,焚烧炉出口氧含量偏高
2025-06-08 00:32:00,1,预警,焚烧炉出口氧含量偏高
2025-06-08 00:34:00,1,预警,焚烧炉出口氧含量偏高
2025-06-08 00:36:00,1,预警,焚烧炉出口氧含量偏高
2025-06-08 00:38:00,1,预警,焚烧炉出口氧含量偏高
2025-06-08 00:40:00,1,预警,焚烧炉出口氧含量偏高
2025-06-08 00:42:00,1,预警,焚烧炉出口氧含量偏高
2025-06-08 00:44:00,1,预警,焚烧炉出口氧含量偏高
2025-06-08 00:46:00,1,预警,焚烧炉出口氧含量偏高
2025-06-08 00:48:00,1,预警,焚烧炉出口氧含量偏高
2025-06-08 00:50:00,1,预警,焚烧炉出口氧含量偏高
2025-06-08 00:52:00,1,预警,焚烧炉出口氧含量偏高
2025-06-08 01:20:00,1,预警,焚烧炉出口氧含量偏高
2025-06-08 01:24:00,1,预警,焚烧炉出口氧含量偏高
2025-06-08 03:02:00,1,预警,焚烧炉出口氧含量偏高
2025-06-08 03:04:00,1,预警,焚烧炉出口氧含量偏高
2025-06-08 03:06:00,1,预警,焚烧炉出口氧含量偏高
2025-06-08 03:08:00,1,预警,焚烧炉出口氧含量偏高
2025-06-08 03:12:00,1,预警,焚烧炉出口氧含量偏高
2025-06-08 03:18:00,1,预警,焚烧炉出口氧含量偏高
2025-06-08 03:20:00,1,预警,焚烧炉出口氧含量偏高
2025-06-08 03:22:00,1,预警,焚烧炉出口氧含量偏高
2025-06-08 03:24:00,1,预警,焚烧炉出口氧含量偏高
2025-06-08 03:26:00,1,预警,焚烧炉出口氧含量偏高
2025-06-08 03:28:00,1,预警,焚烧炉出口氧含量偏高
2025-06-08 03:30:00,1,预警,焚烧炉出口氧含量偏高
2025-06-08 03:32:00,1,预警,焚烧炉出口氧含量偏高
2025-06-08 03:34:00,1,预警,焚烧炉出口氧含量偏高
2025-06-08 03:36:00,1,预警,焚烧炉出口氧含量偏高
2025-06-08 03:38:00,1,预警,焚烧炉出口氧含量偏高
2025-06-08 03:40:00,1,预警,焚烧炉出口氧含量偏高
2025-06-08 03:42:00,1,预警,焚烧炉出口氧含量偏高
2025-06-08 04:58:00,1,预警,焚烧炉出口氧含量偏高
2025-06-08 05:00:00,1,预警,焚烧炉出口氧含量偏高
2025-06-08 05:02:00,1,预警,焚烧炉出口氧含量偏高
2025-06-08 05:04:00,1,预警,焚烧炉出口氧含量偏高
2025-06-08 05:06:00,1,预警,焚烧炉出口氧含量偏高
2025-06-08 05:08:00,1,预警,焚烧炉出口氧含量偏高
2025-06-08 05:16:00,1,预警,焚烧炉出口氧含量偏高
2025-06-08 05:18:00,1,预警,焚烧炉出口氧含量偏高
2025-06-08 05:20:00,1,预警,焚烧炉出口氧含量偏高
2025-06-08 05:22:00,1,预警,焚烧炉出口氧含量偏高
2025-06-08 05:24:00,1,预警,焚烧炉出口氧含量偏高
2025-06-08 05:26:00,1,预警,焚烧炉出口氧含量偏高
2025-06-08 05:28:00,1,预警,焚烧炉出口氧含量偏高
2025-06-08 05:30:00,1,预警,焚烧炉出口氧含量偏高
2025-06-08 05:32:00,1,预警,焚烧炉出口氧含量偏高
2025-06-08 05:34:00,1,预警,焚烧炉出口氧含量偏高
2025-06-08 05:36:00,1,预警,焚烧炉出口氧含量偏高
2025-06-08 05:38:00,1,预警,焚烧炉出口氧含量偏高
2025-06-08 05:40:00,1,预警,焚烧炉出口氧含量偏高
2025-06-08 05:44:00,1,预警,焚烧炉出口氧含量偏高
2025-06-08 05:46:00,1,预警,焚烧炉出口氧含量偏高
2025-06-08 06:06:00,1,预警,焚烧炉出口氧含量偏高
2025-06-08 06:36:00,1,预警,焚烧炉出口氧含量偏高
2025-06-08 06:42:00,1,预警,焚烧炉出口氧含量偏高
2025-06-08 06:56:00,1,预警,焚烧炉出口氧含量偏高
2025-06-08 07:00:00,1,预警,焚烧炉出口氧含量偏高
2025-06-08 07:04:00,1,预警,焚烧炉出口氧含量偏高
2025-06-08 07:24:00,1,预警,焚烧炉出口氧含量偏高
2025-06-08 08:56:00,1,预警,焚烧炉出口氧含量偏高
2025-06-08 08:58:00,1,预警,焚烧炉出口氧含量偏高
2025-06-08 09:00:00,1,预警,焚烧炉出口氧含量偏高
2025-06-08 09:02:00,1,预警,焚烧炉出口氧含量偏高
2025-06-08 09:04:00,1,预警,焚烧炉出口氧含量偏高
2025-06-08 09:12:00,1,预警,焚烧炉出口氧含量偏高
2025-06-08 09:16:00,1,预警,焚烧炉出口氧含量偏高
2025-06-08 09:18:00,1,预警,焚烧炉出口氧含量偏高
2025-06-08 09:34:00,1,预警,焚烧炉出口氧含量偏高
2025-06-08 09:36:00,1,预警,焚烧炉出口氧含量偏高
2025-06-08 10:20:00,1,预警,焚烧炉出口氧含量偏高
2025-06-08 10:48:00,1,预警,焚烧炉出口氧含量偏高
2025-06-08 12:26:00,1,预警,焚烧炉出口氧含量偏高
2025-06-08 12:28:00,1,预警,焚烧炉出口氧含量偏高
2025-06-08 12:30:00,1,预警,焚烧炉出口氧含量偏高
2025-06-08 12:32:00,1,预警,焚烧炉出口氧含量偏高
2025-06-08 13:06:00,1,预警,焚烧炉出口氧含量偏高
2025-06-08 13:20:00,1,预警,焚烧炉出口氧含量偏高
2025-06-08 13:26:00,1,预警,焚烧炉出口氧含量偏高
2025-06-08 13:28:00,1,预警,焚烧炉出口氧含量偏高
2025-06-08 13:30:00,1,预警,焚烧炉出口氧含量偏高
2025-06-08 13:32:00,1,预警,焚烧炉出口氧含量偏高
2025-06-08 13:34:00,1,预警,焚烧炉出口氧含量偏高
2025-06-08 13:36:00,1,预警,焚烧炉出口氧含量偏高
2025-06-08 13:38:00,1,预警,焚烧炉出口氧含量偏高
2025-06-08 13:40:00,1,预警,焚烧炉出口氧含量偏高
2025-06-08 13:42:00,1,预警,焚烧炉出口氧含量偏高
2025-06-08 13:44:00,1,预警,焚烧炉出口氧含量偏高
2025-06-08 13:46:00,1,预警,焚烧炉出口氧含量偏高
2025-06-08 13:48:00,1,预警,焚烧炉出口氧含量偏高
2025-06-08 13:50:00,1,预警,焚烧炉出口氧含量偏高
2025-06-08 13:52:00,1,预警,焚烧炉出口氧含量偏高
2025-06-08 13:54:00,1,预警,焚烧炉出口氧含量偏高
2025-06-08 13:56:00,1,预警,焚烧炉出口氧含量偏高
2025-06-08 13:58:00,1,预警,焚烧炉出口氧含量偏高
2025-06-08 14:00:00,1,预警,焚烧炉出口氧含量偏高
2025-06-08 14:02:00,1,预警,焚烧炉出口氧含量偏高
2025-06-08 14:08:00,1,预警,焚烧炉出口氧含量偏高
2025-06-08 14:10:00,1,预警,焚烧炉出口氧含量偏高
2025-06-08 14:12:00,1,预警,焚烧炉出口氧含量偏高
2025-06-08 14:14:00,1,预警,焚烧炉出口氧含量偏高
2025-06-08 14:16:00,1,预警,焚烧炉出口氧含量偏高
2025-06-08 14:18:00,1,预警,焚烧炉出口氧含量偏高
2025-06-08 14:20:00,1,预警,焚烧炉出口氧含量偏高
2025-06-08 15:10:00,1,预警,焚烧炉出口氧含量偏高
2025-06-08 15:12:00,1,预警,焚烧炉出口氧含量偏高
2025-06-08 15:14:00,1,预警,焚烧炉出口氧含量偏高
2025-06-08 15:20:00,1,预警,焚烧炉出口氧含量偏高
2025-06-08 15:36:00,1,预警,布袋除尘器压力损失偏低
2025-06-08 16:14:00,1,预警,焚烧炉出口氧含量偏高
2025-06-08 16:18:00,1,预警,焚烧炉出口氧含量偏高
2025-06-08 16:48:00,1,预警,焚烧炉出口氧含量偏高
2025-06-08 16:50:00,1,预警,焚烧炉出口氧含量偏高
2025-06-08 16:52:00,1,预警,焚烧炉出口氧含量偏高
2025-06-08 16:54:00,1,预警,焚烧炉出口氧含量偏高
2025-06-08 17:08:00,1,预警,焚烧炉出口氧含量偏高
2025-06-08 17:14:00,1,预警,焚烧炉出口氧含量偏高
2025-06-08 17:20:00,1,预警,焚烧炉出口氧含量偏高
2025-06-08 17:22:00,1,预警,焚烧炉出口氧含量偏高
2025-06-08 17:26:00,1,预警,焚烧炉出口氧含量偏高
2025-06-08 17:28:00,1,预警,焚烧炉出口氧含量偏高
2025-06-08 17:34:00,1,预警,焚烧炉出口氧含量偏高
2025-06-08 17:40:00,1,预警,焚烧炉出口氧含量偏高
2025-06-08 17:42:00,1,预警,焚烧炉出口氧含量偏高
2025-06-08 17:44:00,1,预警,焚烧炉出口氧含量偏高
2025-06-08 17:48:00,1,预警,焚烧炉出口氧含量偏高
2025-06-08 17:50:00,1,预警,焚烧炉出口氧含量偏高
2025-06-08 17:52:00,1,预警,焚烧炉出口氧含量偏高
2025-06-08 17:54:00,1,预警,焚烧炉出口氧含量偏高
2025-06-08 17:56:00,1,预警,焚烧炉出口氧含量偏高
2025-06-08 17:58:00,1,预警,焚烧炉出口氧含量偏高
2025-06-08 18:00:00,1,预警,焚烧炉出口氧含量偏高
2025-06-08 18:02:00,1,预警,焚烧炉出口氧含量偏高
2025-06-08 18:04:00,1,预警,焚烧炉出口氧含量偏高
2025-06-08 18:06:00,1,预警,焚烧炉出口氧含量偏高
2025-06-08 18:08:00,1,预警,焚烧炉出口氧含量偏高
2025-06-08 18:10:00,1,预警,焚烧炉出口氧含量偏高
2025-06-08 18:12:00,1,预警,焚烧炉出口氧含量偏高
2025-06-08 18:14:00,1,预警,焚烧炉出口氧含量偏高
2025-06-08 18:16:00,1,预警,焚烧炉出口氧含量偏高
2025-06-08 18:18:00,1,预警,焚烧炉出口氧含量偏高
2025-06-08 18:20:00,1,预警,焚烧炉出口氧含量偏高
2025-06-08 18:22:00,1,预警,焚烧炉出口氧含量偏高
2025-06-08 18:24:00,1,预警,焚烧炉出口氧含量偏高
2025-06-08 18:26:00,1,预警,焚烧炉出口氧含量偏高
2025-06-08 18:28:00,1,预警,焚烧炉出口氧含量偏高
2025-06-08 18:30:00,1,预警,焚烧炉出口氧含量偏高
2025-06-08 18:32:00,1,预警,焚烧炉出口氧含量偏高
2025-06-08 18:34:00,1,预警,焚烧炉出口氧含量偏高
2025-06-08 18:36:00,1,预警,焚烧炉出口氧含量偏高
2025-06-08 18:38:00,1,预警,焚烧炉出口氧含量偏高
2025-06-08 18:40:00,1,预警,焚烧炉出口氧含量偏高
2025-06-08 18:42:00,1,预警,焚烧炉出口氧含量偏高
2025-06-08 18:44:00,1,预警,焚烧炉出口氧含量偏高
2025-06-08 18:46:00,1,预警,焚烧炉出口氧含量偏高
2025-06-08 18:48:00,1,预警,焚烧炉出口氧含量偏高
2025-06-08 19:00:00,1,预警,焚烧炉出口氧含量偏高
2025-06-08 19:02:00,1,预警,焚烧炉出口氧含量偏高
2025-06-08 19:04:00,1,预警,焚烧炉出口氧含量偏高
2025-06-08 19:06:00,1,预警,焚烧炉出口氧含量偏高
2025-06-08 19:08:00,1,预警,焚烧炉出口氧含量偏高
2025-06-08 19:10:00,1,预警,焚烧炉出口氧含量偏高
2025-06-08 19:12:00,1,预警,焚烧炉出口氧含量偏高
2025-06-08 19:30:00,1,预警,焚烧炉出口氧含量偏高
2025-06-08 19:32:00,1,预警,焚烧炉出口氧含量偏高
2025-06-08 19:36:00,1,预警,焚烧炉出口氧含量偏高
2025-06-08 19:40:00,1,预警,焚烧炉出口氧含量偏高
2025-06-08 20:06:00,1,预警,焚烧炉出口氧含量偏高
2025-06-08 20:10:00,1,预警,焚烧炉出口氧含量偏高
2025-06-08 20:12:00,1,预警,焚烧炉出口氧含量偏高
2025-06-08 20:14:00,1,预警,焚烧炉出口氧含量偏高
2025-06-08 20:16:00,1,预警,焚烧炉出口氧含量偏高
2025-06-08 20:28:00,1,预警,焚烧炉出口氧含量偏高
2025-06-08 20:32:00,1,预警,焚烧炉出口氧含量偏高
2025-06-08 20:34:00,1,预警,焚烧炉出口氧含量偏高
2025-06-08 20:36:00,1,预警,焚烧炉出口氧含量偏高
2025-06-08 20:38:00,1,预警,焚烧炉出口氧含量偏高
2025-06-08 20:40:00,1,预警,焚烧炉出口氧含量偏高
2025-06-08 20:42:00,1,预警,焚烧炉出口氧含量偏高
2025-06-08 20:44:00,1,预警,焚烧炉出口氧含量偏高
2025-06-08 20:46:00,1,预警,焚烧炉出口氧含量偏高
2025-06-08 20:48:00,1,预警,焚烧炉出口氧含量偏高
2025-06-08 20:50:00,1,预警,焚烧炉出口氧含量偏高
2025-06-08 20:52:00,1,预警,焚烧炉出口氧含量偏高
2025-06-08 20:54:00,1,预警,焚烧炉出口氧含量偏高
2025-06-08 20:56:00,1,预警,焚烧炉出口氧含量偏高
2025-06-08 20:58:00,1,预警,焚烧炉出口氧含量偏高
2025-06-08 21:00:00,1,预警,焚烧炉出口氧含量偏高
2025-06-08 21:02:00,1,预警,焚烧炉出口氧含量偏高
2025-06-08 21:04:00,1,预警,焚烧炉出口氧含量偏高
2025-06-08 21:06:00,1,预警,焚烧炉出口氧含量偏高
2025-06-08 21:08:00,1,预警,焚烧炉出口氧含量偏高
2025-06-08 21:10:00,1,预警,焚烧炉出口氧含量偏高
2025-06-08 21:12:00,1,预警,焚烧炉出口氧含量偏高
2025-06-08 21:14:00,1,预警,焚烧炉出口氧含量偏高
2025-06-08 21:16:00,1,预警,焚烧炉出口氧含量偏高
2025-06-08 21:18:00,1,预警,焚烧炉出口氧含量偏高
2025-06-08 21:20:00,1,预警,焚烧炉出口氧含量偏高
2025-06-08 21:24:00,1,预警,焚烧炉出口氧含量偏高
2025-06-08 21:26:00,1,预警,焚烧炉出口氧含量偏高
2025-06-08 21:28:00,1,预警,焚烧炉出口氧含量偏高
2025-06-08 21:34:00,1,预警,焚烧炉出口氧含量偏高
2025-06-08 21:36:00,1,预警,焚烧炉出口氧含量偏高
2025-06-08 21:38:00,1,预警,焚烧炉出口氧含量偏高
2025-06-08 21:40:00,1,预警,焚烧炉出口氧含量偏高
2025-06-08 21:42:00,1,预警,焚烧炉出口氧含量偏高
2025-06-08 21:44:00,1,预警,焚烧炉出口氧含量偏高
2025-06-08 21:46:00,1,预警,焚烧炉出口氧含量偏高
2025-06-08 21:48:00,1,预警,焚烧炉出口氧含量偏高
2025-06-08 21:50:00,1,预警,焚烧炉出口氧含量偏高
2025-06-08 21:52:00,1,预警,焚烧炉出口氧含量偏高
2025-06-08 21:54:00,1,预警,焚烧炉出口氧含量偏高
2025-06-08 21:56:00,1,预警,焚烧炉出口氧含量偏高
2025-06-08 21:58:00,1,预警,焚烧炉出口氧含量偏高
2025-06-08 22:00:00,1,预警,焚烧炉出口氧含量偏高
2025-06-08 22:02:00,1,预警,焚烧炉出口氧含量偏高
2025-06-08 22:04:00,1,预警,焚烧炉出口氧含量偏高
2025-06-08 22:06:00,1,预警,焚烧炉出口氧含量偏高
2025-06-08 22:08:00,1,预警,焚烧炉出口氧含量偏高
2025-06-08 22:10:00,1,预警,焚烧炉出口氧含量偏高
2025-06-08 22:12:00,1,预警,焚烧炉出口氧含量偏高
2025-06-08 22:14:00,1,预警,焚烧炉出口氧含量偏高
2025-06-08 22:16:00,1,预警,焚烧炉出口氧含量偏高
2025-06-08 22:18:00,1,预警,焚烧炉出口氧含量偏高
2025-06-08 22:20:00,1,预警,焚烧炉出口氧含量偏高
2025-06-08 22:22:00,1,预警,焚烧炉出口氧含量偏高
2025-06-08 22:24:00,1,预警,焚烧炉出口氧含量偏高
2025-06-08 22:26:00,1,预警,焚烧炉出口氧含量偏高
2025-06-08 22:28:00,1,预警,焚烧炉出口氧含量偏高
2025-06-08 22:30:00,1,预警,焚烧炉出口氧含量偏高
2025-06-08 22:32:00,1,预警,焚烧炉出口氧含量偏高
2025-06-08 22:36:00,1,预警,焚烧炉出口氧含量偏高
2025-06-08 22:38:00,1,预警,焚烧炉出口氧含量偏高
2025-06-08 22:40:00,1,预警,焚烧炉出口氧含量偏高
2025-06-08 22:42:00,1,预警,焚烧炉出口氧含量偏高
2025-06-08 22:44:00,1,预警,焚烧炉出口氧含量偏高
2025-06-08 22:46:00,1,预警,焚烧炉出口氧含量偏高
2025-06-08 22:48:00,1,预警,焚烧炉出口氧含量偏高
2025-06-08 23:00:00,1,预警,焚烧炉出口氧含量偏高
2025-06-08 23:02:00,1,预警,焚烧炉出口氧含量偏高
2025-06-08 23:04:00,1,预警,焚烧炉出口氧含量偏高
2025-06-08 23:06:00,1,预警,焚烧炉出口氧含量偏高
2025-06-08 23:08:00,1,预警,焚烧炉出口氧含量偏高
2025-06-08 23:10:00,1,预警,焚烧炉出口氧含量偏高
2025-06-08 23:12:00,1,预警,焚烧炉出口氧含量偏高
2025-06-08 23:14:00,1,预警,焚烧炉出口氧含量偏高
2025-06-08 23:16:00,1,预警,焚烧炉出口氧含量偏高
2025-06-08 23:18:00,1,预警,焚烧炉出口氧含量偏高
2025-06-08 23:20:00,1,预警,焚烧炉出口氧含量偏高
2025-06-08 23:22:00,1,预警,焚烧炉出口氧含量偏高
2025-06-08 23:24:00,1,预警,焚烧炉出口氧含量偏高
2025-06-08 23:28:00,1,预警,焚烧炉出口氧含量偏高
2025-06-08 23:30:00,1,预警,焚烧炉出口氧含量偏高
2025-06-08 23:32:00,1,预警,焚烧炉出口氧含量偏高
2025-06-08 23:34:00,1,预警,焚烧炉出口氧含量偏高
2025-06-08 23:36:00,1,预警,焚烧炉出口氧含量偏高
2025-06-08 23:38:00,1,预警,焚烧炉出口氧含量偏高
2025-06-08 23:42:00,1,预警,焚烧炉出口氧含量偏高
2025-06-08 23:44:00,1,预警,焚烧炉出口氧含量偏高
2025-06-08 23:46:00,1,预警,焚烧炉出口氧含量偏高
2025-06-08 23:48:00,1,预警,焚烧炉出口氧含量偏高
2025-06-08 23:50:00,1,预警,焚烧炉出口氧含量偏高
2025-06-08 23:52:00,1,预警,焚烧炉出口氧含量偏高
2025-06-08 23:54:00,1,预警,焚烧炉出口氧含量偏高
2025-06-08 23:56:00,1,预警,焚烧炉出口氧含量偏高
2025-06-08 23:58:00,1,预警,焚烧炉出口氧含量偏高
