﻿时间,炉号,预警/报警类型,预警/报警事件
2025-06-09 00:00:00,1,预警,焚烧炉出口氧含量偏高
2025-06-09 00:02:00,1,预警,焚烧炉出口氧含量偏高
2025-06-09 00:04:00,1,预警,焚烧炉出口氧含量偏高
2025-06-09 00:06:00,1,预警,焚烧炉出口氧含量偏高
2025-06-09 00:08:00,1,预警,焚烧炉出口氧含量偏高
2025-06-09 00:12:00,1,预警,焚烧炉出口氧含量偏高
2025-06-09 00:14:00,1,预警,焚烧炉出口氧含量偏高
2025-06-09 00:16:00,1,预警,焚烧炉出口氧含量偏高
2025-06-09 00:18:00,1,预警,焚烧炉出口氧含量偏高
2025-06-09 00:20:00,1,预警,焚烧炉出口氧含量偏高
2025-06-09 00:22:00,1,预警,焚烧炉出口氧含量偏高
2025-06-09 00:24:00,1,预警,焚烧炉出口氧含量偏高
2025-06-09 00:26:00,1,预警,焚烧炉出口氧含量偏高
2025-06-09 00:28:00,1,预警,焚烧炉出口氧含量偏高
2025-06-09 00:30:00,1,预警,焚烧炉出口氧含量偏高
2025-06-09 00:32:00,1,预警,焚烧炉出口氧含量偏高
2025-06-09 00:34:00,1,预警,焚烧炉出口氧含量偏高
2025-06-09 00:36:00,1,预警,焚烧炉出口氧含量偏高
2025-06-09 03:22:00,1,预警,焚烧炉出口氧含量偏高
2025-06-09 03:24:00,1,预警,焚烧炉出口氧含量偏高
2025-06-09 03:26:00,1,预警,焚烧炉出口氧含量偏高
2025-06-09 03:28:00,1,预警,焚烧炉出口氧含量偏高
2025-06-09 03:30:00,1,预警,焚烧炉出口氧含量偏高
2025-06-09 03:32:00,1,预警,焚烧炉出口氧含量偏高
2025-06-09 03:34:00,1,预警,焚烧炉出口氧含量偏高
2025-06-09 03:36:00,1,预警,焚烧炉出口氧含量偏高
2025-06-09 03:38:00,1,预警,焚烧炉出口氧含量偏高
2025-06-09 03:40:00,1,预警,焚烧炉出口氧含量偏高
2025-06-09 03:42:00,1,预警,焚烧炉出口氧含量偏高
2025-06-09 03:44:00,1,预警,焚烧炉出口氧含量偏高
2025-06-09 03:46:00,1,预警,焚烧炉出口氧含量偏高
2025-06-09 03:48:00,1,预警,焚烧炉出口氧含量偏高
2025-06-09 03:50:00,1,预警,焚烧炉出口氧含量偏高
2025-06-09 03:52:00,1,预警,焚烧炉出口氧含量偏高
2025-06-09 03:54:00,1,预警,焚烧炉出口氧含量偏高
2025-06-09 03:56:00,1,预警,焚烧炉出口氧含量偏高
2025-06-09 03:58:00,1,预警,焚烧炉出口氧含量偏高
2025-06-09 04:00:00,1,预警,焚烧炉出口氧含量偏高
2025-06-09 05:02:00,1,预警,焚烧炉出口氧含量偏高
2025-06-09 05:14:00,1,预警,焚烧炉出口氧含量偏高
2025-06-09 05:16:00,1,预警,焚烧炉出口氧含量偏高
2025-06-09 05:38:00,1,预警,焚烧炉出口氧含量偏高
2025-06-09 05:40:00,1,预警,焚烧炉出口氧含量偏高
2025-06-09 05:42:00,1,预警,焚烧炉出口氧含量偏高
2025-06-09 05:44:00,1,预警,焚烧炉出口氧含量偏高
2025-06-09 05:46:00,1,预警,焚烧炉出口氧含量偏高
2025-06-09 05:48:00,1,预警,焚烧炉出口氧含量偏高
2025-06-09 05:50:00,1,预警,焚烧炉出口氧含量偏高
2025-06-09 05:52:00,1,预警,焚烧炉出口氧含量偏高
2025-06-09 05:54:00,1,预警,焚烧炉出口氧含量偏高
2025-06-09 05:56:00,1,预警,焚烧炉出口氧含量偏高
2025-06-09 05:58:00,1,预警,焚烧炉出口氧含量偏高
2025-06-09 06:00:00,1,预警,焚烧炉出口氧含量偏高
2025-06-09 06:02:00,1,预警,焚烧炉出口氧含量偏高
2025-06-09 06:04:00,1,预警,焚烧炉出口氧含量偏高
2025-06-09 06:06:00,1,预警,焚烧炉出口氧含量偏高
2025-06-09 06:08:00,1,预警,焚烧炉出口氧含量偏高
2025-06-09 06:10:00,1,预警,焚烧炉出口氧含量偏高
2025-06-09 06:12:00,1,预警,焚烧炉出口氧含量偏高
2025-06-09 06:14:00,1,预警,焚烧炉出口氧含量偏高
2025-06-09 06:16:00,1,预警,焚烧炉出口氧含量偏高
2025-06-09 06:18:00,1,预警,焚烧炉出口氧含量偏高
2025-06-09 06:20:00,1,预警,焚烧炉出口氧含量偏高
2025-06-09 06:22:00,1,预警,焚烧炉出口氧含量偏高
2025-06-09 06:24:00,1,预警,焚烧炉出口氧含量偏高
2025-06-09 06:26:00,1,预警,焚烧炉出口氧含量偏高
2025-06-09 06:28:00,1,预警,焚烧炉出口氧含量偏高
2025-06-09 06:30:00,1,预警,焚烧炉出口氧含量偏高
2025-06-09 06:32:00,1,预警,焚烧炉出口氧含量偏高
2025-06-09 06:34:00,1,预警,焚烧炉出口氧含量偏高
2025-06-09 06:36:00,1,预警,焚烧炉出口氧含量偏高
2025-06-09 06:38:00,1,预警,焚烧炉出口氧含量偏高
2025-06-09 06:40:00,1,预警,焚烧炉出口氧含量偏高
2025-06-09 06:42:00,1,预警,焚烧炉出口氧含量偏高
2025-06-09 06:44:00,1,预警,焚烧炉出口氧含量偏高
2025-06-09 06:46:00,1,预警,焚烧炉出口氧含量偏高
2025-06-09 06:48:00,1,预警,焚烧炉出口氧含量偏高
2025-06-09 06:50:00,1,预警,焚烧炉出口氧含量偏高
2025-06-09 06:52:00,1,预警,焚烧炉出口氧含量偏高
2025-06-09 06:54:00,1,预警,焚烧炉出口氧含量偏高
2025-06-09 06:56:00,1,预警,焚烧炉出口氧含量偏高
2025-06-09 06:58:00,1,预警,焚烧炉出口氧含量偏高
2025-06-09 07:00:00,1,预警,焚烧炉出口氧含量偏高
2025-06-09 07:02:00,1,预警,焚烧炉出口氧含量偏高
2025-06-09 07:04:00,1,预警,焚烧炉出口氧含量偏高
2025-06-09 07:06:00,1,预警,焚烧炉出口氧含量偏高
2025-06-09 07:08:00,1,预警,焚烧炉出口氧含量偏高
2025-06-09 07:12:00,1,预警,焚烧炉出口氧含量偏高
2025-06-09 07:14:00,1,预警,焚烧炉出口氧含量偏高
2025-06-09 07:16:00,1,预警,焚烧炉出口氧含量偏高
2025-06-09 07:18:00,1,预警,焚烧炉出口氧含量偏高
2025-06-09 07:20:00,1,预警,焚烧炉出口氧含量偏高
2025-06-09 07:22:00,1,预警,焚烧炉出口氧含量偏高
2025-06-09 07:24:00,1,预警,焚烧炉出口氧含量偏高
2025-06-09 07:26:00,1,预警,焚烧炉出口氧含量偏高
2025-06-09 07:28:00,1,预警,焚烧炉出口氧含量偏高
2025-06-09 07:30:00,1,预警,焚烧炉出口氧含量偏高
2025-06-09 07:40:00,1,预警,焚烧炉出口氧含量偏高
2025-06-09 07:42:00,1,预警,焚烧炉出口氧含量偏高
2025-06-09 07:44:00,1,预警,焚烧炉出口氧含量偏高
2025-06-09 07:46:00,1,预警,焚烧炉出口氧含量偏高
2025-06-09 07:48:00,1,预警,焚烧炉出口氧含量偏高
2025-06-09 08:22:00,1,预警,焚烧炉出口氧含量偏高
2025-06-09 08:32:00,1,预警,焚烧炉出口氧含量偏高
2025-06-09 08:36:00,1,预警,焚烧炉出口氧含量偏高
2025-06-09 08:42:00,1,预警,焚烧炉出口氧含量偏高
2025-06-09 08:44:00,1,预警,焚烧炉出口氧含量偏高
2025-06-09 08:46:00,1,预警,焚烧炉出口氧含量偏高
2025-06-09 08:48:00,1,预警,焚烧炉出口氧含量偏高
2025-06-09 08:50:00,1,预警,焚烧炉出口氧含量偏高
2025-06-09 08:52:00,1,预警,焚烧炉出口氧含量偏高
2025-06-09 09:12:00,1,预警,焚烧炉出口氧含量偏高
2025-06-09 09:14:00,1,预警,焚烧炉出口氧含量偏高
2025-06-09 09:16:00,1,预警,焚烧炉出口氧含量偏高
2025-06-09 09:18:00,1,预警,焚烧炉出口氧含量偏高
2025-06-09 09:20:00,1,预警,焚烧炉出口氧含量偏高
2025-06-09 09:22:00,1,预警,焚烧炉出口氧含量偏高
2025-06-09 09:24:00,1,预警,焚烧炉出口氧含量偏高
2025-06-09 09:26:00,1,预警,焚烧炉出口氧含量偏高
2025-06-09 09:28:00,1,预警,焚烧炉出口氧含量偏高
2025-06-09 10:00:00,1,预警,焚烧炉出口氧含量偏高
2025-06-09 10:16:00,1,预警,焚烧炉出口氧含量偏高
2025-06-09 10:18:00,1,预警,焚烧炉出口氧含量偏高
2025-06-09 10:20:00,1,预警,焚烧炉出口氧含量偏高
2025-06-09 10:22:00,1,预警,焚烧炉出口氧含量偏高
2025-06-09 10:24:00,1,预警,焚烧炉出口氧含量偏高
2025-06-09 10:34:00,1,预警,焚烧炉出口氧含量偏高
2025-06-09 10:36:00,1,预警,焚烧炉出口氧含量偏高
2025-06-09 10:38:00,1,预警,焚烧炉出口氧含量偏高
2025-06-09 10:40:00,1,预警,焚烧炉出口氧含量偏高
2025-06-09 10:42:00,1,预警,焚烧炉出口氧含量偏高
2025-06-09 10:44:00,1,预警,焚烧炉出口氧含量偏高
2025-06-09 10:46:00,1,预警,焚烧炉出口氧含量偏高
2025-06-09 10:48:00,1,预警,焚烧炉出口氧含量偏高
2025-06-09 10:50:00,1,预警,焚烧炉出口氧含量偏高
2025-06-09 10:52:00,1,预警,焚烧炉出口氧含量偏高
2025-06-09 10:54:00,1,预警,焚烧炉出口氧含量偏高
2025-06-09 10:56:00,1,预警,焚烧炉出口氧含量偏高
2025-06-09 10:58:00,1,预警,焚烧炉出口氧含量偏高
2025-06-09 11:00:00,1,预警,焚烧炉出口氧含量偏高
2025-06-09 11:02:00,1,预警,焚烧炉出口氧含量偏高
2025-06-09 11:04:00,1,预警,焚烧炉出口氧含量偏高
2025-06-09 11:06:00,1,预警,焚烧炉出口氧含量偏高
2025-06-09 11:08:00,1,预警,焚烧炉出口氧含量偏高
2025-06-09 11:10:00,1,预警,焚烧炉出口氧含量偏高
2025-06-09 11:12:00,1,预警,焚烧炉出口氧含量偏高
2025-06-09 11:14:00,1,预警,焚烧炉出口氧含量偏高
2025-06-09 14:30:00,1,预警,焚烧炉出口氧含量偏高
2025-06-09 14:38:00,1,预警,焚烧炉出口氧含量偏高
2025-06-09 14:40:00,1,预警,焚烧炉出口氧含量偏高
2025-06-09 14:46:00,1,预警,焚烧炉出口氧含量偏高
2025-06-09 14:48:00,1,预警,焚烧炉出口氧含量偏高
2025-06-09 14:50:00,1,预警,焚烧炉出口氧含量偏高
2025-06-09 14:52:00,1,预警,焚烧炉出口氧含量偏高
2025-06-09 14:54:00,1,预警,焚烧炉出口氧含量偏高
2025-06-09 14:56:00,1,预警,焚烧炉出口氧含量偏高
2025-06-09 14:58:00,1,预警,焚烧炉出口氧含量偏高
2025-06-09 15:00:00,1,预警,焚烧炉出口氧含量偏高
2025-06-09 15:02:00,1,预警,焚烧炉出口氧含量偏高
2025-06-09 16:14:00,1,预警,焚烧炉出口氧含量偏高
2025-06-09 16:16:00,1,预警,焚烧炉出口氧含量偏高
2025-06-09 16:18:00,1,预警,焚烧炉出口氧含量偏高
2025-06-09 16:20:00,1,预警,焚烧炉出口氧含量偏高
2025-06-09 16:22:00,1,预警,焚烧炉出口氧含量偏高
2025-06-09 16:24:00,1,预警,焚烧炉出口氧含量偏高
2025-06-09 16:34:00,1,预警,焚烧炉出口氧含量偏高
2025-06-09 16:36:00,1,预警,焚烧炉出口氧含量偏高
2025-06-09 16:42:00,1,预警,焚烧炉出口氧含量偏高
2025-06-09 16:44:00,1,预警,焚烧炉出口氧含量偏高
2025-06-09 16:46:00,1,预警,焚烧炉出口氧含量偏高
2025-06-09 16:48:00,1,预警,焚烧炉出口氧含量偏高
2025-06-09 16:50:00,1,预警,焚烧炉出口氧含量偏高
2025-06-09 18:14:00,1,预警,焚烧炉出口氧含量偏高
2025-06-09 18:16:00,1,预警,焚烧炉出口氧含量偏高
2025-06-09 18:18:00,1,预警,焚烧炉出口氧含量偏高
2025-06-09 18:20:00,1,预警,焚烧炉出口氧含量偏高
2025-06-09 18:22:00,1,预警,焚烧炉出口氧含量偏高
2025-06-09 18:26:00,1,预警,焚烧炉出口氧含量偏高
2025-06-09 18:28:00,1,预警,焚烧炉出口氧含量偏高
2025-06-09 18:30:00,1,预警,焚烧炉出口氧含量偏高
2025-06-09 18:32:00,1,预警,焚烧炉出口氧含量偏高
2025-06-09 18:34:00,1,预警,焚烧炉出口氧含量偏高
2025-06-09 18:36:00,1,预警,焚烧炉出口氧含量偏高
2025-06-09 18:38:00,1,预警,焚烧炉出口氧含量偏高
2025-06-09 18:40:00,1,预警,焚烧炉出口氧含量偏高
2025-06-09 18:44:00,1,预警,焚烧炉出口氧含量偏高
2025-06-09 18:46:00,1,预警,焚烧炉出口氧含量偏高
2025-06-09 18:48:00,1,预警,焚烧炉出口氧含量偏高
2025-06-09 18:50:00,1,预警,焚烧炉出口氧含量偏高
2025-06-09 18:52:00,1,预警,焚烧炉出口氧含量偏高
2025-06-09 18:54:00,1,预警,焚烧炉出口氧含量偏高
2025-06-09 18:56:00,1,预警,焚烧炉出口氧含量偏高
2025-06-09 18:58:00,1,预警,焚烧炉出口氧含量偏高
2025-06-09 19:00:00,1,预警,焚烧炉出口氧含量偏高
2025-06-09 19:02:00,1,预警,焚烧炉出口氧含量偏高
2025-06-09 19:04:00,1,预警,焚烧炉出口氧含量偏高
2025-06-09 19:06:00,1,预警,焚烧炉出口氧含量偏高
2025-06-09 19:08:00,1,预警,焚烧炉出口氧含量偏高
2025-06-09 19:10:00,1,预警,焚烧炉出口氧含量偏高
2025-06-09 19:12:00,1,预警,焚烧炉出口氧含量偏高
2025-06-09 19:14:00,1,预警,焚烧炉出口氧含量偏高
2025-06-09 19:16:00,1,预警,焚烧炉出口氧含量偏高
2025-06-09 19:18:00,1,预警,焚烧炉出口氧含量偏高
2025-06-09 19:20:00,1,预警,焚烧炉出口氧含量偏高
2025-06-09 19:22:00,1,预警,焚烧炉出口氧含量偏高
2025-06-09 19:24:00,1,预警,焚烧炉出口氧含量偏高
2025-06-09 19:26:00,1,预警,焚烧炉出口氧含量偏高
2025-06-09 19:28:00,1,预警,焚烧炉出口氧含量偏高
2025-06-09 19:38:00,1,预警,焚烧炉出口氧含量偏高
2025-06-09 19:40:00,1,预警,焚烧炉出口氧含量偏高
2025-06-09 19:42:00,1,预警,焚烧炉出口氧含量偏高
2025-06-09 19:44:00,1,预警,焚烧炉出口氧含量偏高
2025-06-09 19:46:00,1,预警,焚烧炉出口氧含量偏高
2025-06-09 19:48:00,1,预警,焚烧炉出口氧含量偏高
2025-06-09 19:50:00,1,预警,焚烧炉出口氧含量偏高
2025-06-09 19:52:00,1,预警,焚烧炉出口氧含量偏高
2025-06-09 19:54:00,1,预警,焚烧炉出口氧含量偏高
2025-06-09 19:56:00,1,预警,焚烧炉出口氧含量偏高
2025-06-09 19:58:00,1,预警,焚烧炉出口氧含量偏高
2025-06-09 20:00:00,1,预警,焚烧炉出口氧含量偏高
2025-06-09 20:02:00,1,预警,焚烧炉出口氧含量偏高
2025-06-09 20:04:00,1,预警,焚烧炉出口氧含量偏高
2025-06-09 20:06:00,1,预警,焚烧炉出口氧含量偏高
2025-06-09 20:12:00,1,预警,焚烧炉出口氧含量偏高
2025-06-09 20:14:00,1,预警,焚烧炉出口氧含量偏高
2025-06-09 20:16:00,1,预警,焚烧炉出口氧含量偏高
2025-06-09 20:18:00,1,预警,焚烧炉出口氧含量偏高
2025-06-09 20:20:00,1,预警,焚烧炉出口氧含量偏高
2025-06-09 20:22:00,1,预警,焚烧炉出口氧含量偏高
2025-06-09 20:24:00,1,预警,焚烧炉出口氧含量偏高
2025-06-09 20:26:00,1,预警,焚烧炉出口氧含量偏高
2025-06-09 20:28:00,1,预警,焚烧炉出口氧含量偏高
2025-06-09 20:30:00,1,预警,焚烧炉出口氧含量偏高
2025-06-09 20:32:00,1,预警,焚烧炉出口氧含量偏高
2025-06-09 20:34:00,1,预警,焚烧炉出口氧含量偏高
2025-06-09 20:36:00,1,预警,焚烧炉出口氧含量偏高
2025-06-09 20:38:00,1,预警,焚烧炉出口氧含量偏高
2025-06-09 20:40:00,1,预警,焚烧炉出口氧含量偏高
2025-06-09 20:42:00,1,预警,焚烧炉出口氧含量偏高
2025-06-09 20:44:00,1,预警,焚烧炉出口氧含量偏高
2025-06-09 20:46:00,1,预警,焚烧炉出口氧含量偏高
2025-06-09 20:48:00,1,预警,焚烧炉出口氧含量偏高
2025-06-09 20:50:00,1,预警,焚烧炉出口氧含量偏高
2025-06-09 20:56:00,1,预警,焚烧炉出口氧含量偏高
2025-06-09 20:58:00,1,预警,焚烧炉出口氧含量偏高
2025-06-09 21:02:00,1,预警,焚烧炉出口氧含量偏高
2025-06-09 21:18:00,1,预警,焚烧炉出口氧含量偏高
2025-06-09 21:20:00,1,预警,焚烧炉出口氧含量偏高
2025-06-09 21:22:00,1,预警,焚烧炉出口氧含量偏高
2025-06-09 21:24:00,1,预警,焚烧炉出口氧含量偏高
2025-06-09 21:38:00,1,预警,焚烧炉出口氧含量偏高
2025-06-09 21:48:00,1,预警,焚烧炉出口氧含量偏高
2025-06-09 21:58:00,1,预警,焚烧炉出口氧含量偏高
2025-06-09 22:02:00,1,预警,焚烧炉出口氧含量偏高
2025-06-09 22:04:00,1,预警,焚烧炉出口氧含量偏高
2025-06-09 22:06:00,1,预警,焚烧炉出口氧含量偏高
2025-06-09 22:08:00,1,预警,焚烧炉出口氧含量偏高
2025-06-09 22:10:00,1,预警,焚烧炉出口氧含量偏高
2025-06-09 22:12:00,1,预警,焚烧炉出口氧含量偏高
2025-06-09 22:14:00,1,预警,焚烧炉出口氧含量偏高
2025-06-09 22:16:00,1,预警,焚烧炉出口氧含量偏高
2025-06-09 22:18:00,1,预警,焚烧炉出口氧含量偏高
2025-06-09 22:22:01,1,预警,焚烧炉出口氧含量偏高
2025-06-09 22:38:00,1,预警,焚烧炉出口氧含量偏高
2025-06-09 23:10:00,1,预警,焚烧炉出口氧含量偏高
2025-06-09 23:14:00,1,预警,焚烧炉出口氧含量偏高
2025-06-09 23:16:00,1,预警,焚烧炉出口氧含量偏高
2025-06-09 23:18:00,1,预警,焚烧炉出口氧含量偏高
2025-06-09 23:20:00,1,预警,焚烧炉出口氧含量偏高
2025-06-09 23:22:00,1,预警,焚烧炉出口氧含量偏高
2025-06-09 23:28:00,1,预警,焚烧炉出口氧含量偏高
2025-06-09 23:30:00,1,预警,焚烧炉出口氧含量偏高
2025-06-09 23:32:00,1,预警,焚烧炉出口氧含量偏高
2025-06-09 23:34:00,1,预警,焚烧炉出口氧含量偏高
2025-06-09 23:36:00,1,预警,焚烧炉出口氧含量偏高
2025-06-09 23:38:00,1,预警,焚烧炉出口氧含量偏高
2025-06-09 23:40:00,1,预警,焚烧炉出口氧含量偏高
2025-06-09 23:42:00,1,预警,焚烧炉出口氧含量偏高
2025-06-09 23:44:00,1,预警,焚烧炉出口氧含量偏高
2025-06-09 23:46:00,1,预警,焚烧炉出口氧含量偏高
2025-06-09 23:48:00,1,预警,焚烧炉出口氧含量偏高
2025-06-09 23:50:00,1,预警,焚烧炉出口氧含量偏高
2025-06-09 23:52:00,1,预警,焚烧炉出口氧含量偏高
2025-06-09 23:54:00,1,预警,焚烧炉出口氧含量偏高
2025-06-09 23:56:00,1,预警,焚烧炉出口氧含量偏高
2025-06-09 23:58:00,1,预警,焚烧炉出口氧含量偏高
