﻿时间,炉号,预警/报警类型,预警/报警事件
2025-07-10 00:04:00,1,预警,焚烧炉出口氧含量偏高
2025-07-10 00:08:00,1,预警,焚烧炉出口氧含量偏高
2025-07-10 00:10:00,1,预警,焚烧炉出口氧含量偏高
2025-07-10 00:12:00,1,预警,焚烧炉出口氧含量偏高
2025-07-10 00:16:00,1,预警,焚烧炉出口氧含量偏高
2025-07-10 00:22:00,1,预警,焚烧炉出口氧含量偏高
2025-07-10 00:24:00,1,预警,焚烧炉出口氧含量偏高
2025-07-10 00:26:00,1,预警,焚烧炉出口氧含量偏高
2025-07-10 00:30:00,1,预警,焚烧炉出口氧含量偏高
2025-07-10 00:32:00,1,预警,焚烧炉出口氧含量偏高
2025-07-10 00:34:00,1,预警,焚烧炉出口氧含量偏高
2025-07-10 00:36:00,1,预警,焚烧炉出口氧含量偏高
2025-07-10 00:38:00,1,预警,焚烧炉出口氧含量偏高
2025-07-10 00:42:00,1,预警,焚烧炉出口氧含量偏高
2025-07-10 00:44:00,1,预警,焚烧炉出口氧含量偏高
2025-07-10 00:46:00,1,预警,焚烧炉出口氧含量偏高
2025-07-10 00:48:00,1,预警,焚烧炉出口氧含量偏高
2025-07-10 00:50:00,1,预警,焚烧炉出口氧含量偏高
2025-07-10 00:54:00,1,预警,焚烧炉出口氧含量偏高
2025-07-10 00:56:00,1,预警,焚烧炉出口氧含量偏高
2025-07-10 00:58:00,1,预警,焚烧炉出口氧含量偏高
2025-07-10 01:00:00,1,预警,焚烧炉出口氧含量偏高
2025-07-10 01:02:00,1,预警,焚烧炉出口氧含量偏高
2025-07-10 01:04:00,1,预警,焚烧炉出口氧含量偏高
2025-07-10 01:06:00,1,预警,焚烧炉出口氧含量偏高
2025-07-10 01:08:00,1,预警,焚烧炉出口氧含量偏高
2025-07-10 01:10:00,1,预警,焚烧炉出口氧含量偏高
2025-07-10 01:12:00,1,预警,焚烧炉出口氧含量偏高
2025-07-10 01:14:00,1,预警,焚烧炉出口氧含量偏高
2025-07-10 01:16:00,1,预警,焚烧炉出口氧含量偏高
2025-07-10 01:18:00,1,预警,焚烧炉出口氧含量偏高
2025-07-10 01:22:00,1,预警,焚烧炉出口氧含量偏高
2025-07-10 01:24:00,1,预警,焚烧炉出口氧含量偏高
2025-07-10 01:26:00,1,预警,焚烧炉出口氧含量偏高
2025-07-10 01:34:00,1,预警,焚烧炉出口氧含量偏高
2025-07-10 01:46:00,1,预警,焚烧炉出口氧含量偏高
2025-07-10 02:58:00,1,预警,焚烧炉出口氧含量偏高
2025-07-10 03:00:00,1,预警,焚烧炉出口氧含量偏高
2025-07-10 03:02:00,1,预警,焚烧炉出口氧含量偏高
2025-07-10 03:24:00,1,预警,焚烧炉出口氧含量偏高
2025-07-10 03:26:00,1,预警,焚烧炉出口氧含量偏高
2025-07-10 03:28:00,1,预警,焚烧炉出口氧含量偏高
2025-07-10 03:30:00,1,预警,焚烧炉出口氧含量偏高
2025-07-10 03:32:00,1,预警,焚烧炉出口氧含量偏高
2025-07-10 03:34:00,1,预警,焚烧炉出口氧含量偏高
2025-07-10 03:36:00,1,预警,焚烧炉出口氧含量偏高
2025-07-10 03:38:00,1,预警,焚烧炉出口氧含量偏高
2025-07-10 03:40:00,1,预警,焚烧炉出口氧含量偏高
2025-07-10 03:42:00,1,预警,焚烧炉出口氧含量偏高
2025-07-10 03:44:00,1,预警,焚烧炉出口氧含量偏高
2025-07-10 03:46:00,1,预警,焚烧炉出口氧含量偏高
2025-07-10 03:48:00,1,预警,焚烧炉出口氧含量偏高
2025-07-10 03:50:00,1,预警,焚烧炉出口氧含量偏高
2025-07-10 03:52:00,1,预警,焚烧炉出口氧含量偏高
2025-07-10 03:54:00,1,预警,焚烧炉出口氧含量偏高
2025-07-10 03:56:00,1,预警,焚烧炉出口氧含量偏高
2025-07-10 03:58:00,1,预警,焚烧炉出口氧含量偏高
2025-07-10 04:00:00,1,预警,焚烧炉出口氧含量偏高
2025-07-10 04:02:00,1,预警,焚烧炉出口氧含量偏高
2025-07-10 04:10:00,1,预警,焚烧炉出口氧含量偏高
2025-07-10 04:12:00,1,预警,焚烧炉出口氧含量偏高
2025-07-10 04:14:00,1,预警,焚烧炉出口氧含量偏高
2025-07-10 04:16:00,1,预警,焚烧炉出口氧含量偏高
2025-07-10 04:18:00,1,预警,焚烧炉出口氧含量偏高
2025-07-10 04:20:00,1,预警,焚烧炉出口氧含量偏高
2025-07-10 04:22:00,1,预警,焚烧炉出口氧含量偏高
2025-07-10 04:24:00,1,预警,焚烧炉出口氧含量偏高
2025-07-10 04:26:00,1,预警,焚烧炉出口氧含量偏高
2025-07-10 04:28:00,1,预警,焚烧炉出口氧含量偏高
2025-07-10 04:30:00,1,预警,焚烧炉出口氧含量偏高
2025-07-10 04:32:00,1,预警,焚烧炉出口氧含量偏高
2025-07-10 04:42:00,1,预警,焚烧炉出口氧含量偏高
2025-07-10 05:26:00,1,预警,焚烧炉出口氧含量偏高
2025-07-10 05:30:00,1,预警,焚烧炉出口氧含量偏高
2025-07-10 05:32:00,1,预警,焚烧炉出口氧含量偏高
2025-07-10 05:34:00,1,预警,焚烧炉出口氧含量偏高
2025-07-10 05:36:00,1,预警,焚烧炉出口氧含量偏高
2025-07-10 06:36:00,1,预警,焚烧炉出口氧含量偏高
2025-07-10 06:38:00,1,预警,焚烧炉出口氧含量偏高
2025-07-10 06:40:00,1,预警,焚烧炉出口氧含量偏高
2025-07-10 06:42:00,1,预警,焚烧炉出口氧含量偏高
2025-07-10 06:44:00,1,预警,焚烧炉出口氧含量偏高
2025-07-10 06:46:00,1,预警,焚烧炉出口氧含量偏高
2025-07-10 06:48:00,1,预警,焚烧炉出口氧含量偏高
2025-07-10 06:50:00,1,预警,焚烧炉出口氧含量偏高
2025-07-10 06:52:00,1,预警,焚烧炉出口氧含量偏高
2025-07-10 06:54:00,1,预警,焚烧炉出口氧含量偏高
2025-07-10 06:56:00,1,预警,焚烧炉出口氧含量偏高
2025-07-10 06:58:00,1,预警,焚烧炉出口氧含量偏高
2025-07-10 07:00:00,1,预警,焚烧炉出口氧含量偏高
2025-07-10 07:02:00,1,预警,焚烧炉出口氧含量偏高
2025-07-10 07:06:00,1,预警,焚烧炉出口氧含量偏高
2025-07-10 07:10:00,1,预警,焚烧炉出口氧含量偏高
2025-07-10 07:16:00,1,预警,焚烧炉出口氧含量偏高
2025-07-10 07:18:00,1,预警,焚烧炉出口氧含量偏高
2025-07-10 07:20:00,1,预警,焚烧炉出口氧含量偏高
2025-07-10 07:22:00,1,预警,焚烧炉出口氧含量偏高
2025-07-10 07:24:00,1,预警,焚烧炉出口氧含量偏高
2025-07-10 07:26:00,1,预警,焚烧炉出口氧含量偏高
2025-07-10 07:28:00,1,预警,焚烧炉出口氧含量偏高
2025-07-10 07:30:00,1,预警,焚烧炉出口氧含量偏高
2025-07-10 07:32:00,1,预警,焚烧炉出口氧含量偏高
2025-07-10 07:34:00,1,预警,焚烧炉出口氧含量偏高
2025-07-10 07:36:00,1,预警,焚烧炉出口氧含量偏高
2025-07-10 07:38:00,1,预警,焚烧炉出口氧含量偏高
2025-07-10 07:40:00,1,预警,焚烧炉出口氧含量偏高
2025-07-10 07:42:00,1,预警,焚烧炉出口氧含量偏高
2025-07-10 07:44:00,1,预警,焚烧炉出口氧含量偏高
2025-07-10 07:46:00,1,预警,焚烧炉出口氧含量偏高
2025-07-10 07:52:00,1,预警,焚烧炉出口氧含量偏高
2025-07-10 07:54:00,1,预警,焚烧炉出口氧含量偏高
2025-07-10 07:56:00,1,预警,焚烧炉出口氧含量偏高
2025-07-10 10:02:00,1,预警,焚烧炉出口氧含量偏高
2025-07-10 10:04:00,1,预警,焚烧炉出口氧含量偏高
2025-07-10 12:02:00,1,预警,焚烧炉出口氧含量偏高
2025-07-10 12:04:00,1,预警,焚烧炉出口氧含量偏高
2025-07-10 12:12:00,1,预警,焚烧炉出口氧含量偏高
2025-07-10 12:16:00,1,预警,焚烧炉出口氧含量偏高
2025-07-10 15:16:00,1,预警,焚烧炉出口氧含量偏低
2025-07-10 15:18:00,1,预警,焚烧炉出口氧含量偏低
2025-07-10 15:20:00,1,预警,焚烧炉出口氧含量偏低
2025-07-10 15:22:00,1,预警,焚烧炉出口氧含量偏低
2025-07-10 15:24:00,1,预警,焚烧炉出口氧含量偏低
2025-07-10 15:26:00,1,预警,焚烧炉出口氧含量偏低
2025-07-10 15:28:00,1,预警,焚烧炉出口氧含量偏低
2025-07-10 15:30:00,1,预警,焚烧炉出口氧含量偏低
2025-07-10 15:32:00,1,预警,焚烧炉出口氧含量偏低
2025-07-10 15:34:00,1,预警,焚烧炉出口氧含量偏低
2025-07-10 15:36:00,1,预警,焚烧炉出口氧含量偏高
2025-07-10 15:38:00,1,预警,焚烧炉出口氧含量偏高
2025-07-10 15:40:00,1,预警,焚烧炉出口氧含量偏低
2025-07-10 15:42:00,1,预警,焚烧炉出口氧含量偏低
2025-07-10 15:44:00,1,预警,焚烧炉出口氧含量偏高
2025-07-10 15:46:00,1,预警,焚烧炉出口氧含量偏高
2025-07-10 15:48:00,1,预警,焚烧炉出口氧含量偏高
2025-07-10 15:50:00,1,预警,焚烧炉出口氧含量偏高
2025-07-10 15:52:00,1,预警,焚烧炉出口氧含量偏高
2025-07-10 15:54:00,1,预警,焚烧炉出口氧含量偏低
2025-07-10 15:56:00,1,预警,焚烧炉出口氧含量偏低
2025-07-10 15:58:00,1,预警,焚烧炉出口氧含量偏低
2025-07-10 16:00:00,1,预警,焚烧炉出口氧含量偏低
2025-07-10 16:02:00,1,预警,焚烧炉出口氧含量偏低
2025-07-10 16:04:00,1,预警,焚烧炉出口氧含量偏低
2025-07-10 16:06:00,1,预警,焚烧炉出口氧含量偏低
2025-07-10 16:08:00,1,预警,焚烧炉出口氧含量偏低
2025-07-10 16:10:00,1,预警,焚烧炉出口氧含量偏高
2025-07-10 16:12:00,1,预警,焚烧炉出口氧含量偏高
2025-07-10 16:14:00,1,预警,焚烧炉出口氧含量偏低
2025-07-10 16:16:00,1,预警,焚烧炉出口氧含量偏高
2025-07-10 16:18:00,1,预警,焚烧炉出口氧含量偏低
2025-07-10 16:20:00,1,预警,焚烧炉出口氧含量偏低
2025-07-10 16:22:00,1,预警,焚烧炉出口氧含量偏低
2025-07-10 16:24:00,1,预警,焚烧炉出口氧含量偏低
2025-07-10 16:26:00,1,预警,焚烧炉出口氧含量偏低
2025-07-10 16:28:00,1,预警,焚烧炉出口氧含量偏低
2025-07-10 16:30:00,1,预警,焚烧炉出口氧含量偏低
2025-07-10 16:32:00,1,预警,焚烧炉出口氧含量偏低
2025-07-10 16:34:00,1,预警,焚烧炉出口氧含量偏低
2025-07-10 16:36:00,1,预警,焚烧炉出口氧含量偏低
2025-07-10 16:38:00,1,预警,焚烧炉出口氧含量偏低
2025-07-10 16:50:00,1,预警,焚烧炉出口氧含量偏高
2025-07-10 16:52:00,1,预警,焚烧炉出口氧含量偏高
2025-07-10 16:54:00,1,预警,焚烧炉出口氧含量偏高
2025-07-10 17:28:00,1,预警,焚烧炉出口氧含量偏高
2025-07-10 17:32:00,1,预警,焚烧炉出口氧含量偏高
2025-07-10 17:38:00,1,预警,焚烧炉出口氧含量偏高
2025-07-10 18:00:00,1,预警,焚烧炉出口氧含量偏高
2025-07-10 18:04:00,1,预警,焚烧炉出口氧含量偏高
2025-07-10 18:06:00,1,预警,焚烧炉出口氧含量偏高
2025-07-10 18:08:00,1,预警,焚烧炉出口氧含量偏高
2025-07-10 18:10:00,1,预警,焚烧炉出口氧含量偏高
2025-07-10 18:12:00,1,预警,焚烧炉出口氧含量偏高
2025-07-10 18:18:00,1,预警,焚烧炉出口氧含量偏高
2025-07-10 18:20:00,1,预警,焚烧炉出口氧含量偏高
2025-07-10 18:22:00,1,预警,焚烧炉出口氧含量偏高
2025-07-10 18:24:00,1,预警,焚烧炉出口氧含量偏高
2025-07-10 18:36:00,1,预警,焚烧炉出口氧含量偏高
2025-07-10 18:38:00,1,预警,焚烧炉出口氧含量偏高
2025-07-10 18:40:00,1,预警,焚烧炉出口氧含量偏高
2025-07-10 18:42:00,1,预警,焚烧炉出口氧含量偏高
2025-07-10 18:44:00,1,预警,焚烧炉出口氧含量偏高
2025-07-10 18:46:00,1,预警,焚烧炉出口氧含量偏高
2025-07-10 18:48:00,1,预警,焚烧炉出口氧含量偏高
2025-07-10 18:50:00,1,预警,焚烧炉出口氧含量偏高
2025-07-10 18:52:00,1,预警,焚烧炉出口氧含量偏高
2025-07-10 18:54:00,1,预警,焚烧炉出口氧含量偏高
2025-07-10 18:56:00,1,预警,焚烧炉出口氧含量偏高
2025-07-10 18:58:00,1,预警,焚烧炉出口氧含量偏高
2025-07-10 19:00:00,1,预警,焚烧炉出口氧含量偏高
2025-07-10 19:02:00,1,预警,焚烧炉出口氧含量偏高
2025-07-10 19:04:00,1,预警,焚烧炉出口氧含量偏高
2025-07-10 19:06:00,1,预警,焚烧炉出口氧含量偏高
2025-07-10 19:08:00,1,预警,焚烧炉出口氧含量偏高
2025-07-10 19:10:00,1,预警,焚烧炉出口氧含量偏高
2025-07-10 19:12:00,1,预警,焚烧炉出口氧含量偏高
2025-07-10 19:14:00,1,预警,焚烧炉出口氧含量偏高
2025-07-10 19:16:00,1,预警,焚烧炉出口氧含量偏高
2025-07-10 19:18:00,1,预警,焚烧炉出口氧含量偏高
2025-07-10 19:20:00,1,预警,焚烧炉出口氧含量偏高
2025-07-10 19:56:00,1,预警,焚烧炉出口氧含量偏高
2025-07-10 20:28:00,1,预警,焚烧炉出口氧含量偏高
2025-07-10 20:30:00,1,预警,焚烧炉出口氧含量偏高
2025-07-10 20:32:00,1,预警,焚烧炉出口氧含量偏高
2025-07-10 20:34:00,1,预警,焚烧炉出口氧含量偏高
2025-07-10 20:36:00,1,预警,焚烧炉出口氧含量偏高
2025-07-10 20:38:00,1,预警,焚烧炉出口氧含量偏高
2025-07-10 20:40:00,1,预警,焚烧炉出口氧含量偏高
2025-07-10 20:42:00,1,预警,焚烧炉出口氧含量偏高
2025-07-10 20:44:00,1,预警,焚烧炉出口氧含量偏高
2025-07-10 20:46:00,1,预警,焚烧炉出口氧含量偏高
2025-07-10 20:48:00,1,预警,焚烧炉出口氧含量偏高
2025-07-10 20:50:00,1,预警,焚烧炉出口氧含量偏高
2025-07-10 20:52:00,1,预警,焚烧炉出口氧含量偏高
2025-07-10 20:54:00,1,预警,焚烧炉出口氧含量偏高
2025-07-10 20:56:00,1,预警,焚烧炉出口氧含量偏高
2025-07-10 20:58:00,1,预警,焚烧炉出口氧含量偏高
2025-07-10 21:00:00,1,预警,焚烧炉出口氧含量偏高
2025-07-10 21:02:00,1,预警,焚烧炉出口氧含量偏高
2025-07-10 21:04:00,1,预警,焚烧炉出口氧含量偏高
2025-07-10 21:06:00,1,预警,焚烧炉出口氧含量偏高
2025-07-10 21:08:00,1,预警,焚烧炉出口氧含量偏高
2025-07-10 21:10:00,1,预警,焚烧炉出口氧含量偏高
2025-07-10 21:14:00,1,预警,焚烧炉出口氧含量偏高
2025-07-10 21:28:00,1,预警,焚烧炉出口氧含量偏高
2025-07-10 21:58:00,1,预警,焚烧炉出口氧含量偏高
2025-07-10 22:02:00,1,预警,焚烧炉出口氧含量偏高
2025-07-10 22:24:00,1,预警,焚烧炉出口氧含量偏高
2025-07-10 22:52:00,1,预警,焚烧炉出口氧含量偏高
2025-07-10 22:54:00,1,预警,焚烧炉出口氧含量偏高
2025-07-10 23:06:00,1,预警,焚烧炉出口氧含量偏高
2025-07-10 23:30:00,1,预警,焚烧炉出口氧含量偏高
2025-07-10 23:32:00,1,预警,焚烧炉出口氧含量偏高
2025-07-10 23:34:00,1,预警,焚烧炉出口氧含量偏高
2025-07-10 23:42:00,1,预警,焚烧炉出口氧含量偏高
2025-07-10 23:50:00,1,预警,焚烧炉出口氧含量偏高
