﻿时间,炉号,预警/报警类型,预警/报警事件
2025-07-11 00:04:00,1,预警,焚烧炉出口氧含量偏高
2025-07-11 00:06:00,1,预警,焚烧炉出口氧含量偏高
2025-07-11 00:10:00,1,预警,焚烧炉出口氧含量偏高
2025-07-11 00:52:00,1,预警,焚烧炉出口氧含量偏高
2025-07-11 01:06:00,1,预警,焚烧炉出口氧含量偏高
2025-07-11 01:16:00,1,预警,焚烧炉出口氧含量偏高
2025-07-11 01:18:00,1,预警,焚烧炉出口氧含量偏高
2025-07-11 01:20:00,1,预警,焚烧炉出口氧含量偏高
2025-07-11 01:22:00,1,预警,焚烧炉出口氧含量偏高
2025-07-11 01:26:00,1,预警,焚烧炉出口氧含量偏高
2025-07-11 01:38:00,1,预警,焚烧炉出口氧含量偏高
2025-07-11 01:40:00,1,预警,焚烧炉出口氧含量偏高
2025-07-11 01:42:00,1,预警,焚烧炉出口氧含量偏高
2025-07-11 01:44:00,1,预警,焚烧炉出口氧含量偏高
2025-07-11 01:46:00,1,预警,焚烧炉出口氧含量偏高
2025-07-11 02:28:00,1,预警,焚烧炉出口氧含量偏高
2025-07-11 02:48:00,1,预警,焚烧炉出口氧含量偏高
2025-07-11 03:02:00,1,预警,焚烧炉出口氧含量偏高
2025-07-11 03:04:00,1,预警,焚烧炉出口氧含量偏高
2025-07-11 03:06:00,1,预警,焚烧炉出口氧含量偏高
2025-07-11 03:08:00,1,预警,焚烧炉出口氧含量偏高
2025-07-11 03:14:00,1,预警,焚烧炉出口氧含量偏高
2025-07-11 03:18:00,1,预警,焚烧炉出口氧含量偏高
2025-07-11 03:30:00,1,预警,焚烧炉出口氧含量偏高
2025-07-11 03:32:00,1,预警,焚烧炉出口氧含量偏高
2025-07-11 03:34:00,1,预警,焚烧炉出口氧含量偏高
2025-07-11 03:36:00,1,预警,焚烧炉出口氧含量偏高
2025-07-11 03:38:00,1,预警,焚烧炉出口氧含量偏高
2025-07-11 03:40:00,1,预警,焚烧炉出口氧含量偏高
2025-07-11 03:42:00,1,预警,焚烧炉出口氧含量偏高
2025-07-11 03:44:00,1,预警,焚烧炉出口氧含量偏高
2025-07-11 04:26:00,1,预警,焚烧炉出口氧含量偏低
2025-07-11 04:44:00,1,预警,焚烧炉出口氧含量偏高
2025-07-11 04:46:00,1,预警,焚烧炉出口氧含量偏高
2025-07-11 04:48:00,1,预警,焚烧炉出口氧含量偏高
2025-07-11 04:50:00,1,预警,焚烧炉出口氧含量偏高
2025-07-11 04:52:00,1,预警,焚烧炉出口氧含量偏高
2025-07-11 04:54:00,1,预警,焚烧炉出口氧含量偏高
2025-07-11 04:56:00,1,预警,焚烧炉出口氧含量偏高
2025-07-11 04:58:00,1,预警,焚烧炉出口氧含量偏高
2025-07-11 05:00:00,1,预警,焚烧炉出口氧含量偏高
2025-07-11 05:04:00,1,预警,焚烧炉出口氧含量偏高
2025-07-11 05:06:00,1,预警,焚烧炉出口氧含量偏高
2025-07-11 05:08:00,1,预警,焚烧炉出口氧含量偏高
2025-07-11 05:10:00,1,预警,焚烧炉出口氧含量偏高
2025-07-11 05:12:00,1,预警,焚烧炉出口氧含量偏高
2025-07-11 05:14:00,1,预警,焚烧炉出口氧含量偏高
2025-07-11 05:16:00,1,预警,焚烧炉出口氧含量偏高
2025-07-11 05:24:00,1,预警,焚烧炉出口氧含量偏高
2025-07-11 05:26:00,1,预警,焚烧炉出口氧含量偏高
2025-07-11 05:30:00,1,预警,焚烧炉出口氧含量偏高
2025-07-11 05:32:00,1,预警,焚烧炉出口氧含量偏高
2025-07-11 05:34:00,1,预警,焚烧炉出口氧含量偏高
2025-07-11 05:36:00,1,预警,焚烧炉出口氧含量偏高
2025-07-11 05:38:00,1,预警,焚烧炉出口氧含量偏高
2025-07-11 05:40:00,1,预警,焚烧炉出口氧含量偏高
2025-07-11 05:42:00,1,预警,焚烧炉出口氧含量偏高
2025-07-11 05:44:00,1,预警,焚烧炉出口氧含量偏高
2025-07-11 05:46:00,1,预警,焚烧炉出口氧含量偏高
2025-07-11 05:48:00,1,预警,焚烧炉出口氧含量偏高
2025-07-11 05:50:00,1,预警,焚烧炉出口氧含量偏高
2025-07-11 05:52:00,1,预警,焚烧炉出口氧含量偏高
2025-07-11 05:56:00,1,预警,焚烧炉出口氧含量偏高
2025-07-11 05:58:00,1,预警,焚烧炉出口氧含量偏高
2025-07-11 06:00:00,1,预警,焚烧炉出口氧含量偏高
2025-07-11 06:02:00,1,预警,焚烧炉出口氧含量偏高
2025-07-11 06:04:00,1,预警,焚烧炉出口氧含量偏高
2025-07-11 06:06:00,1,预警,焚烧炉出口氧含量偏高
2025-07-11 06:08:00,1,预警,焚烧炉出口氧含量偏高
2025-07-11 06:10:00,1,预警,焚烧炉出口氧含量偏高
2025-07-11 06:12:00,1,预警,焚烧炉出口氧含量偏高
2025-07-11 06:14:00,1,预警,焚烧炉出口氧含量偏高
2025-07-11 06:16:00,1,预警,焚烧炉出口氧含量偏高
2025-07-11 06:18:00,1,预警,焚烧炉出口氧含量偏高
2025-07-11 06:20:00,1,预警,焚烧炉出口氧含量偏高
2025-07-11 06:22:00,1,预警,焚烧炉出口氧含量偏高
2025-07-11 06:24:00,1,预警,焚烧炉出口氧含量偏高
2025-07-11 07:34:00,1,预警,焚烧炉出口氧含量偏高
2025-07-11 07:36:00,1,预警,焚烧炉出口氧含量偏高
2025-07-11 07:38:00,1,预警,焚烧炉出口氧含量偏高
2025-07-11 07:40:00,1,预警,焚烧炉出口氧含量偏高
2025-07-11 07:42:00,1,预警,焚烧炉出口氧含量偏高
2025-07-11 07:44:00,1,预警,焚烧炉出口氧含量偏高
2025-07-11 07:46:00,1,预警,焚烧炉出口氧含量偏高
2025-07-11 07:48:00,1,预警,焚烧炉出口氧含量偏高
2025-07-11 07:50:00,1,预警,焚烧炉出口氧含量偏高
2025-07-11 07:52:00,1,预警,焚烧炉出口氧含量偏高
2025-07-11 07:54:00,1,预警,焚烧炉出口氧含量偏高
2025-07-11 07:56:00,1,预警,焚烧炉出口氧含量偏高
2025-07-11 07:58:00,1,预警,焚烧炉出口氧含量偏高
2025-07-11 08:00:00,1,预警,焚烧炉出口氧含量偏高
2025-07-11 08:02:00,1,预警,焚烧炉出口氧含量偏高
2025-07-11 08:04:00,1,预警,焚烧炉出口氧含量偏高
2025-07-11 08:06:00,1,预警,焚烧炉出口氧含量偏高
2025-07-11 08:10:00,1,预警,焚烧炉出口氧含量偏高
2025-07-11 08:12:00,1,预警,焚烧炉出口氧含量偏高
2025-07-11 08:14:00,1,预警,焚烧炉出口氧含量偏高
2025-07-11 08:16:00,1,预警,焚烧炉出口氧含量偏高
2025-07-11 08:18:00,1,预警,焚烧炉出口氧含量偏高
2025-07-11 08:20:00,1,预警,焚烧炉出口氧含量偏高
2025-07-11 08:22:00,1,预警,焚烧炉出口氧含量偏高
2025-07-11 08:24:00,1,预警,焚烧炉出口氧含量偏高
2025-07-11 08:26:00,1,预警,焚烧炉出口氧含量偏高
2025-07-11 08:28:00,1,预警,焚烧炉出口氧含量偏高
2025-07-11 08:30:00,1,预警,焚烧炉出口氧含量偏高
2025-07-11 08:32:00,1,预警,焚烧炉出口氧含量偏高
2025-07-11 08:34:00,1,预警,焚烧炉出口氧含量偏高
2025-07-11 08:36:00,1,预警,焚烧炉出口氧含量偏高
2025-07-11 08:40:00,1,预警,焚烧炉出口氧含量偏高
2025-07-11 08:42:00,1,预警,焚烧炉出口氧含量偏高
2025-07-11 08:44:00,1,预警,焚烧炉出口氧含量偏高
2025-07-11 08:46:00,1,预警,焚烧炉出口氧含量偏高
2025-07-11 08:48:00,1,预警,焚烧炉出口氧含量偏高
2025-07-11 08:50:00,1,预警,焚烧炉出口氧含量偏高
2025-07-11 08:52:00,1,预警,焚烧炉出口氧含量偏高
2025-07-11 08:54:00,1,预警,焚烧炉出口氧含量偏高
2025-07-11 08:56:00,1,预警,焚烧炉出口氧含量偏高
2025-07-11 08:58:00,1,预警,焚烧炉出口氧含量偏高
2025-07-11 09:00:00,1,预警,焚烧炉出口氧含量偏高
2025-07-11 09:02:00,1,预警,焚烧炉出口氧含量偏高
2025-07-11 09:04:00,1,预警,焚烧炉出口氧含量偏高
2025-07-11 09:08:00,1,预警,焚烧炉出口氧含量偏高
2025-07-11 09:14:00,1,预警,焚烧炉出口氧含量偏高
2025-07-11 09:26:00,1,预警,焚烧炉出口氧含量偏高
2025-07-11 09:30:00,1,预警,焚烧炉出口氧含量偏高
2025-07-11 09:42:00,1,预警,焚烧炉出口氧含量偏高
2025-07-11 09:44:00,1,预警,焚烧炉出口氧含量偏高
2025-07-11 09:46:00,1,预警,焚烧炉出口氧含量偏高
2025-07-11 09:48:00,1,预警,焚烧炉出口氧含量偏高
2025-07-11 09:50:00,1,预警,焚烧炉出口氧含量偏高
2025-07-11 09:52:00,1,预警,焚烧炉出口氧含量偏高
2025-07-11 09:54:00,1,预警,焚烧炉出口氧含量偏高
2025-07-11 10:44:00,1,预警,焚烧炉出口氧含量偏高
2025-07-11 11:00:00,1,预警,焚烧炉出口氧含量偏高
2025-07-11 11:02:00,1,预警,焚烧炉出口氧含量偏高
2025-07-11 11:04:00,1,预警,焚烧炉出口氧含量偏高
2025-07-11 11:06:00,1,预警,焚烧炉出口氧含量偏高
2025-07-11 11:16:00,1,预警,焚烧炉出口氧含量偏高
2025-07-11 11:18:00,1,预警,焚烧炉出口氧含量偏高
2025-07-11 11:20:00,1,预警,焚烧炉出口氧含量偏高
2025-07-11 11:22:00,1,预警,焚烧炉出口氧含量偏高
2025-07-11 11:24:00,1,预警,焚烧炉出口氧含量偏高
2025-07-11 11:26:00,1,预警,焚烧炉出口氧含量偏高
2025-07-11 11:28:00,1,预警,焚烧炉出口氧含量偏高
2025-07-11 11:30:00,1,预警,焚烧炉出口氧含量偏高
2025-07-11 11:32:00,1,预警,焚烧炉出口氧含量偏高
2025-07-11 11:34:00,1,预警,焚烧炉出口氧含量偏高
2025-07-11 11:36:00,1,预警,焚烧炉出口氧含量偏高
2025-07-11 11:38:00,1,预警,焚烧炉出口氧含量偏高
2025-07-11 11:40:00,1,预警,焚烧炉出口氧含量偏高
2025-07-11 11:42:00,1,预警,焚烧炉出口氧含量偏高
2025-07-11 11:44:00,1,预警,焚烧炉出口氧含量偏高
2025-07-11 11:46:00,1,预警,焚烧炉出口氧含量偏高
2025-07-11 11:48:00,1,预警,焚烧炉出口氧含量偏高
2025-07-11 11:52:00,1,预警,焚烧炉出口氧含量偏高
2025-07-11 11:54:00,1,预警,焚烧炉出口氧含量偏高
2025-07-11 11:56:00,1,预警,焚烧炉出口氧含量偏高
2025-07-11 11:58:00,1,预警,焚烧炉出口氧含量偏高
2025-07-11 12:00:00,1,预警,焚烧炉出口氧含量偏高
2025-07-11 12:16:00,1,预警,焚烧炉出口氧含量偏高
2025-07-11 12:20:00,1,预警,焚烧炉出口氧含量偏高
2025-07-11 12:32:00,1,预警,焚烧炉出口氧含量偏高
2025-07-11 12:34:00,1,预警,焚烧炉出口氧含量偏高
2025-07-11 12:36:00,1,预警,焚烧炉出口氧含量偏高
2025-07-11 12:44:00,1,预警,焚烧炉出口氧含量偏高
2025-07-11 13:12:00,1,预警,焚烧炉出口氧含量偏高
2025-07-11 13:18:00,1,预警,焚烧炉出口氧含量偏高
2025-07-11 13:20:00,1,预警,焚烧炉出口氧含量偏高
2025-07-11 13:30:00,1,预警,焚烧炉出口氧含量偏高
2025-07-11 13:32:00,1,预警,焚烧炉出口氧含量偏高
2025-07-11 13:34:00,1,预警,焚烧炉出口氧含量偏高
2025-07-11 13:52:00,1,预警,焚烧炉出口氧含量偏高
2025-07-11 13:54:00,1,预警,焚烧炉出口氧含量偏高
2025-07-11 13:56:00,1,预警,焚烧炉出口氧含量偏高
2025-07-11 13:58:00,1,预警,焚烧炉出口氧含量偏高
2025-07-11 14:24:00,1,预警,焚烧炉出口氧含量偏高
2025-07-11 15:08:00,1,预警,焚烧炉出口氧含量偏高
2025-07-11 15:10:00,1,预警,焚烧炉出口氧含量偏高
2025-07-11 15:12:00,1,预警,焚烧炉出口氧含量偏高
2025-07-11 15:14:00,1,预警,焚烧炉出口氧含量偏高
2025-07-11 15:16:00,1,预警,焚烧炉出口氧含量偏高
2025-07-11 15:18:00,1,预警,焚烧炉出口氧含量偏高
2025-07-11 15:20:01,1,预警,焚烧炉出口氧含量偏高
2025-07-11 15:22:00,1,预警,焚烧炉出口氧含量偏高
2025-07-11 15:24:00,1,预警,焚烧炉出口氧含量偏高
2025-07-11 15:26:00,1,预警,焚烧炉出口氧含量偏高
2025-07-11 15:32:00,1,预警,焚烧炉出口氧含量偏高
2025-07-11 15:34:00,1,预警,焚烧炉出口氧含量偏高
2025-07-11 15:36:00,1,预警,焚烧炉出口氧含量偏高
2025-07-11 15:38:00,1,预警,焚烧炉出口氧含量偏高
2025-07-11 15:40:00,1,预警,焚烧炉出口氧含量偏高
2025-07-11 15:42:00,1,预警,焚烧炉出口氧含量偏高
2025-07-11 16:00:00,1,预警,焚烧炉出口氧含量偏高
2025-07-11 16:02:00,1,预警,焚烧炉出口氧含量偏高
2025-07-11 16:04:00,1,预警,焚烧炉出口氧含量偏高
2025-07-11 16:16:00,1,预警,焚烧炉出口氧含量偏高
2025-07-11 16:20:00,1,预警,焚烧炉出口氧含量偏高
2025-07-11 16:24:00,1,预警,焚烧炉出口氧含量偏高
2025-07-11 16:46:00,1,预警,焚烧炉出口氧含量偏高
2025-07-11 16:48:00,1,预警,焚烧炉出口氧含量偏高
2025-07-11 16:50:00,1,预警,焚烧炉出口氧含量偏高
2025-07-11 16:52:00,1,预警,焚烧炉出口氧含量偏高
2025-07-11 16:54:00,1,预警,焚烧炉出口氧含量偏高
2025-07-11 16:58:00,1,预警,焚烧炉出口氧含量偏高
2025-07-11 17:26:00,1,预警,焚烧炉出口氧含量偏高
2025-07-11 17:32:00,1,预警,焚烧炉出口氧含量偏高
2025-07-11 17:34:00,1,预警,焚烧炉出口氧含量偏高
2025-07-11 17:36:00,1,预警,焚烧炉出口氧含量偏高
2025-07-11 17:38:00,1,预警,焚烧炉出口氧含量偏高
2025-07-11 17:40:00,1,预警,焚烧炉出口氧含量偏高
2025-07-11 17:42:00,1,预警,焚烧炉出口氧含量偏高
2025-07-11 17:56:00,1,预警,焚烧炉出口氧含量偏高
2025-07-11 17:58:00,1,预警,焚烧炉出口氧含量偏高
2025-07-11 18:00:00,1,预警,焚烧炉出口氧含量偏高
2025-07-11 18:02:00,1,预警,焚烧炉出口氧含量偏高
2025-07-11 18:04:00,1,预警,焚烧炉出口氧含量偏高
2025-07-11 18:06:00,1,预警,焚烧炉出口氧含量偏高
2025-07-11 18:12:00,1,预警,焚烧炉出口氧含量偏高
2025-07-11 18:52:00,1,预警,焚烧炉出口氧含量偏高
2025-07-11 18:54:00,1,预警,焚烧炉出口氧含量偏高
2025-07-11 18:56:00,1,预警,焚烧炉出口氧含量偏高
2025-07-11 18:58:00,1,预警,焚烧炉出口氧含量偏高
2025-07-11 19:00:00,1,预警,焚烧炉出口氧含量偏高
2025-07-11 19:02:00,1,预警,焚烧炉出口氧含量偏高
2025-07-11 19:04:00,1,预警,焚烧炉出口氧含量偏高
2025-07-11 19:06:00,1,预警,焚烧炉出口氧含量偏高
2025-07-11 19:14:00,1,预警,焚烧炉出口氧含量偏高
2025-07-11 19:16:00,1,预警,焚烧炉出口氧含量偏高
2025-07-11 19:18:00,1,预警,焚烧炉出口氧含量偏高
2025-07-11 19:20:00,1,预警,焚烧炉出口氧含量偏高
2025-07-11 19:22:00,1,预警,焚烧炉出口氧含量偏高
2025-07-11 19:24:00,1,预警,焚烧炉出口氧含量偏高
2025-07-11 19:26:00,1,预警,焚烧炉出口氧含量偏高
2025-07-11 19:28:00,1,预警,焚烧炉出口氧含量偏高
2025-07-11 19:30:00,1,预警,焚烧炉出口氧含量偏高
2025-07-11 19:32:00,1,预警,焚烧炉出口氧含量偏高
2025-07-11 19:34:00,1,预警,焚烧炉出口氧含量偏高
2025-07-11 19:36:00,1,预警,焚烧炉出口氧含量偏高
2025-07-11 19:40:00,1,预警,焚烧炉出口氧含量偏高
2025-07-11 19:42:00,1,预警,焚烧炉出口氧含量偏高
2025-07-11 19:44:00,1,预警,焚烧炉出口氧含量偏高
2025-07-11 19:46:00,1,预警,焚烧炉出口氧含量偏高
2025-07-11 19:48:00,1,预警,焚烧炉出口氧含量偏高
2025-07-11 19:50:00,1,预警,焚烧炉出口氧含量偏高
2025-07-11 19:52:00,1,预警,焚烧炉出口氧含量偏高
2025-07-11 19:54:00,1,预警,焚烧炉出口氧含量偏高
2025-07-11 19:56:00,1,预警,焚烧炉出口氧含量偏高
2025-07-11 19:58:00,1,预警,焚烧炉出口氧含量偏高
2025-07-11 20:00:00,1,预警,焚烧炉出口氧含量偏高
2025-07-11 20:02:00,1,预警,焚烧炉出口氧含量偏高
2025-07-11 20:04:00,1,预警,焚烧炉出口氧含量偏高
2025-07-11 20:06:00,1,预警,焚烧炉出口氧含量偏高
2025-07-11 20:08:00,1,预警,焚烧炉出口氧含量偏高
2025-07-11 20:10:00,1,预警,焚烧炉出口氧含量偏高
2025-07-11 20:12:00,1,预警,焚烧炉出口氧含量偏高
2025-07-11 20:14:00,1,预警,焚烧炉出口氧含量偏高
2025-07-11 20:16:00,1,预警,焚烧炉出口氧含量偏高
2025-07-11 20:18:00,1,预警,焚烧炉出口氧含量偏高
2025-07-11 20:20:00,1,预警,焚烧炉出口氧含量偏高
2025-07-11 20:22:00,1,预警,焚烧炉出口氧含量偏高
2025-07-11 20:24:00,1,预警,焚烧炉出口氧含量偏高
2025-07-11 20:26:00,1,预警,焚烧炉出口氧含量偏高
2025-07-11 20:28:00,1,预警,焚烧炉出口氧含量偏高
2025-07-11 20:30:00,1,预警,焚烧炉出口氧含量偏高
2025-07-11 20:32:00,1,预警,焚烧炉出口氧含量偏高
2025-07-11 20:34:00,1,预警,焚烧炉出口氧含量偏高
2025-07-11 20:36:00,1,预警,焚烧炉出口氧含量偏高
2025-07-11 20:38:00,1,预警,焚烧炉出口氧含量偏高
2025-07-11 20:40:00,1,预警,焚烧炉出口氧含量偏高
2025-07-11 20:42:00,1,预警,焚烧炉出口氧含量偏高
2025-07-11 20:44:00,1,预警,焚烧炉出口氧含量偏高
2025-07-11 20:46:00,1,预警,焚烧炉出口氧含量偏高
2025-07-11 20:48:00,1,预警,焚烧炉出口氧含量偏高
2025-07-11 20:50:00,1,预警,焚烧炉出口氧含量偏高
2025-07-11 20:52:00,1,预警,焚烧炉出口氧含量偏高
2025-07-11 20:54:00,1,预警,焚烧炉出口氧含量偏高
2025-07-11 20:56:00,1,预警,焚烧炉出口氧含量偏高
2025-07-11 20:58:00,1,预警,焚烧炉出口氧含量偏高
2025-07-11 21:00:00,1,预警,焚烧炉出口氧含量偏高
2025-07-11 21:04:00,1,预警,焚烧炉出口氧含量偏高
2025-07-11 21:06:00,1,预警,焚烧炉出口氧含量偏高
2025-07-11 21:08:00,1,预警,焚烧炉出口氧含量偏高
2025-07-11 21:10:00,1,预警,焚烧炉出口氧含量偏高
2025-07-11 21:12:00,1,预警,焚烧炉出口氧含量偏高
2025-07-11 21:14:00,1,预警,焚烧炉出口氧含量偏高
2025-07-11 21:16:00,1,预警,焚烧炉出口氧含量偏高
2025-07-11 21:18:00,1,预警,焚烧炉出口氧含量偏高
2025-07-11 21:20:00,1,预警,焚烧炉出口氧含量偏高
2025-07-11 21:22:00,1,预警,焚烧炉出口氧含量偏高
2025-07-11 21:26:00,1,预警,焚烧炉出口氧含量偏高
2025-07-11 22:04:00,1,预警,焚烧炉出口氧含量偏高
2025-07-11 22:06:00,1,预警,焚烧炉出口氧含量偏高
2025-07-11 22:08:00,1,预警,焚烧炉出口氧含量偏高
2025-07-11 22:10:00,1,预警,焚烧炉出口氧含量偏高
2025-07-11 22:12:00,1,预警,焚烧炉出口氧含量偏高
2025-07-11 22:14:00,1,预警,焚烧炉出口氧含量偏高
2025-07-11 22:16:00,1,预警,焚烧炉出口氧含量偏高
2025-07-11 22:26:00,1,预警,焚烧炉出口氧含量偏高
2025-07-11 22:28:00,1,预警,焚烧炉出口氧含量偏高
2025-07-11 22:30:00,1,预警,焚烧炉出口氧含量偏高
2025-07-11 22:32:00,1,预警,焚烧炉出口氧含量偏高
2025-07-11 22:34:00,1,预警,焚烧炉出口氧含量偏高
2025-07-11 22:36:00,1,预警,焚烧炉出口氧含量偏高
2025-07-11 22:40:00,1,预警,焚烧炉出口氧含量偏高
2025-07-11 22:42:00,1,预警,焚烧炉出口氧含量偏高
2025-07-11 22:44:00,1,预警,焚烧炉出口氧含量偏高
2025-07-11 22:50:00,1,预警,焚烧炉出口氧含量偏高
2025-07-11 22:52:00,1,预警,焚烧炉出口氧含量偏高
2025-07-11 22:54:00,1,预警,焚烧炉出口氧含量偏高
2025-07-11 22:56:00,1,预警,焚烧炉出口氧含量偏高
2025-07-11 22:58:00,1,预警,焚烧炉出口氧含量偏高
2025-07-11 23:00:00,1,预警,焚烧炉出口氧含量偏高
2025-07-11 23:02:00,1,预警,焚烧炉出口氧含量偏高
2025-07-11 23:04:00,1,预警,焚烧炉出口氧含量偏高
2025-07-11 23:06:00,1,预警,焚烧炉出口氧含量偏高
2025-07-11 23:08:00,1,预警,焚烧炉出口氧含量偏高
2025-07-11 23:10:00,1,预警,焚烧炉出口氧含量偏高
2025-07-11 23:12:00,1,预警,焚烧炉出口氧含量偏高
2025-07-11 23:14:00,1,预警,焚烧炉出口氧含量偏高
2025-07-11 23:16:00,1,预警,焚烧炉出口氧含量偏高
2025-07-11 23:18:00,1,预警,焚烧炉出口氧含量偏高
2025-07-11 23:20:00,1,预警,焚烧炉出口氧含量偏高
2025-07-11 23:22:00,1,预警,焚烧炉出口氧含量偏高
2025-07-11 23:24:00,1,预警,焚烧炉出口氧含量偏高
2025-07-11 23:26:00,1,预警,焚烧炉出口氧含量偏高
2025-07-11 23:28:00,1,预警,焚烧炉出口氧含量偏高
2025-07-11 23:30:00,1,预警,焚烧炉出口氧含量偏高
2025-07-11 23:32:00,1,预警,焚烧炉出口氧含量偏高
2025-07-11 23:34:00,1,预警,焚烧炉出口氧含量偏高
2025-07-11 23:36:00,1,预警,焚烧炉出口氧含量偏高
2025-07-11 23:38:00,1,预警,焚烧炉出口氧含量偏高
2025-07-11 23:40:00,1,预警,焚烧炉出口氧含量偏高
2025-07-11 23:42:00,1,预警,焚烧炉出口氧含量偏高
2025-07-11 23:44:00,1,预警,焚烧炉出口氧含量偏高
2025-07-11 23:46:00,1,预警,焚烧炉出口氧含量偏高
2025-07-11 23:48:00,1,预警,焚烧炉出口氧含量偏高
2025-07-11 23:50:00,1,预警,焚烧炉出口氧含量偏高
2025-07-11 23:52:00,1,预警,焚烧炉出口氧含量偏高
2025-07-11 23:54:00,1,预警,焚烧炉出口氧含量偏高
2025-07-11 23:56:00,1,预警,焚烧炉出口氧含量偏高
2025-07-11 23:58:00,1,预警,焚烧炉出口氧含量偏高
