﻿时间,炉号,预警/报警类型,预警/报警事件
2025-07-13 00:02:00,1,预警,焚烧炉出口氧含量偏高
2025-07-13 00:04:00,1,预警,焚烧炉出口氧含量偏高
2025-07-13 00:10:00,1,预警,焚烧炉出口氧含量偏高
2025-07-13 00:22:00,1,预警,焚烧炉出口氧含量偏高
2025-07-13 00:24:00,1,预警,焚烧炉出口氧含量偏高
2025-07-13 00:26:00,1,预警,焚烧炉出口氧含量偏高
2025-07-13 00:28:00,1,预警,焚烧炉出口氧含量偏高
2025-07-13 00:30:00,1,预警,焚烧炉出口氧含量偏高
2025-07-13 00:32:00,1,预警,焚烧炉出口氧含量偏高
2025-07-13 00:34:00,1,预警,焚烧炉出口氧含量偏高
2025-07-13 00:36:00,1,预警,焚烧炉出口氧含量偏高
2025-07-13 00:42:00,1,预警,焚烧炉出口氧含量偏高
2025-07-13 00:44:00,1,预警,焚烧炉出口氧含量偏高
2025-07-13 00:46:00,1,预警,焚烧炉出口氧含量偏高
2025-07-13 00:48:00,1,预警,焚烧炉出口氧含量偏高
2025-07-13 00:50:00,1,预警,焚烧炉出口氧含量偏高
2025-07-13 00:52:00,1,预警,焚烧炉出口氧含量偏高
2025-07-13 00:54:00,1,预警,焚烧炉出口氧含量偏高
2025-07-13 00:56:00,1,预警,焚烧炉出口氧含量偏高
2025-07-13 00:58:00,1,预警,焚烧炉出口氧含量偏高
2025-07-13 01:00:00,1,预警,焚烧炉出口氧含量偏高
2025-07-13 01:02:00,1,预警,焚烧炉出口氧含量偏高
2025-07-13 01:04:00,1,预警,焚烧炉出口氧含量偏高
2025-07-13 01:06:00,1,预警,焚烧炉出口氧含量偏高
2025-07-13 01:08:00,1,预警,焚烧炉出口氧含量偏高
2025-07-13 01:10:00,1,预警,焚烧炉出口氧含量偏高
2025-07-13 01:12:00,1,预警,焚烧炉出口氧含量偏高
2025-07-13 01:14:00,1,预警,焚烧炉出口氧含量偏高
2025-07-13 01:16:00,1,预警,焚烧炉出口氧含量偏高
2025-07-13 01:18:00,1,预警,焚烧炉出口氧含量偏高
2025-07-13 01:20:00,1,预警,焚烧炉出口氧含量偏高
2025-07-13 01:22:00,1,预警,焚烧炉出口氧含量偏高
2025-07-13 01:24:00,1,预警,焚烧炉出口氧含量偏高
2025-07-13 01:26:00,1,预警,焚烧炉出口氧含量偏高
2025-07-13 01:28:00,1,预警,焚烧炉出口氧含量偏高
2025-07-13 01:30:00,1,预警,焚烧炉出口氧含量偏高
2025-07-13 01:32:00,1,预警,焚烧炉出口氧含量偏高
2025-07-13 01:34:00,1,预警,焚烧炉出口氧含量偏高
2025-07-13 01:36:00,1,预警,焚烧炉出口氧含量偏高
2025-07-13 01:38:00,1,预警,焚烧炉出口氧含量偏高
2025-07-13 01:40:00,1,预警,焚烧炉出口氧含量偏高
2025-07-13 01:42:00,1,预警,焚烧炉出口氧含量偏高
2025-07-13 01:48:00,1,预警,焚烧炉出口氧含量偏高
2025-07-13 01:50:00,1,预警,焚烧炉出口氧含量偏高
2025-07-13 01:52:00,1,预警,焚烧炉出口氧含量偏高
2025-07-13 02:04:00,1,预警,焚烧炉出口氧含量偏高
2025-07-13 02:06:00,1,预警,焚烧炉出口氧含量偏高
2025-07-13 02:10:00,1,预警,焚烧炉出口氧含量偏高
2025-07-13 02:22:00,1,预警,焚烧炉出口氧含量偏高
2025-07-13 02:28:00,1,预警,焚烧炉出口氧含量偏高
2025-07-13 02:32:00,1,预警,焚烧炉出口氧含量偏高
2025-07-13 02:34:00,1,预警,焚烧炉出口氧含量偏高
2025-07-13 02:36:00,1,预警,焚烧炉出口氧含量偏高
2025-07-13 02:38:00,1,预警,焚烧炉出口氧含量偏高
2025-07-13 02:40:00,1,预警,焚烧炉出口氧含量偏高
2025-07-13 02:50:00,1,预警,焚烧炉出口氧含量偏高
2025-07-13 02:56:00,1,预警,焚烧炉出口氧含量偏高
2025-07-13 03:04:00,1,预警,焚烧炉出口氧含量偏高
2025-07-13 03:06:00,1,预警,焚烧炉出口氧含量偏高
2025-07-13 03:08:00,1,预警,焚烧炉出口氧含量偏高
2025-07-13 03:10:00,1,预警,焚烧炉出口氧含量偏高
2025-07-13 03:12:00,1,预警,焚烧炉出口氧含量偏高
2025-07-13 03:14:00,1,预警,焚烧炉出口氧含量偏高
2025-07-13 03:16:00,1,预警,焚烧炉出口氧含量偏高
2025-07-13 03:18:00,1,预警,焚烧炉出口氧含量偏高
2025-07-13 03:26:00,1,预警,焚烧炉出口氧含量偏高
2025-07-13 03:28:00,1,预警,焚烧炉出口氧含量偏高
2025-07-13 03:30:00,1,预警,焚烧炉出口氧含量偏高
2025-07-13 03:32:00,1,预警,焚烧炉出口氧含量偏高
2025-07-13 03:34:00,1,预警,焚烧炉出口氧含量偏高
2025-07-13 03:36:00,1,预警,焚烧炉出口氧含量偏高
2025-07-13 03:38:00,1,预警,焚烧炉出口氧含量偏高
2025-07-13 03:40:00,1,预警,焚烧炉出口氧含量偏高
2025-07-13 03:42:00,1,预警,焚烧炉出口氧含量偏高
2025-07-13 03:44:00,1,预警,焚烧炉出口氧含量偏高
2025-07-13 03:46:00,1,预警,焚烧炉出口氧含量偏高
2025-07-13 03:48:00,1,预警,焚烧炉出口氧含量偏高
2025-07-13 03:50:00,1,预警,焚烧炉出口氧含量偏高
2025-07-13 03:52:00,1,预警,焚烧炉出口氧含量偏高
2025-07-13 03:54:00,1,预警,焚烧炉出口氧含量偏高
2025-07-13 03:56:00,1,预警,焚烧炉出口氧含量偏高
2025-07-13 03:58:00,1,预警,焚烧炉出口氧含量偏高
2025-07-13 04:00:00,1,预警,焚烧炉出口氧含量偏高
2025-07-13 04:02:00,1,预警,焚烧炉出口氧含量偏高
2025-07-13 04:04:00,1,预警,焚烧炉出口氧含量偏高
2025-07-13 04:06:00,1,预警,焚烧炉出口氧含量偏高
2025-07-13 04:08:00,1,预警,焚烧炉出口氧含量偏高
2025-07-13 04:10:00,1,预警,焚烧炉出口氧含量偏高
2025-07-13 04:12:00,1,预警,焚烧炉出口氧含量偏高
2025-07-13 04:14:00,1,预警,焚烧炉出口氧含量偏高
2025-07-13 04:16:00,1,预警,焚烧炉出口氧含量偏高
2025-07-13 04:18:00,1,预警,焚烧炉出口氧含量偏高
2025-07-13 04:20:00,1,预警,焚烧炉出口氧含量偏高
2025-07-13 04:22:00,1,预警,焚烧炉出口氧含量偏高
2025-07-13 04:30:00,1,预警,焚烧炉出口氧含量偏高
2025-07-13 04:32:00,1,预警,焚烧炉出口氧含量偏高
2025-07-13 04:34:00,1,预警,焚烧炉出口氧含量偏高
2025-07-13 04:36:00,1,预警,焚烧炉出口氧含量偏高
2025-07-13 04:38:00,1,预警,焚烧炉出口氧含量偏高
2025-07-13 04:40:00,1,预警,焚烧炉出口氧含量偏高
2025-07-13 04:42:00,1,预警,焚烧炉出口氧含量偏高
2025-07-13 04:44:00,1,预警,焚烧炉出口氧含量偏高
2025-07-13 04:46:00,1,预警,焚烧炉出口氧含量偏高
2025-07-13 04:48:00,1,预警,焚烧炉出口氧含量偏高
2025-07-13 04:50:00,1,预警,焚烧炉出口氧含量偏高
2025-07-13 04:52:00,1,预警,焚烧炉出口氧含量偏高
2025-07-13 04:54:00,1,预警,焚烧炉出口氧含量偏高
2025-07-13 04:56:00,1,预警,焚烧炉出口氧含量偏高
2025-07-13 04:58:00,1,预警,焚烧炉出口氧含量偏高
2025-07-13 05:00:00,1,预警,焚烧炉出口氧含量偏高
2025-07-13 05:02:00,1,预警,焚烧炉出口氧含量偏高
2025-07-13 05:04:00,1,预警,焚烧炉出口氧含量偏高
2025-07-13 05:06:00,1,预警,焚烧炉出口氧含量偏高
2025-07-13 05:08:00,1,预警,焚烧炉出口氧含量偏高
2025-07-13 05:10:00,1,预警,焚烧炉出口氧含量偏高
2025-07-13 05:12:00,1,预警,焚烧炉出口氧含量偏高
2025-07-13 05:14:00,1,预警,焚烧炉出口氧含量偏高
2025-07-13 05:22:00,1,预警,焚烧炉出口氧含量偏高
2025-07-13 05:24:00,1,预警,焚烧炉出口氧含量偏高
2025-07-13 05:26:00,1,预警,焚烧炉出口氧含量偏高
2025-07-13 05:30:00,1,预警,焚烧炉出口氧含量偏高
2025-07-13 05:32:00,1,预警,焚烧炉出口氧含量偏高
2025-07-13 05:34:00,1,预警,焚烧炉出口氧含量偏高
2025-07-13 05:36:00,1,预警,焚烧炉出口氧含量偏高
2025-07-13 05:38:00,1,预警,焚烧炉出口氧含量偏高
2025-07-13 06:00:00,1,预警,焚烧炉出口氧含量偏高
2025-07-13 06:02:00,1,预警,焚烧炉出口氧含量偏高
2025-07-13 06:04:00,1,预警,焚烧炉出口氧含量偏高
2025-07-13 06:06:00,1,预警,焚烧炉出口氧含量偏高
2025-07-13 06:08:00,1,预警,焚烧炉出口氧含量偏高
2025-07-13 06:10:00,1,预警,焚烧炉出口氧含量偏高
2025-07-13 06:14:00,1,预警,焚烧炉出口氧含量偏高
2025-07-13 06:28:00,1,预警,焚烧炉出口氧含量偏高
2025-07-13 06:30:00,1,预警,焚烧炉出口氧含量偏高
2025-07-13 06:32:00,1,预警,焚烧炉出口氧含量偏高
2025-07-13 06:34:00,1,预警,焚烧炉出口氧含量偏高
2025-07-13 06:36:00,1,预警,焚烧炉出口氧含量偏高
2025-07-13 06:38:00,1,预警,焚烧炉出口氧含量偏高
2025-07-13 06:48:00,1,预警,焚烧炉出口氧含量偏高
2025-07-13 06:52:00,1,预警,焚烧炉出口氧含量偏高
2025-07-13 06:54:00,1,预警,焚烧炉出口氧含量偏高
2025-07-13 06:56:00,1,预警,焚烧炉出口氧含量偏高
2025-07-13 06:58:00,1,预警,焚烧炉出口氧含量偏高
2025-07-13 07:00:00,1,预警,焚烧炉出口氧含量偏高
2025-07-13 07:02:00,1,预警,焚烧炉出口氧含量偏高
2025-07-13 07:08:00,1,预警,焚烧炉出口氧含量偏高
2025-07-13 07:12:00,1,预警,焚烧炉出口氧含量偏高
2025-07-13 07:16:00,1,预警,焚烧炉出口氧含量偏高
2025-07-13 07:18:00,1,预警,焚烧炉出口氧含量偏高
2025-07-13 07:20:00,1,预警,焚烧炉出口氧含量偏高
2025-07-13 07:22:00,1,预警,焚烧炉出口氧含量偏高
2025-07-13 07:24:00,1,预警,焚烧炉出口氧含量偏高
2025-07-13 07:26:00,1,预警,焚烧炉出口氧含量偏高
2025-07-13 07:28:00,1,预警,焚烧炉出口氧含量偏高
2025-07-13 07:30:00,1,预警,焚烧炉出口氧含量偏高
2025-07-13 07:32:00,1,预警,焚烧炉出口氧含量偏高
2025-07-13 07:34:00,1,预警,焚烧炉出口氧含量偏高
2025-07-13 07:36:00,1,预警,焚烧炉出口氧含量偏高
2025-07-13 07:38:00,1,预警,焚烧炉出口氧含量偏高
2025-07-13 07:40:00,1,预警,焚烧炉出口氧含量偏高
2025-07-13 07:42:00,1,预警,焚烧炉出口氧含量偏高
2025-07-13 07:50:00,1,预警,焚烧炉出口氧含量偏高
2025-07-13 08:00:00,1,预警,焚烧炉出口氧含量偏高
2025-07-13 08:02:00,1,预警,焚烧炉出口氧含量偏高
2025-07-13 08:04:00,1,预警,焚烧炉出口氧含量偏高
2025-07-13 08:08:00,1,预警,焚烧炉出口氧含量偏高
2025-07-13 08:14:00,1,预警,焚烧炉出口氧含量偏高
2025-07-13 08:24:00,1,预警,焚烧炉出口氧含量偏高
2025-07-13 08:32:00,1,预警,焚烧炉出口氧含量偏高
2025-07-13 08:38:00,1,预警,焚烧炉出口氧含量偏高
2025-07-13 08:48:00,1,预警,焚烧炉出口氧含量偏高
2025-07-13 08:50:00,1,预警,焚烧炉出口氧含量偏高
2025-07-13 08:52:00,1,预警,焚烧炉出口氧含量偏高
2025-07-13 08:54:00,1,预警,焚烧炉出口氧含量偏高
2025-07-13 08:56:00,1,预警,焚烧炉出口氧含量偏高
2025-07-13 08:58:00,1,预警,焚烧炉出口氧含量偏高
2025-07-13 09:00:00,1,预警,焚烧炉出口氧含量偏高
2025-07-13 09:02:00,1,预警,焚烧炉出口氧含量偏高
2025-07-13 09:04:00,1,预警,焚烧炉出口氧含量偏高
2025-07-13 09:06:00,1,预警,焚烧炉出口氧含量偏高
2025-07-13 09:08:00,1,预警,焚烧炉出口氧含量偏高
2025-07-13 09:10:00,1,预警,焚烧炉出口氧含量偏高
2025-07-13 09:12:00,1,预警,焚烧炉出口氧含量偏高
2025-07-13 09:14:00,1,预警,焚烧炉出口氧含量偏高
2025-07-13 09:16:00,1,预警,焚烧炉出口氧含量偏高
2025-07-13 09:18:00,1,预警,焚烧炉出口氧含量偏高
2025-07-13 09:20:00,1,预警,焚烧炉出口氧含量偏高
2025-07-13 09:22:00,1,预警,焚烧炉出口氧含量偏高
2025-07-13 09:24:00,1,预警,焚烧炉出口氧含量偏高
2025-07-13 09:26:00,1,预警,焚烧炉出口氧含量偏高
2025-07-13 09:32:00,1,预警,焚烧炉出口氧含量偏高
2025-07-13 09:36:00,1,预警,焚烧炉出口氧含量偏高
2025-07-13 09:48:00,1,预警,焚烧炉出口氧含量偏高
2025-07-13 10:08:00,1,预警,焚烧炉出口氧含量偏高
2025-07-13 10:10:00,1,预警,焚烧炉出口氧含量偏高
2025-07-13 10:12:00,1,预警,焚烧炉出口氧含量偏高
2025-07-13 10:14:00,1,预警,焚烧炉出口氧含量偏高
2025-07-13 10:16:00,1,预警,焚烧炉出口氧含量偏高
2025-07-13 10:18:00,1,预警,焚烧炉出口氧含量偏高
2025-07-13 10:20:00,1,预警,焚烧炉出口氧含量偏高
2025-07-13 10:22:00,1,预警,焚烧炉出口氧含量偏高
2025-07-13 10:24:00,1,预警,焚烧炉出口氧含量偏高
2025-07-13 10:26:00,1,预警,焚烧炉出口氧含量偏高
2025-07-13 10:28:00,1,预警,焚烧炉出口氧含量偏高
2025-07-13 10:30:00,1,预警,焚烧炉出口氧含量偏高
2025-07-13 10:52:00,1,预警,焚烧炉出口氧含量偏高
2025-07-13 10:56:00,1,预警,焚烧炉出口氧含量偏高
2025-07-13 10:58:00,1,预警,焚烧炉出口氧含量偏高
2025-07-13 11:00:00,1,预警,焚烧炉出口氧含量偏高
2025-07-13 11:02:00,1,预警,焚烧炉出口氧含量偏高
2025-07-13 11:04:00,1,预警,焚烧炉出口氧含量偏高
2025-07-13 11:06:00,1,预警,焚烧炉出口氧含量偏高
2025-07-13 11:08:00,1,预警,焚烧炉出口氧含量偏高
2025-07-13 11:10:00,1,预警,焚烧炉出口氧含量偏高
2025-07-13 11:12:00,1,预警,焚烧炉出口氧含量偏高
2025-07-13 11:14:00,1,预警,焚烧炉出口氧含量偏高
2025-07-13 11:16:00,1,预警,焚烧炉出口氧含量偏高
2025-07-13 11:18:00,1,预警,焚烧炉出口氧含量偏高
2025-07-13 11:20:00,1,预警,焚烧炉出口氧含量偏高
2025-07-13 11:22:00,1,预警,焚烧炉出口氧含量偏高
2025-07-13 11:24:00,1,预警,焚烧炉出口氧含量偏高
2025-07-13 11:32:00,1,预警,焚烧炉出口氧含量偏高
2025-07-13 11:34:00,1,预警,焚烧炉出口氧含量偏高
2025-07-13 11:36:00,1,预警,焚烧炉出口氧含量偏高
2025-07-13 11:38:00,1,预警,焚烧炉出口氧含量偏高
2025-07-13 11:40:00,1,预警,焚烧炉出口氧含量偏高
2025-07-13 11:42:00,1,预警,焚烧炉出口氧含量偏高
2025-07-13 11:44:00,1,预警,焚烧炉出口氧含量偏高
2025-07-13 11:46:00,1,预警,焚烧炉出口氧含量偏高
2025-07-13 11:48:00,1,预警,焚烧炉出口氧含量偏高
2025-07-13 11:50:00,1,预警,焚烧炉出口氧含量偏高
2025-07-13 11:52:00,1,预警,焚烧炉出口氧含量偏高
2025-07-13 11:54:00,1,预警,焚烧炉出口氧含量偏高
2025-07-13 11:56:00,1,预警,焚烧炉出口氧含量偏高
2025-07-13 11:58:00,1,预警,焚烧炉出口氧含量偏高
2025-07-13 12:00:00,1,预警,焚烧炉出口氧含量偏高
2025-07-13 12:02:00,1,预警,焚烧炉出口氧含量偏高
2025-07-13 12:04:00,1,预警,焚烧炉出口氧含量偏高
2025-07-13 12:06:00,1,预警,焚烧炉出口氧含量偏高
2025-07-13 12:08:00,1,预警,焚烧炉出口氧含量偏高
2025-07-13 12:10:00,1,预警,焚烧炉出口氧含量偏高
2025-07-13 12:12:00,1,预警,焚烧炉出口氧含量偏高
2025-07-13 12:14:00,1,预警,焚烧炉出口氧含量偏高
2025-07-13 12:16:00,1,预警,焚烧炉出口氧含量偏高
2025-07-13 12:18:00,1,预警,焚烧炉出口氧含量偏高
2025-07-13 12:20:00,1,预警,焚烧炉出口氧含量偏高
2025-07-13 12:22:00,1,预警,焚烧炉出口氧含量偏高
2025-07-13 12:30:00,1,预警,焚烧炉出口氧含量偏高
2025-07-13 12:32:00,1,预警,焚烧炉出口氧含量偏高
2025-07-13 12:34:00,1,预警,焚烧炉出口氧含量偏高
2025-07-13 12:36:00,1,预警,焚烧炉出口氧含量偏高
2025-07-13 12:38:00,1,预警,焚烧炉出口氧含量偏高
2025-07-13 12:40:00,1,预警,焚烧炉出口氧含量偏高
2025-07-13 12:44:00,1,预警,焚烧炉出口氧含量偏高
2025-07-13 12:48:00,1,预警,焚烧炉出口氧含量偏高
2025-07-13 12:52:00,1,预警,焚烧炉出口氧含量偏高
2025-07-13 12:54:00,1,预警,焚烧炉出口氧含量偏高
2025-07-13 12:56:00,1,预警,焚烧炉出口氧含量偏高
2025-07-13 12:58:00,1,预警,焚烧炉出口氧含量偏高
2025-07-13 13:00:00,1,预警,焚烧炉出口氧含量偏高
2025-07-13 13:02:00,1,预警,焚烧炉出口氧含量偏高
2025-07-13 13:04:00,1,预警,焚烧炉出口氧含量偏高
2025-07-13 13:06:00,1,预警,焚烧炉出口氧含量偏高
2025-07-13 13:08:00,1,预警,焚烧炉出口氧含量偏高
2025-07-13 13:10:00,1,预警,焚烧炉出口氧含量偏高
2025-07-13 13:12:00,1,预警,焚烧炉出口氧含量偏高
2025-07-13 13:14:00,1,预警,焚烧炉出口氧含量偏高
2025-07-13 13:16:00,1,预警,焚烧炉出口氧含量偏高
2025-07-13 13:18:00,1,预警,焚烧炉出口氧含量偏高
2025-07-13 13:38:00,1,预警,焚烧炉出口氧含量偏高
2025-07-13 13:54:00,1,预警,焚烧炉出口氧含量偏高
2025-07-13 13:56:00,1,预警,焚烧炉出口氧含量偏高
2025-07-13 13:58:00,1,预警,焚烧炉出口氧含量偏高
2025-07-13 14:00:00,1,预警,焚烧炉出口氧含量偏高
2025-07-13 14:04:00,1,预警,焚烧炉出口氧含量偏高
2025-07-13 14:06:00,1,预警,焚烧炉出口氧含量偏高
2025-07-13 14:08:00,1,预警,焚烧炉出口氧含量偏高
2025-07-13 14:10:00,1,预警,焚烧炉出口氧含量偏高
2025-07-13 14:12:00,1,预警,焚烧炉出口氧含量偏高
2025-07-13 14:14:00,1,预警,焚烧炉出口氧含量偏高
2025-07-13 14:16:00,1,预警,焚烧炉出口氧含量偏高
2025-07-13 14:18:00,1,预警,焚烧炉出口氧含量偏高
2025-07-13 14:32:00,1,预警,焚烧炉出口氧含量偏高
2025-07-13 14:34:00,1,预警,焚烧炉出口氧含量偏高
2025-07-13 14:36:00,1,预警,焚烧炉出口氧含量偏高
2025-07-13 14:44:00,1,预警,焚烧炉出口氧含量偏高
2025-07-13 14:46:00,1,预警,焚烧炉出口氧含量偏高
2025-07-13 14:48:00,1,预警,焚烧炉出口氧含量偏高
2025-07-13 14:50:00,1,预警,焚烧炉出口氧含量偏高
2025-07-13 14:52:00,1,预警,焚烧炉出口氧含量偏高
2025-07-13 14:54:00,1,预警,焚烧炉出口氧含量偏高
2025-07-13 14:56:00,1,预警,焚烧炉出口氧含量偏高
2025-07-13 14:58:00,1,预警,焚烧炉出口氧含量偏高
2025-07-13 15:00:00,1,预警,焚烧炉出口氧含量偏高
2025-07-13 15:02:00,1,预警,焚烧炉出口氧含量偏高
2025-07-13 15:44:00,1,预警,焚烧炉出口氧含量偏高
2025-07-13 15:48:00,1,预警,焚烧炉出口氧含量偏高
2025-07-13 15:52:00,1,预警,焚烧炉出口氧含量偏高
2025-07-13 15:54:00,1,预警,焚烧炉出口氧含量偏高
2025-07-13 15:56:00,1,预警,焚烧炉出口氧含量偏高
2025-07-13 15:58:00,1,预警,焚烧炉出口氧含量偏高
2025-07-13 16:00:00,1,预警,焚烧炉出口氧含量偏高
2025-07-13 16:02:00,1,预警,焚烧炉出口氧含量偏高
2025-07-13 16:04:00,1,预警,焚烧炉出口氧含量偏高
2025-07-13 16:06:00,1,预警,焚烧炉出口氧含量偏高
2025-07-13 16:08:00,1,预警,焚烧炉出口氧含量偏高
2025-07-13 16:44:00,1,预警,焚烧炉出口氧含量偏高
2025-07-13 16:46:00,1,预警,焚烧炉出口氧含量偏高
2025-07-13 16:48:00,1,预警,焚烧炉出口氧含量偏高
2025-07-13 16:50:00,1,预警,焚烧炉出口氧含量偏高
2025-07-13 16:52:00,1,预警,焚烧炉出口氧含量偏高
2025-07-13 16:54:00,1,预警,焚烧炉出口氧含量偏高
2025-07-13 16:58:00,1,预警,焚烧炉出口氧含量偏高
2025-07-13 17:00:00,1,预警,焚烧炉出口氧含量偏高
2025-07-13 17:02:00,1,预警,焚烧炉出口氧含量偏高
2025-07-13 17:04:00,1,预警,焚烧炉出口氧含量偏高
2025-07-13 17:06:00,1,预警,焚烧炉出口氧含量偏高
2025-07-13 17:08:00,1,预警,焚烧炉出口氧含量偏高
2025-07-13 17:10:00,1,预警,焚烧炉出口氧含量偏高
2025-07-13 17:12:00,1,预警,焚烧炉出口氧含量偏高
2025-07-13 17:14:00,1,预警,焚烧炉出口氧含量偏高
2025-07-13 17:16:00,1,预警,焚烧炉出口氧含量偏高
2025-07-13 17:18:00,1,预警,焚烧炉出口氧含量偏高
2025-07-13 17:20:00,1,预警,焚烧炉出口氧含量偏高
2025-07-13 17:22:00,1,预警,焚烧炉出口氧含量偏高
2025-07-13 17:24:00,1,预警,焚烧炉出口氧含量偏高
2025-07-13 17:26:00,1,预警,焚烧炉出口氧含量偏高
2025-07-13 17:28:00,1,预警,焚烧炉出口氧含量偏高
2025-07-13 17:30:00,1,预警,焚烧炉出口氧含量偏高
2025-07-13 17:32:00,1,预警,焚烧炉出口氧含量偏高
2025-07-13 17:34:00,1,预警,焚烧炉出口氧含量偏高
2025-07-13 17:40:00,1,预警,焚烧炉出口氧含量偏高
2025-07-13 17:46:00,1,预警,焚烧炉出口氧含量偏高
2025-07-13 17:48:00,1,预警,焚烧炉出口氧含量偏高
2025-07-13 17:50:00,1,预警,焚烧炉出口氧含量偏高
2025-07-13 17:54:00,1,预警,焚烧炉出口氧含量偏高
2025-07-13 17:58:00,1,预警,焚烧炉出口氧含量偏高
2025-07-13 18:12:00,1,预警,焚烧炉出口氧含量偏高
2025-07-13 18:18:00,1,预警,焚烧炉出口氧含量偏高
2025-07-13 19:22:00,1,预警,焚烧炉出口氧含量偏高
2025-07-13 19:28:00,1,预警,焚烧炉出口氧含量偏高
2025-07-13 19:30:00,1,预警,焚烧炉出口氧含量偏高
2025-07-13 19:32:00,1,预警,焚烧炉出口氧含量偏高
2025-07-13 19:34:00,1,预警,焚烧炉出口氧含量偏高
2025-07-13 19:36:00,1,预警,焚烧炉出口氧含量偏高
2025-07-13 19:38:00,1,预警,焚烧炉出口氧含量偏高
2025-07-13 19:40:00,1,预警,焚烧炉出口氧含量偏高
2025-07-13 19:42:00,1,预警,焚烧炉出口氧含量偏高
2025-07-13 19:44:00,1,预警,焚烧炉出口氧含量偏高
2025-07-13 19:46:00,1,预警,焚烧炉出口氧含量偏高
2025-07-13 19:48:00,1,预警,焚烧炉出口氧含量偏高
2025-07-13 19:50:00,1,预警,焚烧炉出口氧含量偏高
2025-07-13 19:52:00,1,预警,焚烧炉出口氧含量偏高
2025-07-13 19:54:00,1,预警,焚烧炉出口氧含量偏高
2025-07-13 20:32:00,1,预警,焚烧炉出口氧含量偏高
2025-07-13 20:38:01,1,预警,焚烧炉出口氧含量偏高
2025-07-13 20:40:00,1,预警,焚烧炉出口氧含量偏高
2025-07-13 20:42:00,1,预警,焚烧炉出口氧含量偏高
2025-07-13 20:44:00,1,预警,焚烧炉出口氧含量偏高
2025-07-13 20:46:00,1,预警,焚烧炉出口氧含量偏高
2025-07-13 20:48:00,1,预警,焚烧炉出口氧含量偏高
2025-07-13 20:50:00,1,预警,焚烧炉出口氧含量偏高
2025-07-13 21:44:00,1,预警,焚烧炉出口氧含量偏高
2025-07-13 21:46:00,1,预警,焚烧炉出口氧含量偏高
2025-07-13 21:48:00,1,预警,焚烧炉出口氧含量偏高
2025-07-13 21:52:00,1,预警,焚烧炉出口氧含量偏高
2025-07-13 21:54:00,1,预警,焚烧炉出口氧含量偏高
2025-07-13 21:56:00,1,预警,焚烧炉出口氧含量偏高
2025-07-13 21:58:00,1,预警,焚烧炉出口氧含量偏高
2025-07-13 22:00:00,1,预警,焚烧炉出口氧含量偏高
2025-07-13 22:02:00,1,预警,焚烧炉出口氧含量偏高
2025-07-13 22:04:00,1,预警,焚烧炉出口氧含量偏高
2025-07-13 22:06:00,1,预警,焚烧炉出口氧含量偏高
2025-07-13 22:08:00,1,预警,焚烧炉出口氧含量偏高
2025-07-13 22:10:00,1,预警,焚烧炉出口氧含量偏高
2025-07-13 22:14:00,1,预警,焚烧炉出口氧含量偏高
2025-07-13 23:50:00,1,预警,焚烧炉出口氧含量偏高
2025-07-13 23:52:00,1,预警,焚烧炉出口氧含量偏高
2025-07-13 23:54:00,1,预警,焚烧炉出口氧含量偏高
2025-07-13 23:56:00,1,预警,焚烧炉出口氧含量偏高
2025-07-13 23:58:00,1,预警,焚烧炉出口氧含量偏高
