﻿时间,炉号,预警/报警类型,预警/报警事件
2025-07-14 00:00:00,1,预警,焚烧炉出口氧含量偏高
2025-07-14 00:02:00,1,预警,焚烧炉出口氧含量偏高
2025-07-14 00:04:00,1,预警,焚烧炉出口氧含量偏高
2025-07-14 00:06:00,1,预警,焚烧炉出口氧含量偏高
2025-07-14 00:08:00,1,预警,焚烧炉出口氧含量偏高
2025-07-14 00:10:00,1,预警,焚烧炉出口氧含量偏高
2025-07-14 00:12:00,1,预警,焚烧炉出口氧含量偏高
2025-07-14 00:14:00,1,预警,焚烧炉出口氧含量偏高
2025-07-14 00:16:00,1,预警,焚烧炉出口氧含量偏高
2025-07-14 00:18:00,1,预警,焚烧炉出口氧含量偏高
2025-07-14 00:20:00,1,预警,焚烧炉出口氧含量偏高
2025-07-14 00:22:00,1,预警,焚烧炉出口氧含量偏高
2025-07-14 00:24:00,1,预警,焚烧炉出口氧含量偏高
2025-07-14 00:26:00,1,预警,焚烧炉出口氧含量偏高
2025-07-14 00:28:00,1,预警,焚烧炉出口氧含量偏高
2025-07-14 00:30:00,1,预警,焚烧炉出口氧含量偏高
2025-07-14 00:32:00,1,预警,焚烧炉出口氧含量偏高
2025-07-14 00:34:00,1,预警,焚烧炉出口氧含量偏高
2025-07-14 00:42:00,1,预警,焚烧炉出口氧含量偏高
2025-07-14 00:56:00,1,预警,焚烧炉出口氧含量偏高
2025-07-14 00:58:00,1,预警,焚烧炉出口氧含量偏高
2025-07-14 01:00:00,1,预警,焚烧炉出口氧含量偏高
2025-07-14 01:10:00,1,预警,焚烧炉出口氧含量偏高
2025-07-14 01:12:00,1,预警,焚烧炉出口氧含量偏高
2025-07-14 02:14:00,1,预警,焚烧炉出口氧含量偏高
2025-07-14 02:32:00,1,预警,焚烧炉出口氧含量偏高
2025-07-14 02:34:00,1,预警,焚烧炉出口氧含量偏高
2025-07-14 02:38:00,1,预警,焚烧炉出口氧含量偏高
2025-07-14 02:42:00,1,预警,焚烧炉出口氧含量偏高
2025-07-14 02:44:00,1,预警,焚烧炉出口氧含量偏高
2025-07-14 02:46:00,1,预警,焚烧炉出口氧含量偏高
2025-07-14 02:48:00,1,预警,焚烧炉出口氧含量偏高
2025-07-14 02:50:00,1,预警,焚烧炉出口氧含量偏高
2025-07-14 02:52:00,1,预警,焚烧炉出口氧含量偏高
2025-07-14 03:02:00,1,预警,焚烧炉出口氧含量偏高
2025-07-14 03:04:00,1,预警,焚烧炉出口氧含量偏高
2025-07-14 03:06:00,1,预警,焚烧炉出口氧含量偏高
2025-07-14 03:08:00,1,预警,焚烧炉出口氧含量偏高
2025-07-14 03:10:00,1,预警,焚烧炉出口氧含量偏高
2025-07-14 03:12:00,1,预警,焚烧炉出口氧含量偏高
2025-07-14 03:14:00,1,预警,焚烧炉出口氧含量偏高
2025-07-14 03:16:00,1,预警,焚烧炉出口氧含量偏高
2025-07-14 03:18:00,1,预警,焚烧炉出口氧含量偏高
2025-07-14 03:20:00,1,预警,焚烧炉出口氧含量偏高
2025-07-14 03:22:00,1,预警,焚烧炉出口氧含量偏高
2025-07-14 03:26:00,1,预警,焚烧炉出口氧含量偏高
2025-07-14 03:36:00,1,预警,焚烧炉出口氧含量偏高
2025-07-14 03:50:00,1,预警,焚烧炉出口氧含量偏高
2025-07-14 04:50:00,1,预警,焚烧炉出口氧含量偏高
2025-07-14 05:18:00,1,预警,焚烧炉出口氧含量偏高
2025-07-14 05:34:00,1,预警,焚烧炉出口氧含量偏高
2025-07-14 05:36:00,1,预警,焚烧炉出口氧含量偏高
2025-07-14 05:38:00,1,预警,焚烧炉出口氧含量偏高
2025-07-14 05:46:00,1,预警,焚烧炉出口氧含量偏高
2025-07-14 05:56:00,1,预警,焚烧炉出口氧含量偏高
2025-07-14 06:12:00,1,预警,焚烧炉出口氧含量偏高
2025-07-14 06:14:00,1,预警,焚烧炉出口氧含量偏高
2025-07-14 06:18:00,1,预警,焚烧炉出口氧含量偏高
2025-07-14 06:22:00,1,预警,焚烧炉出口氧含量偏高
2025-07-14 06:26:00,1,预警,焚烧炉出口氧含量偏高
2025-07-14 06:28:00,1,预警,焚烧炉出口氧含量偏高
2025-07-14 06:30:00,1,预警,焚烧炉出口氧含量偏高
2025-07-14 06:32:00,1,预警,焚烧炉出口氧含量偏高
2025-07-14 06:34:00,1,预警,焚烧炉出口氧含量偏高
2025-07-14 06:50:00,1,预警,焚烧炉出口氧含量偏高
2025-07-14 06:54:00,1,预警,焚烧炉出口氧含量偏高
2025-07-14 06:56:00,1,预警,焚烧炉出口氧含量偏高
2025-07-14 06:58:00,1,预警,焚烧炉出口氧含量偏高
2025-07-14 07:00:00,1,预警,焚烧炉出口氧含量偏高
2025-07-14 07:22:00,1,预警,焚烧炉出口氧含量偏高
2025-07-14 07:52:00,1,预警,焚烧炉出口氧含量偏高
2025-07-14 07:54:00,1,预警,焚烧炉出口氧含量偏高
2025-07-14 08:02:00,1,预警,焚烧炉出口氧含量偏高
2025-07-14 08:06:00,1,预警,焚烧炉出口氧含量偏高
2025-07-14 08:08:00,1,预警,焚烧炉出口氧含量偏高
2025-07-14 08:10:00,1,预警,焚烧炉出口氧含量偏高
2025-07-14 08:12:00,1,预警,焚烧炉出口氧含量偏高
2025-07-14 08:14:00,1,预警,焚烧炉出口氧含量偏高
2025-07-14 08:16:00,1,预警,焚烧炉出口氧含量偏高
2025-07-14 08:18:00,1,预警,焚烧炉出口氧含量偏高
2025-07-14 08:20:00,1,预警,焚烧炉出口氧含量偏高
2025-07-14 08:28:00,1,预警,焚烧炉出口氧含量偏高
2025-07-14 08:30:00,1,预警,焚烧炉出口氧含量偏高
2025-07-14 08:32:00,1,预警,焚烧炉出口氧含量偏高
2025-07-14 08:34:00,1,预警,焚烧炉出口氧含量偏高
2025-07-14 08:36:00,1,预警,焚烧炉出口氧含量偏高
2025-07-14 08:38:00,1,预警,焚烧炉出口氧含量偏高
2025-07-14 08:40:00,1,预警,焚烧炉出口氧含量偏高
2025-07-14 08:42:00,1,预警,焚烧炉出口氧含量偏高
2025-07-14 08:44:00,1,预警,焚烧炉出口氧含量偏高
2025-07-14 08:46:00,1,预警,焚烧炉出口氧含量偏高
2025-07-14 08:48:00,1,预警,焚烧炉出口氧含量偏高
2025-07-14 08:50:00,1,预警,焚烧炉出口氧含量偏高
2025-07-14 08:52:00,1,预警,焚烧炉出口氧含量偏高
2025-07-14 08:54:00,1,预警,焚烧炉出口氧含量偏高
2025-07-14 08:56:00,1,预警,焚烧炉出口氧含量偏高
2025-07-14 08:58:00,1,预警,焚烧炉出口氧含量偏高
2025-07-14 09:00:00,1,预警,焚烧炉出口氧含量偏高
2025-07-14 09:02:00,1,预警,焚烧炉出口氧含量偏高
2025-07-14 09:04:00,1,预警,焚烧炉出口氧含量偏高
2025-07-14 09:06:00,1,预警,焚烧炉出口氧含量偏高
2025-07-14 09:08:00,1,预警,焚烧炉出口氧含量偏高
2025-07-14 09:10:00,1,预警,焚烧炉出口氧含量偏高
2025-07-14 09:12:00,1,预警,焚烧炉出口氧含量偏高
2025-07-14 09:14:00,1,预警,焚烧炉出口氧含量偏高
2025-07-14 09:16:00,1,预警,焚烧炉出口氧含量偏高
2025-07-14 09:20:00,1,预警,焚烧炉出口氧含量偏高
2025-07-14 09:36:00,1,预警,焚烧炉出口氧含量偏高
2025-07-14 09:38:00,1,预警,焚烧炉出口氧含量偏高
2025-07-14 09:40:00,1,预警,焚烧炉出口氧含量偏高
2025-07-14 09:44:00,1,预警,焚烧炉出口氧含量偏高
2025-07-14 09:46:00,1,预警,焚烧炉出口氧含量偏高
2025-07-14 09:48:00,1,预警,焚烧炉出口氧含量偏高
2025-07-14 09:50:00,1,预警,焚烧炉出口氧含量偏高
2025-07-14 09:52:00,1,预警,焚烧炉出口氧含量偏高
2025-07-14 09:54:00,1,预警,焚烧炉出口氧含量偏高
2025-07-14 09:56:00,1,预警,焚烧炉出口氧含量偏高
2025-07-14 09:58:00,1,预警,焚烧炉出口氧含量偏高
2025-07-14 10:00:00,1,预警,焚烧炉出口氧含量偏高
2025-07-14 10:02:00,1,预警,焚烧炉出口氧含量偏高
2025-07-14 10:04:00,1,预警,焚烧炉出口氧含量偏高
2025-07-14 10:06:00,1,预警,焚烧炉出口氧含量偏高
2025-07-14 10:08:00,1,预警,焚烧炉出口氧含量偏高
2025-07-14 10:10:00,1,预警,焚烧炉出口氧含量偏高
2025-07-14 10:34:00,1,预警,焚烧炉出口氧含量偏高
2025-07-14 10:36:00,1,预警,焚烧炉出口氧含量偏高
2025-07-14 10:38:00,1,预警,焚烧炉出口氧含量偏高
2025-07-14 10:40:00,1,预警,焚烧炉出口氧含量偏高
2025-07-14 10:42:00,1,预警,焚烧炉出口氧含量偏高
2025-07-14 10:44:00,1,预警,焚烧炉出口氧含量偏高
2025-07-14 11:52:00,1,预警,焚烧炉出口氧含量偏高
2025-07-14 11:54:00,1,预警,焚烧炉出口氧含量偏高
2025-07-14 12:00:00,1,预警,焚烧炉出口氧含量偏高
2025-07-14 12:02:00,1,预警,焚烧炉出口氧含量偏高
2025-07-14 12:04:00,1,预警,焚烧炉出口氧含量偏高
2025-07-14 12:06:00,1,预警,焚烧炉出口氧含量偏高
2025-07-14 12:08:00,1,预警,焚烧炉出口氧含量偏高
2025-07-14 12:10:00,1,预警,焚烧炉出口氧含量偏高
2025-07-14 12:12:00,1,预警,焚烧炉出口氧含量偏高
2025-07-14 12:14:00,1,预警,焚烧炉出口氧含量偏高
2025-07-14 12:16:00,1,预警,焚烧炉出口氧含量偏高
2025-07-14 12:18:00,1,预警,焚烧炉出口氧含量偏高
2025-07-14 12:20:00,1,预警,焚烧炉出口氧含量偏高
2025-07-14 12:22:00,1,预警,焚烧炉出口氧含量偏高
2025-07-14 12:24:00,1,预警,焚烧炉出口氧含量偏高
2025-07-14 12:26:00,1,预警,焚烧炉出口氧含量偏高
2025-07-14 12:42:00,1,预警,焚烧炉出口氧含量偏高
2025-07-14 12:44:00,1,预警,焚烧炉出口氧含量偏高
2025-07-14 12:46:00,1,预警,焚烧炉出口氧含量偏高
2025-07-14 13:04:00,1,预警,焚烧炉出口氧含量偏高
2025-07-14 13:06:00,1,预警,焚烧炉出口氧含量偏高
2025-07-14 13:08:00,1,预警,焚烧炉出口氧含量偏高
2025-07-14 13:10:00,1,预警,焚烧炉出口氧含量偏高
2025-07-14 13:12:00,1,预警,焚烧炉出口氧含量偏高
2025-07-14 13:14:00,1,预警,焚烧炉出口氧含量偏高
2025-07-14 13:16:00,1,预警,焚烧炉出口氧含量偏高
2025-07-14 13:18:00,1,预警,焚烧炉出口氧含量偏高
2025-07-14 13:20:00,1,预警,焚烧炉出口氧含量偏高
2025-07-14 13:22:00,1,预警,焚烧炉出口氧含量偏高
2025-07-14 13:24:00,1,预警,焚烧炉出口氧含量偏高
2025-07-14 13:26:00,1,预警,焚烧炉出口氧含量偏高
2025-07-14 13:28:00,1,预警,焚烧炉出口氧含量偏高
2025-07-14 13:30:00,1,预警,焚烧炉出口氧含量偏高
2025-07-14 13:32:00,1,预警,焚烧炉出口氧含量偏高
2025-07-14 13:34:00,1,预警,焚烧炉出口氧含量偏高
2025-07-14 13:36:00,1,预警,焚烧炉出口氧含量偏高
2025-07-14 13:38:00,1,预警,焚烧炉出口氧含量偏高
2025-07-14 13:40:00,1,预警,焚烧炉出口氧含量偏高
2025-07-14 14:42:00,1,预警,焚烧炉出口氧含量偏高
2025-07-14 14:46:00,1,预警,焚烧炉出口氧含量偏高
2025-07-14 14:50:00,1,预警,焚烧炉出口氧含量偏高
2025-07-14 14:54:00,1,预警,焚烧炉出口氧含量偏高
2025-07-14 14:56:00,1,预警,焚烧炉出口氧含量偏高
2025-07-14 14:58:00,1,预警,焚烧炉出口氧含量偏高
2025-07-14 15:00:00,1,预警,焚烧炉出口氧含量偏高
2025-07-14 15:20:00,1,预警,焚烧炉出口氧含量偏高
2025-07-14 15:24:00,1,预警,焚烧炉出口氧含量偏高
2025-07-14 15:26:00,1,预警,焚烧炉出口氧含量偏高
2025-07-14 15:28:00,1,预警,焚烧炉出口氧含量偏高
2025-07-14 15:48:00,1,预警,焚烧炉出口氧含量偏高
2025-07-14 15:50:00,1,预警,焚烧炉出口氧含量偏高
2025-07-14 15:52:00,1,预警,焚烧炉出口氧含量偏高
2025-07-14 15:58:00,1,预警,焚烧炉出口氧含量偏高
2025-07-14 16:00:00,1,预警,焚烧炉出口氧含量偏高
2025-07-14 16:02:00,1,预警,焚烧炉出口氧含量偏高
2025-07-14 16:04:00,1,预警,焚烧炉出口氧含量偏高
2025-07-14 16:52:00,1,预警,焚烧炉出口氧含量偏高
2025-07-14 17:02:00,1,预警,焚烧炉出口氧含量偏高
2025-07-14 17:04:00,1,预警,焚烧炉出口氧含量偏高
2025-07-14 17:14:00,1,预警,布袋除尘器压力损失偏低
2025-07-14 17:20:00,1,预警,布袋除尘器压力损失偏低
2025-07-14 17:22:00,1,预警,焚烧炉出口氧含量偏高
2025-07-14 18:32:00,1,预警,焚烧炉出口氧含量偏高
2025-07-14 18:36:00,1,预警,焚烧炉出口氧含量偏高
2025-07-14 20:14:00,1,预警,焚烧炉出口氧含量偏高
2025-07-14 20:16:00,1,预警,焚烧炉出口氧含量偏高
2025-07-14 20:20:00,1,预警,焚烧炉出口氧含量偏高
2025-07-14 20:22:00,1,预警,焚烧炉出口氧含量偏高
2025-07-14 20:24:00,1,预警,焚烧炉出口氧含量偏高
2025-07-14 20:26:00,1,预警,焚烧炉出口氧含量偏高
2025-07-14 20:28:00,1,预警,焚烧炉出口氧含量偏高
2025-07-14 20:30:00,1,预警,焚烧炉出口氧含量偏高
2025-07-14 20:32:00,1,预警,焚烧炉出口氧含量偏高
2025-07-14 20:34:00,1,预警,焚烧炉出口氧含量偏高
2025-07-14 20:36:00,1,预警,焚烧炉出口氧含量偏高
2025-07-14 20:38:00,1,预警,焚烧炉出口氧含量偏高
2025-07-14 20:40:00,1,预警,焚烧炉出口氧含量偏高
2025-07-14 20:42:00,1,预警,焚烧炉出口氧含量偏高
2025-07-14 20:44:00,1,预警,焚烧炉出口氧含量偏高
2025-07-14 20:46:00,1,预警,焚烧炉出口氧含量偏高
2025-07-14 20:48:00,1,预警,焚烧炉出口氧含量偏高
2025-07-14 20:50:00,1,预警,焚烧炉出口氧含量偏高
2025-07-14 20:52:00,1,预警,焚烧炉出口氧含量偏高
2025-07-14 20:54:00,1,预警,焚烧炉出口氧含量偏高
2025-07-14 20:56:00,1,预警,焚烧炉出口氧含量偏高
2025-07-14 20:58:00,1,预警,焚烧炉出口氧含量偏高
2025-07-14 21:00:00,1,预警,焚烧炉出口氧含量偏高
2025-07-14 21:02:00,1,预警,焚烧炉出口氧含量偏高
2025-07-14 21:04:00,1,预警,焚烧炉出口氧含量偏高
2025-07-14 21:06:00,1,预警,焚烧炉出口氧含量偏高
2025-07-14 21:08:00,1,预警,焚烧炉出口氧含量偏高
2025-07-14 21:10:00,1,预警,焚烧炉出口氧含量偏高
2025-07-14 21:12:00,1,预警,焚烧炉出口氧含量偏高
2025-07-14 21:14:00,1,预警,焚烧炉出口氧含量偏高
2025-07-14 21:16:00,1,预警,焚烧炉出口氧含量偏高
2025-07-14 21:18:00,1,预警,焚烧炉出口氧含量偏高
2025-07-14 21:20:00,1,预警,焚烧炉出口氧含量偏高
2025-07-14 21:22:00,1,预警,焚烧炉出口氧含量偏高
2025-07-14 21:24:00,1,预警,焚烧炉出口氧含量偏高
2025-07-14 21:26:00,1,预警,焚烧炉出口氧含量偏高
2025-07-14 21:28:00,1,预警,焚烧炉出口氧含量偏高
2025-07-14 21:30:00,1,预警,焚烧炉出口氧含量偏高
2025-07-14 21:32:00,1,预警,焚烧炉出口氧含量偏高
2025-07-14 21:34:00,1,预警,焚烧炉出口氧含量偏高
2025-07-14 21:36:00,1,预警,焚烧炉出口氧含量偏高
2025-07-14 21:38:00,1,预警,焚烧炉出口氧含量偏高
2025-07-14 21:40:00,1,预警,焚烧炉出口氧含量偏高
2025-07-14 21:42:00,1,预警,焚烧炉出口氧含量偏高
2025-07-14 21:44:00,1,预警,焚烧炉出口氧含量偏高
2025-07-14 21:46:00,1,预警,焚烧炉出口氧含量偏高
2025-07-14 21:54:00,1,预警,焚烧炉出口氧含量偏高
2025-07-14 21:56:00,1,预警,焚烧炉出口氧含量偏高
2025-07-14 21:58:00,1,预警,焚烧炉出口氧含量偏高
2025-07-14 22:00:00,1,预警,焚烧炉出口氧含量偏高
2025-07-14 22:02:00,1,预警,焚烧炉出口氧含量偏高
2025-07-14 22:04:00,1,预警,焚烧炉出口氧含量偏高
2025-07-14 22:18:00,1,预警,焚烧炉出口氧含量偏高
2025-07-14 22:20:00,1,预警,焚烧炉出口氧含量偏高
2025-07-14 22:22:00,1,预警,焚烧炉出口氧含量偏高
2025-07-14 22:24:00,1,预警,焚烧炉出口氧含量偏高
2025-07-14 22:26:00,1,预警,焚烧炉出口氧含量偏高
2025-07-14 22:28:00,1,预警,焚烧炉出口氧含量偏高
2025-07-14 22:30:00,1,预警,焚烧炉出口氧含量偏高
2025-07-14 22:32:00,1,预警,焚烧炉出口氧含量偏高
2025-07-14 22:34:00,1,预警,焚烧炉出口氧含量偏高
2025-07-14 22:36:00,1,预警,焚烧炉出口氧含量偏高
2025-07-14 22:38:00,1,预警,焚烧炉出口氧含量偏高
2025-07-14 22:40:00,1,预警,焚烧炉出口氧含量偏高
2025-07-14 22:42:00,1,预警,焚烧炉出口氧含量偏高
2025-07-14 22:44:00,1,预警,焚烧炉出口氧含量偏高
2025-07-14 22:46:00,1,预警,焚烧炉出口氧含量偏高
2025-07-14 22:48:00,1,预警,焚烧炉出口氧含量偏高
2025-07-14 22:50:00,1,预警,焚烧炉出口氧含量偏高
2025-07-14 22:52:00,1,预警,焚烧炉出口氧含量偏高
2025-07-14 22:54:00,1,预警,焚烧炉出口氧含量偏高
2025-07-14 22:56:00,1,预警,焚烧炉出口氧含量偏高
2025-07-14 22:58:00,1,预警,焚烧炉出口氧含量偏高
2025-07-14 23:00:00,1,预警,焚烧炉出口氧含量偏高
2025-07-14 23:02:00,1,预警,焚烧炉出口氧含量偏高
2025-07-14 23:04:00,1,预警,焚烧炉出口氧含量偏高
2025-07-14 23:06:00,1,预警,焚烧炉出口氧含量偏高
2025-07-14 23:08:00,1,预警,焚烧炉出口氧含量偏高
2025-07-14 23:10:00,1,预警,焚烧炉出口氧含量偏高
2025-07-14 23:12:00,1,预警,焚烧炉出口氧含量偏高
2025-07-14 23:14:00,1,预警,焚烧炉出口氧含量偏高
2025-07-14 23:16:00,1,预警,焚烧炉出口氧含量偏高
2025-07-14 23:18:00,1,预警,焚烧炉出口氧含量偏高
2025-07-14 23:20:00,1,预警,焚烧炉出口氧含量偏高
2025-07-14 23:22:00,1,预警,焚烧炉出口氧含量偏高
2025-07-14 23:24:00,1,预警,焚烧炉出口氧含量偏高
2025-07-14 23:26:00,1,预警,焚烧炉出口氧含量偏高
2025-07-14 23:28:00,1,预警,焚烧炉出口氧含量偏高
2025-07-14 23:30:00,1,预警,焚烧炉出口氧含量偏高
2025-07-14 23:32:00,1,预警,焚烧炉出口氧含量偏高
2025-07-14 23:34:00,1,预警,焚烧炉出口氧含量偏高
2025-07-14 23:36:00,1,预警,焚烧炉出口氧含量偏高
2025-07-14 23:38:00,1,预警,焚烧炉出口氧含量偏高
2025-07-14 23:40:00,1,预警,焚烧炉出口氧含量偏高
2025-07-14 23:42:00,1,预警,焚烧炉出口氧含量偏高
2025-07-14 23:44:00,1,预警,焚烧炉出口氧含量偏高
2025-07-14 23:46:00,1,预警,焚烧炉出口氧含量偏高
2025-07-14 23:48:00,1,预警,焚烧炉出口氧含量偏高
2025-07-14 23:50:00,1,预警,焚烧炉出口氧含量偏高
