﻿时间,炉号,预警/报警类型,预警/报警事件
2025-07-15 01:00:00,1,预警,焚烧炉出口氧含量偏高
2025-07-15 01:04:00,1,预警,焚烧炉出口氧含量偏高
2025-07-15 01:06:00,1,预警,焚烧炉出口氧含量偏高
2025-07-15 01:08:00,1,预警,焚烧炉出口氧含量偏高
2025-07-15 01:10:00,1,预警,焚烧炉出口氧含量偏高
2025-07-15 01:12:00,1,预警,焚烧炉出口氧含量偏高
2025-07-15 01:14:00,1,预警,焚烧炉出口氧含量偏高
2025-07-15 01:16:00,1,预警,焚烧炉出口氧含量偏高
2025-07-15 01:18:00,1,预警,焚烧炉出口氧含量偏高
2025-07-15 01:20:00,1,预警,焚烧炉出口氧含量偏高
2025-07-15 01:22:00,1,预警,焚烧炉出口氧含量偏高
2025-07-15 01:24:00,1,预警,焚烧炉出口氧含量偏高
2025-07-15 01:26:00,1,预警,焚烧炉出口氧含量偏高
2025-07-15 01:28:00,1,预警,焚烧炉出口氧含量偏高
2025-07-15 01:30:00,1,预警,焚烧炉出口氧含量偏高
2025-07-15 01:32:00,1,预警,焚烧炉出口氧含量偏高
2025-07-15 01:34:00,1,预警,焚烧炉出口氧含量偏高
2025-07-15 01:36:00,1,预警,焚烧炉出口氧含量偏高
2025-07-15 01:38:00,1,预警,焚烧炉出口氧含量偏高
2025-07-15 01:40:00,1,预警,焚烧炉出口氧含量偏高
2025-07-15 01:42:00,1,预警,焚烧炉出口氧含量偏高
2025-07-15 01:44:00,1,预警,焚烧炉出口氧含量偏高
2025-07-15 01:46:00,1,预警,焚烧炉出口氧含量偏高
2025-07-15 01:48:00,1,预警,焚烧炉出口氧含量偏高
2025-07-15 01:50:00,1,预警,焚烧炉出口氧含量偏高
2025-07-15 01:52:00,1,预警,焚烧炉出口氧含量偏高
2025-07-15 01:54:00,1,预警,焚烧炉出口氧含量偏高
2025-07-15 01:56:00,1,预警,焚烧炉出口氧含量偏高
2025-07-15 01:58:00,1,预警,焚烧炉出口氧含量偏高
2025-07-15 02:00:00,1,预警,焚烧炉出口氧含量偏高
2025-07-15 02:02:00,1,预警,焚烧炉出口氧含量偏高
2025-07-15 02:04:00,1,预警,焚烧炉出口氧含量偏高
2025-07-15 02:06:00,1,预警,焚烧炉出口氧含量偏高
2025-07-15 02:08:00,1,预警,焚烧炉出口氧含量偏高
2025-07-15 02:10:00,1,预警,焚烧炉出口氧含量偏高
2025-07-15 02:12:00,1,预警,焚烧炉出口氧含量偏高
2025-07-15 02:14:00,1,预警,焚烧炉出口氧含量偏高
2025-07-15 02:16:00,1,预警,焚烧炉出口氧含量偏高
2025-07-15 02:18:00,1,预警,焚烧炉出口氧含量偏高
2025-07-15 02:20:00,1,预警,焚烧炉出口氧含量偏高
2025-07-15 02:22:00,1,预警,焚烧炉出口氧含量偏高
2025-07-15 02:24:00,1,预警,焚烧炉出口氧含量偏高
2025-07-15 02:26:00,1,预警,焚烧炉出口氧含量偏高
2025-07-15 02:28:00,1,预警,焚烧炉出口氧含量偏高
2025-07-15 02:30:00,1,预警,焚烧炉出口氧含量偏高
2025-07-15 02:32:00,1,预警,焚烧炉出口氧含量偏高
2025-07-15 02:34:00,1,预警,焚烧炉出口氧含量偏高
2025-07-15 02:36:00,1,预警,焚烧炉出口氧含量偏高
2025-07-15 02:38:00,1,预警,焚烧炉出口氧含量偏高
2025-07-15 02:40:00,1,预警,焚烧炉出口氧含量偏高
2025-07-15 02:42:00,1,预警,焚烧炉出口氧含量偏高
2025-07-15 02:44:00,1,预警,焚烧炉出口氧含量偏高
2025-07-15 02:46:00,1,预警,焚烧炉出口氧含量偏高
2025-07-15 03:42:00,1,预警,焚烧炉出口氧含量偏高
2025-07-15 03:44:00,1,预警,焚烧炉出口氧含量偏高
2025-07-15 03:46:00,1,预警,焚烧炉出口氧含量偏高
2025-07-15 03:48:00,1,预警,焚烧炉出口氧含量偏高
2025-07-15 03:50:00,1,预警,焚烧炉出口氧含量偏高
2025-07-15 03:52:00,1,预警,焚烧炉出口氧含量偏高
2025-07-15 04:24:00,1,预警,焚烧炉出口氧含量偏高
2025-07-15 04:26:01,1,预警,焚烧炉出口氧含量偏高
2025-07-15 04:28:00,1,预警,焚烧炉出口氧含量偏高
2025-07-15 04:30:00,1,预警,焚烧炉出口氧含量偏高
2025-07-15 04:34:00,1,预警,焚烧炉出口氧含量偏高
2025-07-15 04:36:00,1,预警,焚烧炉出口氧含量偏高
2025-07-15 04:38:00,1,预警,焚烧炉出口氧含量偏高
2025-07-15 04:40:00,1,预警,焚烧炉出口氧含量偏高
2025-07-15 04:42:00,1,预警,焚烧炉出口氧含量偏高
2025-07-15 04:44:00,1,预警,焚烧炉出口氧含量偏高
2025-07-15 05:02:00,1,预警,焚烧炉出口氧含量偏高
2025-07-15 05:08:00,1,预警,焚烧炉出口氧含量偏高
2025-07-15 05:32:00,1,预警,焚烧炉出口氧含量偏高
2025-07-15 05:34:00,1,预警,焚烧炉出口氧含量偏高
2025-07-15 05:36:00,1,预警,焚烧炉出口氧含量偏高
2025-07-15 05:38:00,1,预警,焚烧炉出口氧含量偏高
2025-07-15 05:40:00,1,预警,焚烧炉出口氧含量偏高
2025-07-15 05:42:00,1,预警,焚烧炉出口氧含量偏高
2025-07-15 05:46:00,1,预警,焚烧炉出口氧含量偏高
2025-07-15 05:48:00,1,预警,焚烧炉出口氧含量偏高
2025-07-15 05:50:00,1,预警,焚烧炉出口氧含量偏高
2025-07-15 05:52:00,1,预警,焚烧炉出口氧含量偏高
2025-07-15 05:54:00,1,预警,焚烧炉出口氧含量偏高
2025-07-15 05:56:00,1,预警,焚烧炉出口氧含量偏高
2025-07-15 05:58:00,1,预警,焚烧炉出口氧含量偏高
2025-07-15 06:00:00,1,预警,焚烧炉出口氧含量偏高
2025-07-15 06:04:00,1,预警,焚烧炉出口氧含量偏高
2025-07-15 06:06:00,1,预警,焚烧炉出口氧含量偏高
2025-07-15 06:10:00,1,预警,焚烧炉出口氧含量偏高
2025-07-15 06:12:00,1,预警,焚烧炉出口氧含量偏高
2025-07-15 06:24:00,1,预警,焚烧炉出口氧含量偏高
2025-07-15 06:26:00,1,预警,焚烧炉出口氧含量偏高
2025-07-15 07:30:00,1,预警,焚烧炉出口氧含量偏高
2025-07-15 07:32:00,1,预警,焚烧炉出口氧含量偏高
2025-07-15 07:34:00,1,预警,焚烧炉出口氧含量偏高
2025-07-15 07:36:00,1,预警,焚烧炉出口氧含量偏高
2025-07-15 07:38:00,1,预警,焚烧炉出口氧含量偏高
2025-07-15 07:40:00,1,预警,焚烧炉出口氧含量偏高
2025-07-15 07:42:00,1,预警,焚烧炉出口氧含量偏高
2025-07-15 07:44:00,1,预警,焚烧炉出口氧含量偏高
2025-07-15 07:46:00,1,预警,焚烧炉出口氧含量偏高
2025-07-15 07:48:00,1,预警,焚烧炉出口氧含量偏高
2025-07-15 07:50:00,1,预警,焚烧炉出口氧含量偏高
2025-07-15 07:52:00,1,预警,焚烧炉出口氧含量偏高
2025-07-15 07:54:00,1,预警,焚烧炉出口氧含量偏高
2025-07-15 07:56:00,1,预警,焚烧炉出口氧含量偏高
2025-07-15 07:58:00,1,预警,焚烧炉出口氧含量偏高
2025-07-15 08:00:00,1,预警,焚烧炉出口氧含量偏高
2025-07-15 08:04:00,1,预警,焚烧炉出口氧含量偏高
2025-07-15 08:06:00,1,预警,焚烧炉出口氧含量偏高
2025-07-15 08:08:00,1,预警,焚烧炉出口氧含量偏高
2025-07-15 08:10:00,1,预警,焚烧炉出口氧含量偏高
2025-07-15 08:12:00,1,预警,焚烧炉出口氧含量偏高
2025-07-15 08:14:00,1,预警,焚烧炉出口氧含量偏高
2025-07-15 08:16:00,1,预警,焚烧炉出口氧含量偏高
2025-07-15 08:18:00,1,预警,焚烧炉出口氧含量偏高
2025-07-15 08:20:00,1,预警,焚烧炉出口氧含量偏高
2025-07-15 08:22:00,1,预警,焚烧炉出口氧含量偏高
2025-07-15 08:24:00,1,预警,焚烧炉出口氧含量偏高
2025-07-15 08:26:00,1,预警,焚烧炉出口氧含量偏高
2025-07-15 08:28:00,1,预警,焚烧炉出口氧含量偏高
2025-07-15 08:30:00,1,预警,焚烧炉出口氧含量偏高
2025-07-15 08:32:00,1,预警,焚烧炉出口氧含量偏高
2025-07-15 08:34:00,1,预警,焚烧炉出口氧含量偏高
2025-07-15 08:36:00,1,预警,焚烧炉出口氧含量偏高
2025-07-15 08:38:00,1,预警,焚烧炉出口氧含量偏高
2025-07-15 08:40:00,1,预警,焚烧炉出口氧含量偏高
2025-07-15 08:44:00,1,预警,焚烧炉出口氧含量偏高
2025-07-15 08:50:00,1,预警,焚烧炉出口氧含量偏高
2025-07-15 08:52:00,1,预警,焚烧炉出口氧含量偏高
2025-07-15 08:54:00,1,预警,焚烧炉出口氧含量偏高
2025-07-15 09:10:00,1,预警,焚烧炉出口氧含量偏高
2025-07-15 09:12:00,1,预警,焚烧炉出口氧含量偏高
2025-07-15 09:14:00,1,预警,焚烧炉出口氧含量偏高
2025-07-15 09:34:00,1,预警,焚烧炉出口氧含量偏高
2025-07-15 09:36:00,1,预警,焚烧炉出口氧含量偏高
2025-07-15 09:38:00,1,预警,焚烧炉出口氧含量偏高
2025-07-15 09:40:00,1,预警,焚烧炉出口氧含量偏高
2025-07-15 09:42:00,1,预警,焚烧炉出口氧含量偏高
2025-07-15 09:44:00,1,预警,焚烧炉出口氧含量偏高
2025-07-15 09:46:00,1,预警,焚烧炉出口氧含量偏高
2025-07-15 10:58:00,1,预警,焚烧炉出口氧含量偏高
2025-07-15 11:00:00,1,预警,焚烧炉出口氧含量偏高
2025-07-15 11:02:00,1,预警,焚烧炉出口氧含量偏高
2025-07-15 11:04:00,1,预警,焚烧炉出口氧含量偏高
2025-07-15 11:06:00,1,预警,焚烧炉出口氧含量偏高
2025-07-15 11:08:00,1,预警,焚烧炉出口氧含量偏高
2025-07-15 11:10:00,1,预警,焚烧炉出口氧含量偏高
2025-07-15 11:12:00,1,预警,焚烧炉出口氧含量偏高
2025-07-15 11:14:00,1,预警,焚烧炉出口氧含量偏高
2025-07-15 11:16:00,1,预警,焚烧炉出口氧含量偏高
2025-07-15 11:18:00,1,预警,焚烧炉出口氧含量偏高
2025-07-15 11:20:00,1,预警,焚烧炉出口氧含量偏高
2025-07-15 11:22:00,1,预警,焚烧炉出口氧含量偏高
2025-07-15 11:24:00,1,预警,焚烧炉出口氧含量偏高
2025-07-15 11:26:00,1,预警,焚烧炉出口氧含量偏高
2025-07-15 11:28:00,1,预警,焚烧炉出口氧含量偏高
2025-07-15 11:30:00,1,预警,焚烧炉出口氧含量偏高
2025-07-15 11:32:00,1,预警,焚烧炉出口氧含量偏高
2025-07-15 11:34:00,1,预警,焚烧炉出口氧含量偏高
2025-07-15 11:36:00,1,预警,焚烧炉出口氧含量偏高
2025-07-15 11:38:00,1,预警,焚烧炉出口氧含量偏高
2025-07-15 11:40:00,1,预警,焚烧炉出口氧含量偏高
2025-07-15 11:42:00,1,预警,焚烧炉出口氧含量偏高
2025-07-15 11:44:00,1,预警,焚烧炉出口氧含量偏高
2025-07-15 11:46:00,1,预警,焚烧炉出口氧含量偏高
2025-07-15 11:48:00,1,预警,焚烧炉出口氧含量偏高
2025-07-15 11:50:00,1,预警,焚烧炉出口氧含量偏高
2025-07-15 11:54:00,1,预警,焚烧炉出口氧含量偏高
2025-07-15 11:56:00,1,预警,焚烧炉出口氧含量偏高
2025-07-15 12:10:00,1,预警,焚烧炉出口氧含量偏高
2025-07-15 12:14:00,1,预警,焚烧炉出口氧含量偏高
2025-07-15 12:16:00,1,预警,焚烧炉出口氧含量偏高
2025-07-15 12:18:00,1,预警,焚烧炉出口氧含量偏高
2025-07-15 12:20:00,1,预警,焚烧炉出口氧含量偏高
2025-07-15 12:22:00,1,预警,焚烧炉出口氧含量偏高
2025-07-15 12:24:00,1,预警,焚烧炉出口氧含量偏高
2025-07-15 12:26:00,1,预警,焚烧炉出口氧含量偏高
2025-07-15 12:28:00,1,预警,焚烧炉出口氧含量偏高
2025-07-15 12:30:00,1,预警,焚烧炉出口氧含量偏高
2025-07-15 12:32:00,1,预警,焚烧炉出口氧含量偏高
2025-07-15 12:34:00,1,预警,焚烧炉出口氧含量偏高
2025-07-15 12:36:00,1,预警,焚烧炉出口氧含量偏高
2025-07-15 12:46:00,1,预警,焚烧炉出口氧含量偏高
2025-07-15 13:06:00,1,预警,焚烧炉出口氧含量偏高
2025-07-15 13:12:00,1,预警,焚烧炉出口氧含量偏高
2025-07-15 13:14:00,1,预警,焚烧炉出口氧含量偏高
2025-07-15 13:16:00,1,预警,焚烧炉出口氧含量偏高
2025-07-15 13:18:00,1,预警,焚烧炉出口氧含量偏高
2025-07-15 16:22:00,1,预警,焚烧炉出口氧含量偏高
2025-07-15 16:32:00,1,预警,焚烧炉出口氧含量偏高
2025-07-15 16:34:00,1,预警,焚烧炉出口氧含量偏高
2025-07-15 16:48:00,1,预警,焚烧炉出口氧含量偏高
2025-07-15 16:50:00,1,预警,焚烧炉出口氧含量偏高
2025-07-15 16:56:00,1,预警,焚烧炉出口氧含量偏高
2025-07-15 18:20:00,1,预警,焚烧炉出口氧含量偏高
2025-07-15 18:22:00,1,预警,焚烧炉出口氧含量偏高
2025-07-15 18:36:00,1,预警,焚烧炉出口氧含量偏高
2025-07-15 18:50:00,1,预警,焚烧炉出口氧含量偏高
2025-07-15 18:52:00,1,预警,焚烧炉出口氧含量偏高
2025-07-15 18:54:00,1,预警,焚烧炉出口氧含量偏高
2025-07-15 18:56:00,1,预警,焚烧炉出口氧含量偏高
2025-07-15 18:58:00,1,预警,焚烧炉出口氧含量偏高
2025-07-15 19:10:00,1,预警,焚烧炉出口氧含量偏高
2025-07-15 21:04:00,1,预警,焚烧炉出口氧含量偏高
2025-07-15 21:06:00,1,预警,焚烧炉出口氧含量偏高
2025-07-15 22:32:00,1,预警,焚烧炉出口氧含量偏高
2025-07-15 22:34:00,1,预警,焚烧炉出口氧含量偏高
2025-07-15 23:10:00,1,预警,焚烧炉出口氧含量偏高
2025-07-15 23:12:00,1,预警,焚烧炉出口氧含量偏高
2025-07-15 23:16:00,1,预警,焚烧炉出口氧含量偏高
