﻿时间,炉号,预警/报警类型,预警/报警事件
2025-07-16 00:18:00,1,预警,焚烧炉出口氧含量偏高
2025-07-16 01:10:00,1,预警,焚烧炉出口氧含量偏高
2025-07-16 01:12:00,1,预警,焚烧炉出口氧含量偏高
2025-07-16 01:16:00,1,预警,焚烧炉出口氧含量偏高
2025-07-16 01:20:00,1,预警,焚烧炉出口氧含量偏高
2025-07-16 01:22:00,1,预警,焚烧炉出口氧含量偏高
2025-07-16 01:24:00,1,预警,焚烧炉出口氧含量偏高
2025-07-16 01:34:00,1,预警,焚烧炉出口氧含量偏高
2025-07-16 01:36:00,1,预警,焚烧炉出口氧含量偏高
2025-07-16 01:38:00,1,预警,焚烧炉出口氧含量偏高
2025-07-16 01:50:00,1,预警,焚烧炉出口氧含量偏高
2025-07-16 01:52:00,1,预警,焚烧炉出口氧含量偏高
2025-07-16 01:54:00,1,预警,焚烧炉出口氧含量偏高
2025-07-16 01:58:00,1,预警,焚烧炉出口氧含量偏高
2025-07-16 02:00:00,1,预警,焚烧炉出口氧含量偏高
2025-07-16 02:02:00,1,预警,焚烧炉出口氧含量偏高
2025-07-16 02:04:00,1,预警,焚烧炉出口氧含量偏高
2025-07-16 02:06:00,1,预警,焚烧炉出口氧含量偏高
2025-07-16 02:08:00,1,预警,焚烧炉出口氧含量偏高
2025-07-16 02:10:00,1,预警,焚烧炉出口氧含量偏高
2025-07-16 02:12:00,1,预警,焚烧炉出口氧含量偏高
2025-07-16 02:14:00,1,预警,焚烧炉出口氧含量偏高
2025-07-16 02:16:00,1,预警,焚烧炉出口氧含量偏高
2025-07-16 02:18:00,1,预警,焚烧炉出口氧含量偏高
2025-07-16 02:20:00,1,预警,焚烧炉出口氧含量偏高
2025-07-16 03:12:00,1,预警,焚烧炉出口氧含量偏高
2025-07-16 03:14:00,1,预警,焚烧炉出口氧含量偏高
2025-07-16 03:16:00,1,预警,焚烧炉出口氧含量偏高
2025-07-16 03:18:00,1,预警,焚烧炉出口氧含量偏高
2025-07-16 03:20:00,1,预警,焚烧炉出口氧含量偏高
2025-07-16 03:26:00,1,预警,焚烧炉出口氧含量偏高
2025-07-16 03:28:00,1,预警,焚烧炉出口氧含量偏高
2025-07-16 03:34:00,1,预警,焚烧炉出口氧含量偏高
2025-07-16 03:36:00,1,预警,焚烧炉出口氧含量偏高
2025-07-16 03:38:00,1,预警,焚烧炉出口氧含量偏高
2025-07-16 03:40:00,1,预警,焚烧炉出口氧含量偏高
2025-07-16 03:42:00,1,预警,焚烧炉出口氧含量偏高
2025-07-16 03:44:00,1,预警,焚烧炉出口氧含量偏高
2025-07-16 03:46:00,1,预警,焚烧炉出口氧含量偏高
2025-07-16 03:48:00,1,预警,焚烧炉出口氧含量偏高
2025-07-16 03:50:00,1,预警,焚烧炉出口氧含量偏高
2025-07-16 03:52:00,1,预警,焚烧炉出口氧含量偏高
2025-07-16 03:54:00,1,预警,焚烧炉出口氧含量偏高
2025-07-16 03:56:00,1,预警,焚烧炉出口氧含量偏高
2025-07-16 03:58:00,1,预警,焚烧炉出口氧含量偏高
2025-07-16 04:00:00,1,预警,焚烧炉出口氧含量偏高
2025-07-16 04:02:00,1,预警,焚烧炉出口氧含量偏高
2025-07-16 04:04:00,1,预警,焚烧炉出口氧含量偏高
2025-07-16 04:06:00,1,预警,焚烧炉出口氧含量偏高
2025-07-16 04:08:00,1,预警,焚烧炉出口氧含量偏高
2025-07-16 04:10:00,1,预警,焚烧炉出口氧含量偏高
2025-07-16 04:12:00,1,预警,焚烧炉出口氧含量偏高
2025-07-16 04:14:00,1,预警,焚烧炉出口氧含量偏高
2025-07-16 04:16:00,1,预警,焚烧炉出口氧含量偏高
2025-07-16 04:18:00,1,预警,焚烧炉出口氧含量偏高
2025-07-16 04:20:00,1,预警,焚烧炉出口氧含量偏高
2025-07-16 04:24:00,1,预警,焚烧炉出口氧含量偏高
2025-07-16 04:26:00,1,预警,焚烧炉出口氧含量偏高
2025-07-16 04:28:00,1,预警,焚烧炉出口氧含量偏高
2025-07-16 04:30:00,1,预警,焚烧炉出口氧含量偏高
2025-07-16 04:32:00,1,预警,焚烧炉出口氧含量偏高
2025-07-16 04:34:00,1,预警,焚烧炉出口氧含量偏高
2025-07-16 04:36:00,1,预警,焚烧炉出口氧含量偏高
2025-07-16 04:38:00,1,预警,焚烧炉出口氧含量偏高
2025-07-16 04:42:00,1,预警,焚烧炉出口氧含量偏高
2025-07-16 04:44:00,1,预警,焚烧炉出口氧含量偏高
2025-07-16 04:46:00,1,预警,焚烧炉出口氧含量偏高
2025-07-16 04:48:00,1,预警,焚烧炉出口氧含量偏高
2025-07-16 04:50:00,1,预警,焚烧炉出口氧含量偏高
2025-07-16 04:52:00,1,预警,焚烧炉出口氧含量偏高
2025-07-16 04:54:00,1,预警,焚烧炉出口氧含量偏高
2025-07-16 04:56:00,1,预警,焚烧炉出口氧含量偏高
2025-07-16 04:58:00,1,预警,焚烧炉出口氧含量偏高
2025-07-16 05:00:00,1,预警,焚烧炉出口氧含量偏高
2025-07-16 05:02:00,1,预警,焚烧炉出口氧含量偏高
2025-07-16 05:04:00,1,预警,焚烧炉出口氧含量偏高
2025-07-16 05:06:00,1,预警,焚烧炉出口氧含量偏高
2025-07-16 05:08:00,1,预警,焚烧炉出口氧含量偏高
2025-07-16 05:10:00,1,预警,焚烧炉出口氧含量偏高
2025-07-16 05:12:00,1,预警,焚烧炉出口氧含量偏高
2025-07-16 05:14:00,1,预警,焚烧炉出口氧含量偏高
2025-07-16 05:16:00,1,预警,焚烧炉出口氧含量偏高
2025-07-16 05:18:00,1,预警,焚烧炉出口氧含量偏高
2025-07-16 05:20:00,1,预警,焚烧炉出口氧含量偏高
2025-07-16 05:22:00,1,预警,焚烧炉出口氧含量偏高
2025-07-16 05:24:00,1,预警,焚烧炉出口氧含量偏高
2025-07-16 05:26:00,1,预警,焚烧炉出口氧含量偏高
2025-07-16 05:28:00,1,预警,焚烧炉出口氧含量偏高
2025-07-16 05:30:00,1,预警,焚烧炉出口氧含量偏高
2025-07-16 05:32:00,1,预警,焚烧炉出口氧含量偏高
2025-07-16 05:34:00,1,预警,焚烧炉出口氧含量偏高
2025-07-16 05:36:00,1,预警,焚烧炉出口氧含量偏高
2025-07-16 05:38:00,1,预警,焚烧炉出口氧含量偏高
2025-07-16 06:36:00,1,预警,焚烧炉出口氧含量偏高
2025-07-16 06:38:00,1,预警,焚烧炉出口氧含量偏高
2025-07-16 06:48:00,1,预警,焚烧炉出口氧含量偏高
2025-07-16 06:54:00,1,预警,焚烧炉出口氧含量偏高
2025-07-16 06:56:00,1,预警,焚烧炉出口氧含量偏高
2025-07-16 06:58:00,1,预警,焚烧炉出口氧含量偏高
2025-07-16 07:00:00,1,预警,焚烧炉出口氧含量偏高
2025-07-16 07:02:00,1,预警,焚烧炉出口氧含量偏高
2025-07-16 07:04:00,1,预警,焚烧炉出口氧含量偏高
2025-07-16 07:06:00,1,预警,焚烧炉出口氧含量偏高
2025-07-16 07:08:00,1,预警,焚烧炉出口氧含量偏高
2025-07-16 07:10:00,1,预警,焚烧炉出口氧含量偏高
2025-07-16 07:12:00,1,预警,焚烧炉出口氧含量偏高
2025-07-16 07:14:00,1,预警,焚烧炉出口氧含量偏高
2025-07-16 07:16:00,1,预警,焚烧炉出口氧含量偏高
2025-07-16 07:18:00,1,预警,焚烧炉出口氧含量偏高
2025-07-16 07:20:00,1,预警,焚烧炉出口氧含量偏高
2025-07-16 07:22:00,1,预警,焚烧炉出口氧含量偏高
2025-07-16 07:24:00,1,预警,焚烧炉出口氧含量偏高
2025-07-16 07:26:00,1,预警,焚烧炉出口氧含量偏高
2025-07-16 07:28:00,1,预警,焚烧炉出口氧含量偏高
2025-07-16 07:30:00,1,预警,焚烧炉出口氧含量偏高
2025-07-16 07:32:00,1,预警,焚烧炉出口氧含量偏高
2025-07-16 07:34:00,1,预警,焚烧炉出口氧含量偏高
2025-07-16 07:36:00,1,预警,焚烧炉出口氧含量偏高
2025-07-16 07:38:00,1,预警,焚烧炉出口氧含量偏高
2025-07-16 07:40:00,1,预警,焚烧炉出口氧含量偏高
2025-07-16 07:42:00,1,预警,焚烧炉出口氧含量偏高
2025-07-16 07:44:00,1,预警,焚烧炉出口氧含量偏高
2025-07-16 07:46:00,1,预警,焚烧炉出口氧含量偏高
2025-07-16 07:48:00,1,预警,焚烧炉出口氧含量偏高
2025-07-16 07:50:00,1,预警,焚烧炉出口氧含量偏高
2025-07-16 07:52:00,1,预警,焚烧炉出口氧含量偏高
2025-07-16 07:54:00,1,预警,焚烧炉出口氧含量偏高
2025-07-16 08:46:00,1,预警,焚烧炉出口氧含量偏高
2025-07-16 08:48:00,1,预警,焚烧炉出口氧含量偏高
2025-07-16 08:50:00,1,预警,焚烧炉出口氧含量偏高
2025-07-16 08:52:00,1,预警,焚烧炉出口氧含量偏高
2025-07-16 08:54:00,1,预警,焚烧炉出口氧含量偏高
2025-07-16 08:56:00,1,预警,焚烧炉出口氧含量偏高
2025-07-16 08:58:00,1,预警,焚烧炉出口氧含量偏高
2025-07-16 09:02:00,1,预警,焚烧炉出口氧含量偏高
2025-07-16 09:04:00,1,预警,焚烧炉出口氧含量偏高
2025-07-16 09:06:00,1,预警,焚烧炉出口氧含量偏高
2025-07-16 09:24:00,1,预警,焚烧炉出口氧含量偏高
2025-07-16 09:30:00,1,预警,焚烧炉出口氧含量偏高
2025-07-16 09:40:00,1,预警,焚烧炉出口氧含量偏高
2025-07-16 09:42:00,1,预警,焚烧炉出口氧含量偏高
2025-07-16 09:50:00,1,预警,焚烧炉出口氧含量偏高
2025-07-16 09:52:00,1,预警,焚烧炉出口氧含量偏高
2025-07-16 09:54:00,1,预警,焚烧炉出口氧含量偏高
2025-07-16 10:00:00,1,预警,焚烧炉出口氧含量偏高
2025-07-16 10:38:00,1,预警,焚烧炉出口氧含量偏高
2025-07-16 10:40:00,1,预警,焚烧炉出口氧含量偏高
2025-07-16 11:52:00,1,预警,焚烧炉出口氧含量偏高
2025-07-16 12:42:00,1,预警,焚烧炉出口氧含量偏高
2025-07-16 12:58:00,1,预警,焚烧炉出口氧含量偏高
2025-07-16 13:02:00,1,预警,焚烧炉出口氧含量偏高
2025-07-16 13:08:00,1,预警,焚烧炉出口氧含量偏高
2025-07-16 13:14:00,1,预警,焚烧炉出口氧含量偏高
2025-07-16 13:16:00,1,预警,焚烧炉出口氧含量偏高
2025-07-16 13:18:00,1,预警,焚烧炉出口氧含量偏高
2025-07-16 13:20:00,1,预警,焚烧炉出口氧含量偏高
2025-07-16 13:22:00,1,预警,焚烧炉出口氧含量偏高
2025-07-16 13:24:00,1,预警,焚烧炉出口氧含量偏高
2025-07-16 13:26:00,1,预警,焚烧炉出口氧含量偏高
2025-07-16 13:28:00,1,预警,焚烧炉出口氧含量偏高
2025-07-16 13:30:00,1,预警,焚烧炉出口氧含量偏高
2025-07-16 13:32:00,1,预警,焚烧炉出口氧含量偏高
2025-07-16 13:34:00,1,预警,焚烧炉出口氧含量偏高
2025-07-16 13:36:00,1,预警,焚烧炉出口氧含量偏高
2025-07-16 13:38:00,1,预警,焚烧炉出口氧含量偏高
2025-07-16 13:40:00,1,预警,焚烧炉出口氧含量偏高
2025-07-16 13:42:00,1,预警,焚烧炉出口氧含量偏高
2025-07-16 13:44:00,1,预警,焚烧炉出口氧含量偏高
2025-07-16 13:46:00,1,预警,焚烧炉出口氧含量偏高
2025-07-16 13:48:00,1,预警,焚烧炉出口氧含量偏高
2025-07-16 13:50:00,1,预警,焚烧炉出口氧含量偏高
2025-07-16 13:52:00,1,预警,焚烧炉出口氧含量偏高
2025-07-16 13:54:00,1,预警,焚烧炉出口氧含量偏高
2025-07-16 13:56:00,1,预警,焚烧炉出口氧含量偏高
2025-07-16 13:58:00,1,预警,焚烧炉出口氧含量偏高
2025-07-16 14:00:00,1,预警,焚烧炉出口氧含量偏高
2025-07-16 14:02:00,1,预警,焚烧炉出口氧含量偏高
2025-07-16 14:04:00,1,预警,焚烧炉出口氧含量偏高
2025-07-16 14:06:00,1,预警,焚烧炉出口氧含量偏高
2025-07-16 14:08:00,1,预警,焚烧炉出口氧含量偏高
2025-07-16 14:10:00,1,预警,焚烧炉出口氧含量偏高
2025-07-16 14:12:00,1,预警,焚烧炉出口氧含量偏高
2025-07-16 14:14:00,1,预警,焚烧炉出口氧含量偏高
2025-07-16 14:16:00,1,预警,焚烧炉出口氧含量偏高
2025-07-16 14:18:00,1,预警,焚烧炉出口氧含量偏高
2025-07-16 14:22:00,1,预警,焚烧炉出口氧含量偏高
2025-07-16 16:10:00,1,预警,焚烧炉出口氧含量偏高
2025-07-16 16:12:00,1,预警,焚烧炉出口氧含量偏高
2025-07-16 16:14:00,1,预警,焚烧炉出口氧含量偏高
2025-07-16 16:16:00,1,预警,焚烧炉出口氧含量偏高
2025-07-16 16:18:00,1,预警,焚烧炉出口氧含量偏高
2025-07-16 16:20:00,1,预警,焚烧炉出口氧含量偏高
2025-07-16 16:22:00,1,预警,焚烧炉出口氧含量偏高
2025-07-16 16:24:00,1,预警,焚烧炉出口氧含量偏高
2025-07-16 16:26:00,1,预警,焚烧炉出口氧含量偏高
2025-07-16 16:28:00,1,预警,焚烧炉出口氧含量偏高
2025-07-16 16:30:00,1,预警,焚烧炉出口氧含量偏高
2025-07-16 16:32:00,1,预警,焚烧炉出口氧含量偏高
2025-07-16 16:34:00,1,预警,焚烧炉出口氧含量偏高
2025-07-16 16:36:00,1,预警,焚烧炉出口氧含量偏高
2025-07-16 16:38:00,1,预警,焚烧炉出口氧含量偏高
2025-07-16 16:40:00,1,预警,焚烧炉出口氧含量偏高
2025-07-16 16:42:00,1,预警,焚烧炉出口氧含量偏高
2025-07-16 16:44:00,1,预警,焚烧炉出口氧含量偏高
2025-07-16 16:46:00,1,预警,焚烧炉出口氧含量偏高
2025-07-16 16:48:00,1,预警,焚烧炉出口氧含量偏高
2025-07-16 16:52:00,1,预警,焚烧炉出口氧含量偏高
2025-07-16 18:06:00,1,预警,焚烧炉出口氧含量偏高
2025-07-16 18:10:00,1,预警,焚烧炉出口氧含量偏高
2025-07-16 18:12:00,1,预警,焚烧炉出口氧含量偏高
2025-07-16 18:14:00,1,预警,焚烧炉出口氧含量偏高
2025-07-16 18:16:00,1,预警,焚烧炉出口氧含量偏高
2025-07-16 18:24:00,1,预警,焚烧炉出口氧含量偏高
2025-07-16 18:26:00,1,预警,焚烧炉出口氧含量偏高
2025-07-16 18:28:00,1,预警,焚烧炉出口氧含量偏高
2025-07-16 18:42:00,1,预警,焚烧炉出口氧含量偏高
2025-07-16 18:44:00,1,预警,焚烧炉出口氧含量偏高
2025-07-16 18:46:00,1,预警,焚烧炉出口氧含量偏高
2025-07-16 18:54:00,1,预警,焚烧炉出口氧含量偏高
2025-07-16 18:56:00,1,预警,焚烧炉出口氧含量偏高
2025-07-16 19:20:00,1,预警,焚烧炉出口氧含量偏高
2025-07-16 19:28:00,1,预警,焚烧炉出口氧含量偏高
2025-07-16 20:30:00,1,预警,焚烧炉出口氧含量偏高
2025-07-16 20:32:00,1,预警,焚烧炉出口氧含量偏高
2025-07-16 20:34:00,1,预警,焚烧炉出口氧含量偏高
2025-07-16 20:50:00,1,预警,焚烧炉出口氧含量偏高
2025-07-16 20:52:00,1,预警,焚烧炉出口氧含量偏高
2025-07-16 20:54:00,1,预警,焚烧炉出口氧含量偏高
2025-07-16 20:56:00,1,预警,焚烧炉出口氧含量偏高
2025-07-16 20:58:00,1,预警,焚烧炉出口氧含量偏高
2025-07-16 21:00:00,1,预警,焚烧炉出口氧含量偏高
2025-07-16 21:02:00,1,预警,焚烧炉出口氧含量偏高
2025-07-16 21:04:00,1,预警,焚烧炉出口氧含量偏高
2025-07-16 21:06:00,1,预警,焚烧炉出口氧含量偏高
2025-07-16 21:10:00,1,预警,焚烧炉出口氧含量偏高
2025-07-16 21:36:00,1,预警,焚烧炉出口氧含量偏高
2025-07-16 21:40:00,1,预警,焚烧炉出口氧含量偏高
2025-07-16 21:44:00,1,预警,焚烧炉出口氧含量偏高
2025-07-16 21:46:00,1,预警,焚烧炉出口氧含量偏高
2025-07-16 21:48:00,1,预警,焚烧炉出口氧含量偏高
2025-07-16 21:50:00,1,预警,焚烧炉出口氧含量偏高
2025-07-16 21:52:00,1,预警,焚烧炉出口氧含量偏高
2025-07-16 21:54:00,1,预警,焚烧炉出口氧含量偏高
2025-07-16 21:56:00,1,预警,焚烧炉出口氧含量偏高
2025-07-16 21:58:00,1,预警,焚烧炉出口氧含量偏高
2025-07-16 22:00:00,1,预警,焚烧炉出口氧含量偏高
2025-07-16 22:02:00,1,预警,焚烧炉出口氧含量偏高
2025-07-16 22:04:00,1,预警,焚烧炉出口氧含量偏高
2025-07-16 22:06:00,1,预警,焚烧炉出口氧含量偏高
2025-07-16 22:08:00,1,预警,焚烧炉出口氧含量偏高
2025-07-16 22:10:00,1,预警,焚烧炉出口氧含量偏高
2025-07-16 22:12:00,1,预警,焚烧炉出口氧含量偏高
2025-07-16 22:14:00,1,预警,焚烧炉出口氧含量偏高
2025-07-16 22:16:00,1,预警,焚烧炉出口氧含量偏高
2025-07-16 22:18:00,1,预警,焚烧炉出口氧含量偏高
2025-07-16 22:20:00,1,预警,焚烧炉出口氧含量偏高
2025-07-16 22:22:00,1,预警,焚烧炉出口氧含量偏高
2025-07-16 22:24:00,1,预警,焚烧炉出口氧含量偏高
2025-07-16 22:26:00,1,预警,焚烧炉出口氧含量偏高
2025-07-16 22:28:00,1,预警,焚烧炉出口氧含量偏高
2025-07-16 22:30:00,1,预警,焚烧炉出口氧含量偏高
2025-07-16 22:32:00,1,预警,焚烧炉出口氧含量偏高
2025-07-16 22:34:00,1,预警,焚烧炉出口氧含量偏高
2025-07-16 22:36:00,1,预警,焚烧炉出口氧含量偏高
2025-07-16 22:38:00,1,预警,焚烧炉出口氧含量偏高
2025-07-16 22:40:00,1,预警,焚烧炉出口氧含量偏高
2025-07-16 22:42:00,1,预警,焚烧炉出口氧含量偏高
2025-07-16 22:44:00,1,预警,焚烧炉出口氧含量偏高
2025-07-16 22:46:00,1,预警,焚烧炉出口氧含量偏高
2025-07-16 22:48:00,1,预警,焚烧炉出口氧含量偏高
2025-07-16 22:50:00,1,预警,焚烧炉出口氧含量偏高
2025-07-16 22:52:00,1,预警,焚烧炉出口氧含量偏高
2025-07-16 22:54:00,1,预警,焚烧炉出口氧含量偏高
2025-07-16 22:56:00,1,预警,焚烧炉出口氧含量偏高
2025-07-16 22:58:00,1,预警,焚烧炉出口氧含量偏高
2025-07-16 23:00:00,1,预警,焚烧炉出口氧含量偏高
2025-07-16 23:02:00,1,预警,焚烧炉出口氧含量偏高
2025-07-16 23:04:00,1,预警,焚烧炉出口氧含量偏高
2025-07-16 23:06:00,1,预警,焚烧炉出口氧含量偏高
2025-07-16 23:08:00,1,预警,焚烧炉出口氧含量偏高
2025-07-16 23:10:00,1,预警,焚烧炉出口氧含量偏高
2025-07-16 23:12:00,1,预警,焚烧炉出口氧含量偏高
2025-07-16 23:16:00,1,预警,焚烧炉出口氧含量偏高
2025-07-16 23:18:00,1,预警,焚烧炉出口氧含量偏高
2025-07-16 23:26:00,1,预警,焚烧炉出口氧含量偏高
2025-07-16 23:38:00,1,预警,焚烧炉出口氧含量偏高
2025-07-16 23:40:00,1,预警,焚烧炉出口氧含量偏高
