﻿时间,炉号,预警/报警类型,预警/报警事件
2025-07-17 00:08:00,1,预警,焚烧炉出口氧含量偏高
2025-07-17 00:10:00,1,预警,焚烧炉出口氧含量偏高
2025-07-17 00:12:00,1,预警,焚烧炉出口氧含量偏高
2025-07-17 00:14:00,1,预警,焚烧炉出口氧含量偏高
2025-07-17 00:16:00,1,预警,焚烧炉出口氧含量偏高
2025-07-17 00:18:00,1,预警,焚烧炉出口氧含量偏高
2025-07-17 00:20:00,1,预警,焚烧炉出口氧含量偏高
2025-07-17 00:22:00,1,预警,焚烧炉出口氧含量偏高
2025-07-17 00:26:00,1,预警,焚烧炉出口氧含量偏高
2025-07-17 00:28:00,1,预警,焚烧炉出口氧含量偏高
2025-07-17 00:30:00,1,预警,焚烧炉出口氧含量偏高
2025-07-17 00:32:00,1,预警,焚烧炉出口氧含量偏高
2025-07-17 00:34:00,1,预警,焚烧炉出口氧含量偏高
2025-07-17 00:36:00,1,预警,焚烧炉出口氧含量偏高
2025-07-17 00:38:00,1,预警,焚烧炉出口氧含量偏高
2025-07-17 00:40:00,1,预警,焚烧炉出口氧含量偏高
2025-07-17 00:42:00,1,预警,焚烧炉出口氧含量偏高
2025-07-17 00:44:00,1,预警,焚烧炉出口氧含量偏高
2025-07-17 00:46:00,1,预警,焚烧炉出口氧含量偏高
2025-07-17 00:48:00,1,预警,焚烧炉出口氧含量偏高
2025-07-17 00:50:00,1,预警,焚烧炉出口氧含量偏高
2025-07-17 00:52:00,1,预警,焚烧炉出口氧含量偏高
2025-07-17 00:54:00,1,预警,焚烧炉出口氧含量偏高
2025-07-17 01:34:00,1,预警,焚烧炉出口氧含量偏高
2025-07-17 01:36:00,1,预警,焚烧炉出口氧含量偏高
2025-07-17 01:38:00,1,预警,焚烧炉出口氧含量偏高
2025-07-17 01:40:00,1,预警,焚烧炉出口氧含量偏高
2025-07-17 01:42:00,1,预警,焚烧炉出口氧含量偏高
2025-07-17 01:44:00,1,预警,焚烧炉出口氧含量偏高
2025-07-17 01:46:00,1,预警,焚烧炉出口氧含量偏高
2025-07-17 01:48:00,1,预警,焚烧炉出口氧含量偏高
2025-07-17 01:50:00,1,预警,焚烧炉出口氧含量偏高
2025-07-17 01:52:00,1,预警,焚烧炉出口氧含量偏高
2025-07-17 01:54:00,1,预警,焚烧炉出口氧含量偏高
2025-07-17 01:56:00,1,预警,焚烧炉出口氧含量偏高
2025-07-17 01:58:00,1,预警,焚烧炉出口氧含量偏高
2025-07-17 02:00:00,1,预警,焚烧炉出口氧含量偏高
2025-07-17 02:02:00,1,预警,焚烧炉出口氧含量偏高
2025-07-17 02:04:00,1,预警,焚烧炉出口氧含量偏高
2025-07-17 02:12:00,1,预警,焚烧炉出口氧含量偏高
2025-07-17 02:18:00,1,预警,焚烧炉出口氧含量偏高
2025-07-17 03:38:00,1,预警,布袋除尘器压力损失偏低
2025-07-17 03:40:00,1,预警,布袋除尘器压力损失偏低
2025-07-17 03:42:00,1,预警,布袋除尘器压力损失偏低
2025-07-17 03:48:00,1,预警,布袋除尘器压力损失偏低
2025-07-17 03:50:00,1,预警,布袋除尘器压力损失偏低
2025-07-17 03:52:00,1,预警,焚烧炉出口氧含量偏高
2025-07-17 03:52:00,1,预警,布袋除尘器压力损失偏低
2025-07-17 03:54:00,1,预警,布袋除尘器压力损失偏低
2025-07-17 03:54:00,1,预警,焚烧炉出口氧含量偏高
2025-07-17 03:56:00,1,预警,焚烧炉出口氧含量偏高
2025-07-17 03:56:00,1,预警,布袋除尘器压力损失偏低
2025-07-17 03:58:00,1,预警,焚烧炉出口氧含量偏高
2025-07-17 03:58:00,1,预警,布袋除尘器压力损失偏低
2025-07-17 04:00:00,1,预警,布袋除尘器压力损失偏低
2025-07-17 04:02:00,1,预警,布袋除尘器压力损失偏低
2025-07-17 04:06:00,1,预警,焚烧炉出口氧含量偏高
2025-07-17 04:08:00,1,预警,焚烧炉出口氧含量偏高
2025-07-17 04:08:00,1,预警,布袋除尘器压力损失偏低
2025-07-17 04:10:00,1,预警,布袋除尘器压力损失偏低
2025-07-17 04:10:00,1,预警,焚烧炉出口氧含量偏高
2025-07-17 04:12:00,1,预警,布袋除尘器压力损失偏低
2025-07-17 04:12:00,1,预警,焚烧炉出口氧含量偏高
2025-07-17 04:14:00,1,预警,布袋除尘器压力损失偏低
2025-07-17 04:14:00,1,预警,焚烧炉出口氧含量偏高
2025-07-17 04:16:00,1,预警,布袋除尘器压力损失偏低
2025-07-17 04:16:00,1,预警,焚烧炉出口氧含量偏高
2025-07-17 04:18:00,1,预警,布袋除尘器压力损失偏低
2025-07-17 04:18:00,1,预警,焚烧炉出口氧含量偏高
2025-07-17 04:20:00,1,预警,焚烧炉出口氧含量偏高
2025-07-17 04:20:00,1,预警,布袋除尘器压力损失偏低
2025-07-17 04:22:00,1,预警,布袋除尘器压力损失偏低
2025-07-17 04:28:00,1,预警,焚烧炉出口氧含量偏高
2025-07-17 04:30:00,1,预警,焚烧炉出口氧含量偏高
2025-07-17 04:32:00,1,预警,焚烧炉出口氧含量偏高
2025-07-17 04:34:00,1,预警,焚烧炉出口氧含量偏高
2025-07-17 04:36:00,1,预警,焚烧炉出口氧含量偏高
2025-07-17 04:38:00,1,预警,焚烧炉出口氧含量偏高
2025-07-17 04:40:00,1,预警,焚烧炉出口氧含量偏高
2025-07-17 04:42:00,1,预警,焚烧炉出口氧含量偏高
2025-07-17 04:44:00,1,预警,焚烧炉出口氧含量偏高
2025-07-17 04:46:00,1,预警,焚烧炉出口氧含量偏高
2025-07-17 04:48:00,1,预警,焚烧炉出口氧含量偏高
2025-07-17 04:50:00,1,预警,焚烧炉出口氧含量偏高
2025-07-17 04:52:00,1,预警,焚烧炉出口氧含量偏高
2025-07-17 04:54:00,1,预警,焚烧炉出口氧含量偏高
2025-07-17 04:56:00,1,预警,焚烧炉出口氧含量偏高
2025-07-17 04:58:00,1,预警,焚烧炉出口氧含量偏高
2025-07-17 05:00:00,1,预警,焚烧炉出口氧含量偏高
2025-07-17 05:02:00,1,预警,焚烧炉出口氧含量偏高
2025-07-17 05:04:00,1,预警,焚烧炉出口氧含量偏高
2025-07-17 05:06:00,1,预警,焚烧炉出口氧含量偏高
2025-07-17 05:08:00,1,预警,焚烧炉出口氧含量偏高
2025-07-17 05:10:00,1,预警,焚烧炉出口氧含量偏高
2025-07-17 05:12:00,1,预警,焚烧炉出口氧含量偏高
2025-07-17 05:14:00,1,预警,焚烧炉出口氧含量偏高
2025-07-17 05:16:00,1,预警,焚烧炉出口氧含量偏高
2025-07-17 05:18:00,1,预警,焚烧炉出口氧含量偏高
2025-07-17 05:32:00,1,预警,焚烧炉出口氧含量偏高
2025-07-17 05:58:00,1,预警,焚烧炉出口氧含量偏高
2025-07-17 06:30:00,1,预警,焚烧炉出口氧含量偏高
2025-07-17 06:32:00,1,预警,焚烧炉出口氧含量偏高
2025-07-17 06:34:00,1,预警,焚烧炉出口氧含量偏高
2025-07-17 06:36:00,1,预警,焚烧炉出口氧含量偏高
2025-07-17 06:38:00,1,预警,焚烧炉出口氧含量偏高
2025-07-17 06:40:00,1,预警,焚烧炉出口氧含量偏高
2025-07-17 06:42:00,1,预警,焚烧炉出口氧含量偏高
2025-07-17 06:44:00,1,预警,焚烧炉出口氧含量偏高
2025-07-17 06:48:00,1,预警,焚烧炉出口氧含量偏高
2025-07-17 06:50:00,1,预警,焚烧炉出口氧含量偏高
2025-07-17 06:52:00,1,预警,焚烧炉出口氧含量偏高
2025-07-17 06:54:00,1,预警,焚烧炉出口氧含量偏高
2025-07-17 06:56:00,1,预警,焚烧炉出口氧含量偏高
2025-07-17 06:58:00,1,预警,焚烧炉出口氧含量偏高
2025-07-17 07:00:00,1,预警,焚烧炉出口氧含量偏高
2025-07-17 07:56:00,1,预警,焚烧炉出口氧含量偏高
2025-07-17 08:14:00,1,预警,焚烧炉出口氧含量偏高
2025-07-17 08:16:00,1,预警,焚烧炉出口氧含量偏高
2025-07-17 08:18:00,1,预警,焚烧炉出口氧含量偏高
2025-07-17 08:20:00,1,预警,焚烧炉出口氧含量偏高
2025-07-17 08:22:00,1,预警,焚烧炉出口氧含量偏高
2025-07-17 08:24:00,1,预警,焚烧炉出口氧含量偏高
2025-07-17 08:26:00,1,预警,焚烧炉出口氧含量偏高
2025-07-17 08:28:00,1,预警,焚烧炉出口氧含量偏高
2025-07-17 08:30:00,1,预警,焚烧炉出口氧含量偏高
2025-07-17 08:32:00,1,预警,焚烧炉出口氧含量偏高
2025-07-17 08:34:00,1,预警,焚烧炉出口氧含量偏高
2025-07-17 08:36:00,1,预警,焚烧炉出口氧含量偏高
2025-07-17 08:56:00,1,预警,焚烧炉出口氧含量偏高
2025-07-17 08:58:00,1,预警,焚烧炉出口氧含量偏低
2025-07-17 09:00:00,1,预警,焚烧炉出口氧含量偏低
2025-07-17 09:02:00,1,预警,焚烧炉出口氧含量偏低
2025-07-17 09:04:00,1,预警,焚烧炉出口氧含量偏低
2025-07-17 09:06:00,1,预警,焚烧炉出口氧含量偏低
2025-07-17 09:08:00,1,预警,焚烧炉出口氧含量偏高
2025-07-17 09:10:00,1,预警,焚烧炉出口氧含量偏高
2025-07-17 09:12:00,1,预警,焚烧炉出口氧含量偏高
2025-07-17 09:14:00,1,预警,焚烧炉出口氧含量偏高
2025-07-17 09:16:00,1,预警,焚烧炉出口氧含量偏高
2025-07-17 09:18:00,1,预警,焚烧炉出口氧含量偏高
2025-07-17 09:20:00,1,预警,焚烧炉出口氧含量偏低
2025-07-17 09:22:00,1,预警,焚烧炉出口氧含量偏低
2025-07-17 09:24:00,1,预警,焚烧炉出口氧含量偏低
2025-07-17 09:26:00,1,预警,焚烧炉出口氧含量偏低
2025-07-17 09:28:00,1,预警,焚烧炉出口氧含量偏低
2025-07-17 09:30:00,1,预警,焚烧炉出口氧含量偏低
2025-07-17 09:32:00,1,预警,焚烧炉出口氧含量偏低
2025-07-17 09:34:00,1,预警,焚烧炉出口氧含量偏低
2025-07-17 09:36:00,1,预警,焚烧炉出口氧含量偏高
2025-07-17 09:38:00,1,预警,焚烧炉出口氧含量偏高
2025-07-17 09:40:00,1,预警,焚烧炉出口氧含量偏高
2025-07-17 09:42:00,1,预警,焚烧炉出口氧含量偏高
2025-07-17 09:44:00,1,预警,焚烧炉出口氧含量偏高
2025-07-17 09:46:00,1,预警,焚烧炉出口氧含量偏高
2025-07-17 09:48:00,1,预警,焚烧炉出口氧含量偏高
2025-07-17 09:50:00,1,预警,焚烧炉出口氧含量偏高
2025-07-17 09:52:00,1,预警,焚烧炉出口氧含量偏高
2025-07-17 09:54:00,1,预警,焚烧炉出口氧含量偏高
2025-07-17 09:56:00,1,预警,焚烧炉出口氧含量偏高
2025-07-17 09:58:00,1,预警,焚烧炉出口氧含量偏高
2025-07-17 10:00:00,1,预警,焚烧炉出口氧含量偏高
2025-07-17 10:02:00,1,预警,焚烧炉出口氧含量偏高
2025-07-17 10:04:00,1,预警,焚烧炉出口氧含量偏高
2025-07-17 10:06:00,1,预警,焚烧炉出口氧含量偏高
2025-07-17 10:08:00,1,预警,焚烧炉出口氧含量偏高
2025-07-17 10:10:00,1,预警,焚烧炉出口氧含量偏高
2025-07-17 10:12:00,1,预警,焚烧炉出口氧含量偏高
2025-07-17 10:14:00,1,预警,焚烧炉出口氧含量偏高
2025-07-17 10:16:00,1,预警,焚烧炉出口氧含量偏高
2025-07-17 10:18:00,1,预警,焚烧炉出口氧含量偏高
2025-07-17 10:20:00,1,预警,焚烧炉出口氧含量偏高
2025-07-17 10:22:00,1,预警,焚烧炉出口氧含量偏高
2025-07-17 10:24:00,1,预警,焚烧炉出口氧含量偏高
2025-07-17 10:26:00,1,预警,焚烧炉出口氧含量偏高
2025-07-17 10:28:00,1,预警,焚烧炉出口氧含量偏高
2025-07-17 10:30:00,1,预警,焚烧炉出口氧含量偏低
2025-07-17 10:32:00,1,预警,焚烧炉出口氧含量偏低
2025-07-17 10:34:00,1,预警,焚烧炉出口氧含量偏低
2025-07-17 10:36:00,1,预警,焚烧炉出口氧含量偏低
2025-07-17 10:38:00,1,预警,焚烧炉出口氧含量偏高
2025-07-17 10:40:00,1,预警,焚烧炉出口氧含量偏低
2025-07-17 10:42:00,1,预警,焚烧炉出口氧含量偏高
2025-07-17 10:44:00,1,预警,焚烧炉出口氧含量偏高
2025-07-17 10:46:00,1,预警,焚烧炉出口氧含量偏高
2025-07-17 10:48:00,1,预警,焚烧炉出口氧含量偏高
2025-07-17 10:50:00,1,预警,焚烧炉出口氧含量偏高
2025-07-17 10:52:00,1,预警,焚烧炉出口氧含量偏高
2025-07-17 10:54:00,1,预警,焚烧炉出口氧含量偏低
2025-07-17 10:56:00,1,预警,焚烧炉出口氧含量偏低
2025-07-17 10:58:00,1,预警,焚烧炉出口氧含量偏低
2025-07-17 11:00:00,1,预警,焚烧炉出口氧含量偏低
2025-07-17 11:02:00,1,预警,焚烧炉出口氧含量偏低
2025-07-17 11:04:00,1,预警,焚烧炉出口氧含量偏低
2025-07-17 11:06:00,1,预警,焚烧炉出口氧含量偏低
2025-07-17 11:08:00,1,预警,焚烧炉出口氧含量偏低
2025-07-17 11:10:00,1,预警,焚烧炉出口氧含量偏低
2025-07-17 11:12:00,1,预警,焚烧炉出口氧含量偏低
2025-07-17 11:14:00,1,预警,焚烧炉出口氧含量偏低
2025-07-17 11:16:00,1,预警,焚烧炉出口氧含量偏低
2025-07-17 11:18:00,1,预警,焚烧炉出口氧含量偏低
2025-07-17 11:20:00,1,预警,焚烧炉出口氧含量偏低
2025-07-17 11:22:00,1,预警,焚烧炉出口氧含量偏低
2025-07-17 11:24:00,1,预警,焚烧炉出口氧含量偏低
2025-07-17 11:26:00,1,预警,焚烧炉出口氧含量偏低
2025-07-17 11:28:00,1,预警,焚烧炉出口氧含量偏低
2025-07-17 11:30:00,1,预警,焚烧炉出口氧含量偏低
2025-07-17 11:32:00,1,预警,焚烧炉出口氧含量偏低
2025-07-17 11:34:00,1,预警,焚烧炉出口氧含量偏低
2025-07-17 11:36:00,1,预警,焚烧炉出口氧含量偏低
2025-07-17 11:38:00,1,预警,焚烧炉出口氧含量偏低
2025-07-17 11:40:00,1,预警,焚烧炉出口氧含量偏低
2025-07-17 11:42:00,1,预警,焚烧炉出口氧含量偏低
2025-07-17 11:44:00,1,预警,焚烧炉出口氧含量偏高
2025-07-17 11:46:00,1,预警,焚烧炉出口氧含量偏高
2025-07-17 11:48:00,1,预警,焚烧炉出口氧含量偏高
2025-07-17 11:50:00,1,预警,焚烧炉出口氧含量偏低
2025-07-17 11:52:00,1,预警,焚烧炉出口氧含量偏低
2025-07-17 11:54:00,1,预警,焚烧炉出口氧含量偏低
2025-07-17 11:56:00,1,预警,焚烧炉出口氧含量偏低
2025-07-17 11:58:00,1,预警,焚烧炉出口氧含量偏低
2025-07-17 12:00:00,1,预警,焚烧炉出口氧含量偏高
2025-07-17 12:02:00,1,预警,焚烧炉出口氧含量偏低
2025-07-17 12:04:00,1,预警,焚烧炉出口氧含量偏低
2025-07-17 12:06:00,1,预警,焚烧炉出口氧含量偏低
2025-07-17 12:10:00,1,预警,焚烧炉出口氧含量偏高
2025-07-17 12:12:00,1,预警,焚烧炉出口氧含量偏高
2025-07-17 12:14:00,1,预警,焚烧炉出口氧含量偏低
2025-07-17 12:16:00,1,预警,焚烧炉出口氧含量偏低
2025-07-17 12:18:00,1,预警,焚烧炉出口氧含量偏低
2025-07-17 12:20:00,1,预警,焚烧炉出口氧含量偏低
2025-07-17 12:22:00,1,预警,焚烧炉出口氧含量偏低
2025-07-17 12:24:00,1,预警,焚烧炉出口氧含量偏低
2025-07-17 12:26:00,1,预警,焚烧炉出口氧含量偏高
2025-07-17 12:28:00,1,预警,焚烧炉出口氧含量偏高
2025-07-17 12:30:00,1,预警,焚烧炉出口氧含量偏高
2025-07-17 12:32:00,1,预警,焚烧炉出口氧含量偏高
2025-07-17 12:34:00,1,预警,焚烧炉出口氧含量偏高
2025-07-17 12:36:00,1,预警,焚烧炉出口氧含量偏低
2025-07-17 12:38:00,1,预警,焚烧炉出口氧含量偏高
2025-07-17 12:40:00,1,预警,焚烧炉出口氧含量偏高
2025-07-17 12:42:00,1,预警,焚烧炉出口氧含量偏高
2025-07-17 12:44:00,1,预警,焚烧炉出口氧含量偏低
2025-07-17 12:46:00,1,预警,焚烧炉出口氧含量偏低
2025-07-17 12:48:00,1,预警,焚烧炉出口氧含量偏低
2025-07-17 12:50:00,1,预警,焚烧炉出口氧含量偏低
2025-07-17 12:52:00,1,预警,焚烧炉出口氧含量偏低
2025-07-17 12:54:00,1,预警,焚烧炉出口氧含量偏低
2025-07-17 12:56:00,1,预警,焚烧炉出口氧含量偏低
2025-07-17 12:58:00,1,预警,焚烧炉出口氧含量偏低
2025-07-17 13:00:00,1,预警,焚烧炉出口氧含量偏低
2025-07-17 13:04:00,1,预警,焚烧炉出口氧含量偏低
2025-07-17 13:06:00,1,预警,焚烧炉出口氧含量偏低
2025-07-17 13:08:00,1,预警,焚烧炉出口氧含量偏低
2025-07-17 13:18:00,1,预警,焚烧炉出口氧含量偏低
2025-07-17 13:20:00,1,预警,焚烧炉出口氧含量偏低
2025-07-17 13:22:00,1,预警,焚烧炉出口氧含量偏低
2025-07-17 13:24:00,1,预警,焚烧炉出口氧含量偏低
2025-07-17 13:28:00,1,预警,焚烧炉出口氧含量偏低
2025-07-17 13:36:00,1,预警,焚烧炉出口氧含量偏低
2025-07-17 13:38:00,1,预警,焚烧炉出口氧含量偏低
2025-07-17 13:40:00,1,预警,焚烧炉出口氧含量偏低
2025-07-17 13:42:00,1,预警,焚烧炉出口氧含量偏低
2025-07-17 13:44:00,1,预警,焚烧炉出口氧含量偏低
2025-07-17 13:46:00,1,预警,焚烧炉出口氧含量偏低
2025-07-17 13:48:00,1,预警,焚烧炉出口氧含量偏低
2025-07-17 13:50:00,1,预警,焚烧炉出口氧含量偏低
2025-07-17 13:52:00,1,预警,焚烧炉出口氧含量偏低
2025-07-17 13:54:00,1,预警,焚烧炉出口氧含量偏低
2025-07-17 13:56:00,1,预警,焚烧炉出口氧含量偏低
2025-07-17 14:00:00,1,预警,焚烧炉出口氧含量偏低
2025-07-17 14:02:00,1,预警,焚烧炉出口氧含量偏低
2025-07-17 14:04:00,1,预警,焚烧炉出口氧含量偏低
2025-07-17 14:06:00,1,预警,焚烧炉出口氧含量偏低
2025-07-17 14:08:00,1,预警,焚烧炉出口氧含量偏低
2025-07-17 14:10:00,1,预警,焚烧炉出口氧含量偏低
2025-07-17 14:12:00,1,预警,焚烧炉出口氧含量偏低
2025-07-17 14:14:00,1,预警,焚烧炉出口氧含量偏低
2025-07-17 14:16:00,1,预警,焚烧炉出口氧含量偏低
2025-07-17 14:18:00,1,预警,焚烧炉出口氧含量偏低
2025-07-17 14:20:00,1,预警,焚烧炉出口氧含量偏低
2025-07-17 14:22:00,1,预警,焚烧炉出口氧含量偏低
2025-07-17 14:24:00,1,预警,焚烧炉出口氧含量偏低
2025-07-17 14:26:00,1,预警,焚烧炉出口氧含量偏低
2025-07-17 14:28:00,1,预警,焚烧炉出口氧含量偏高
2025-07-17 14:30:00,1,预警,焚烧炉出口氧含量偏高
2025-07-17 14:34:00,1,预警,焚烧炉出口氧含量偏高
2025-07-17 14:40:00,1,预警,焚烧炉出口氧含量偏高
2025-07-17 14:42:00,1,预警,焚烧炉出口氧含量偏高
2025-07-17 14:44:00,1,预警,焚烧炉出口氧含量偏高
2025-07-17 14:46:00,1,预警,焚烧炉出口氧含量偏高
2025-07-17 14:48:00,1,预警,焚烧炉出口氧含量偏高
2025-07-17 14:50:00,1,预警,焚烧炉出口氧含量偏高
2025-07-17 14:52:00,1,预警,焚烧炉出口氧含量偏高
2025-07-17 14:54:00,1,预警,焚烧炉出口氧含量偏高
2025-07-17 14:56:00,1,预警,焚烧炉出口氧含量偏高
2025-07-17 14:58:00,1,预警,焚烧炉出口氧含量偏高
2025-07-17 15:00:00,1,预警,焚烧炉出口氧含量偏高
2025-07-17 15:02:00,1,预警,焚烧炉出口氧含量偏高
2025-07-17 15:04:00,1,预警,焚烧炉出口氧含量偏高
2025-07-17 15:06:00,1,预警,焚烧炉出口氧含量偏高
2025-07-17 15:08:00,1,预警,焚烧炉出口氧含量偏高
2025-07-17 15:14:00,1,预警,焚烧炉出口氧含量偏高
2025-07-17 15:16:00,1,预警,焚烧炉出口氧含量偏高
2025-07-17 15:18:00,1,预警,焚烧炉出口氧含量偏高
2025-07-17 15:20:00,1,预警,焚烧炉出口氧含量偏高
2025-07-17 15:22:00,1,预警,焚烧炉出口氧含量偏高
2025-07-17 15:24:00,1,预警,焚烧炉出口氧含量偏高
2025-07-17 15:26:00,1,预警,焚烧炉出口氧含量偏高
2025-07-17 15:28:00,1,预警,焚烧炉出口氧含量偏高
2025-07-17 15:30:00,1,预警,焚烧炉出口氧含量偏高
2025-07-17 15:32:00,1,预警,焚烧炉出口氧含量偏高
2025-07-17 15:34:00,1,预警,焚烧炉出口氧含量偏高
2025-07-17 15:36:00,1,预警,焚烧炉出口氧含量偏高
2025-07-17 15:38:00,1,预警,焚烧炉出口氧含量偏高
2025-07-17 15:40:00,1,预警,焚烧炉出口氧含量偏高
2025-07-17 15:42:00,1,预警,焚烧炉出口氧含量偏高
2025-07-17 15:44:00,1,预警,焚烧炉出口氧含量偏高
2025-07-17 15:46:00,1,预警,焚烧炉出口氧含量偏高
2025-07-17 15:48:00,1,预警,焚烧炉出口氧含量偏高
2025-07-17 15:50:00,1,预警,焚烧炉出口氧含量偏高
2025-07-17 15:52:00,1,预警,焚烧炉出口氧含量偏高
2025-07-17 15:54:00,1,预警,焚烧炉出口氧含量偏高
2025-07-17 15:56:00,1,预警,焚烧炉出口氧含量偏高
2025-07-17 15:58:00,1,预警,焚烧炉出口氧含量偏高
2025-07-17 16:00:00,1,预警,焚烧炉出口氧含量偏高
2025-07-17 16:02:00,1,预警,焚烧炉出口氧含量偏高
2025-07-17 16:04:00,1,预警,焚烧炉出口氧含量偏高
2025-07-17 16:06:00,1,预警,焚烧炉出口氧含量偏高
2025-07-17 16:08:00,1,预警,焚烧炉出口氧含量偏高
2025-07-17 16:10:00,1,预警,焚烧炉出口氧含量偏高
2025-07-17 16:12:00,1,预警,焚烧炉出口氧含量偏高
2025-07-17 16:14:00,1,预警,焚烧炉出口氧含量偏高
2025-07-17 16:16:00,1,预警,焚烧炉出口氧含量偏高
2025-07-17 16:18:00,1,预警,焚烧炉出口氧含量偏高
2025-07-17 16:20:00,1,预警,焚烧炉出口氧含量偏高
2025-07-17 16:28:00,1,预警,焚烧炉出口氧含量偏高
2025-07-17 16:32:00,1,预警,焚烧炉出口氧含量偏高
2025-07-17 16:38:00,1,预警,焚烧炉出口氧含量偏高
2025-07-17 16:40:00,1,预警,焚烧炉出口氧含量偏高
2025-07-17 16:42:00,1,预警,焚烧炉出口氧含量偏高
2025-07-17 16:44:00,1,预警,焚烧炉出口氧含量偏高
2025-07-17 16:46:00,1,预警,焚烧炉出口氧含量偏高
2025-07-17 16:48:00,1,预警,焚烧炉出口氧含量偏高
2025-07-17 16:50:00,1,预警,焚烧炉出口氧含量偏高
2025-07-17 16:52:00,1,预警,焚烧炉出口氧含量偏高
2025-07-17 16:54:00,1,预警,焚烧炉出口氧含量偏高
2025-07-17 16:56:00,1,预警,焚烧炉出口氧含量偏高
2025-07-17 16:58:00,1,预警,焚烧炉出口氧含量偏高
2025-07-17 17:00:00,1,预警,焚烧炉出口氧含量偏高
2025-07-17 17:02:00,1,预警,焚烧炉出口氧含量偏高
2025-07-17 17:04:00,1,预警,焚烧炉出口氧含量偏高
2025-07-17 17:06:00,1,预警,焚烧炉出口氧含量偏高
2025-07-17 17:08:00,1,预警,焚烧炉出口氧含量偏高
2025-07-17 17:10:00,1,预警,焚烧炉出口氧含量偏高
2025-07-17 17:12:00,1,预警,焚烧炉出口氧含量偏高
2025-07-17 17:14:00,1,预警,焚烧炉出口氧含量偏高
2025-07-17 17:16:00,1,预警,焚烧炉出口氧含量偏高
2025-07-17 17:18:00,1,预警,焚烧炉出口氧含量偏高
2025-07-17 17:20:00,1,预警,焚烧炉出口氧含量偏高
2025-07-17 17:22:00,1,预警,焚烧炉出口氧含量偏高
2025-07-17 17:24:00,1,预警,焚烧炉出口氧含量偏高
2025-07-17 17:26:00,1,预警,焚烧炉出口氧含量偏高
2025-07-17 17:28:00,1,预警,焚烧炉出口氧含量偏高
2025-07-17 17:30:00,1,预警,焚烧炉出口氧含量偏高
2025-07-17 17:32:00,1,预警,焚烧炉出口氧含量偏高
2025-07-17 17:34:00,1,预警,焚烧炉出口氧含量偏高
2025-07-17 17:36:00,1,预警,焚烧炉出口氧含量偏高
2025-07-17 17:38:00,1,预警,焚烧炉出口氧含量偏高
2025-07-17 17:46:00,1,预警,焚烧炉出口氧含量偏高
2025-07-17 17:48:00,1,预警,焚烧炉出口氧含量偏高
2025-07-17 17:50:00,1,预警,焚烧炉出口氧含量偏高
2025-07-17 17:52:00,1,预警,焚烧炉出口氧含量偏高
2025-07-17 17:54:00,1,预警,焚烧炉出口氧含量偏高
2025-07-17 17:56:00,1,预警,焚烧炉出口氧含量偏高
2025-07-17 17:58:00,1,预警,焚烧炉出口氧含量偏高
2025-07-17 18:00:00,1,预警,焚烧炉出口氧含量偏高
2025-07-17 18:02:00,1,预警,焚烧炉出口氧含量偏高
2025-07-17 18:04:00,1,预警,焚烧炉出口氧含量偏高
2025-07-17 18:06:00,1,预警,焚烧炉出口氧含量偏高
2025-07-17 18:08:00,1,预警,焚烧炉出口氧含量偏高
2025-07-17 18:10:00,1,预警,焚烧炉出口氧含量偏高
2025-07-17 18:12:00,1,预警,焚烧炉出口氧含量偏高
2025-07-17 18:14:00,1,预警,焚烧炉出口氧含量偏高
2025-07-17 18:16:00,1,预警,焚烧炉出口氧含量偏高
2025-07-17 18:18:00,1,预警,焚烧炉出口氧含量偏高
2025-07-17 18:20:00,1,预警,焚烧炉出口氧含量偏高
2025-07-17 18:22:00,1,预警,焚烧炉出口氧含量偏高
2025-07-17 18:24:00,1,预警,焚烧炉出口氧含量偏高
2025-07-17 18:26:00,1,预警,焚烧炉出口氧含量偏高
2025-07-17 18:28:00,1,预警,焚烧炉出口氧含量偏高
2025-07-17 18:30:00,1,预警,焚烧炉出口氧含量偏高
2025-07-17 18:32:00,1,预警,焚烧炉出口氧含量偏高
2025-07-17 18:34:00,1,预警,焚烧炉出口氧含量偏高
2025-07-17 18:36:00,1,预警,焚烧炉出口氧含量偏高
2025-07-17 18:38:00,1,预警,焚烧炉出口氧含量偏高
2025-07-17 18:40:00,1,预警,焚烧炉出口氧含量偏高
2025-07-17 18:42:00,1,预警,焚烧炉出口氧含量偏高
2025-07-17 18:44:00,1,预警,焚烧炉出口氧含量偏高
2025-07-17 18:46:00,1,预警,焚烧炉出口氧含量偏高
2025-07-17 18:48:00,1,预警,焚烧炉出口氧含量偏高
2025-07-17 18:50:00,1,预警,焚烧炉出口氧含量偏高
2025-07-17 18:52:00,1,预警,焚烧炉出口氧含量偏高
2025-07-17 18:54:00,1,预警,焚烧炉出口氧含量偏高
2025-07-17 18:56:00,1,预警,焚烧炉出口氧含量偏高
2025-07-17 18:58:00,1,预警,焚烧炉出口氧含量偏高
2025-07-17 19:00:00,1,预警,焚烧炉出口氧含量偏高
2025-07-17 19:02:00,1,预警,焚烧炉出口氧含量偏高
2025-07-17 19:04:00,1,预警,焚烧炉出口氧含量偏高
2025-07-17 19:06:00,1,预警,焚烧炉出口氧含量偏高
2025-07-17 19:08:00,1,预警,焚烧炉出口氧含量偏高
2025-07-17 19:10:00,1,预警,焚烧炉出口氧含量偏高
2025-07-17 19:12:00,1,预警,焚烧炉出口氧含量偏高
2025-07-17 19:14:00,1,预警,焚烧炉出口氧含量偏高
2025-07-17 19:16:00,1,预警,焚烧炉出口氧含量偏高
2025-07-17 19:18:00,1,预警,焚烧炉出口氧含量偏高
2025-07-17 19:20:00,1,预警,焚烧炉出口氧含量偏高
2025-07-17 19:22:00,1,预警,焚烧炉出口氧含量偏高
2025-07-17 19:24:00,1,预警,焚烧炉出口氧含量偏高
2025-07-17 19:26:00,1,预警,焚烧炉出口氧含量偏高
2025-07-17 19:28:00,1,预警,焚烧炉出口氧含量偏高
2025-07-17 19:30:00,1,预警,焚烧炉出口氧含量偏高
2025-07-17 19:32:00,1,预警,焚烧炉出口氧含量偏高
2025-07-17 19:34:00,1,预警,焚烧炉出口氧含量偏高
2025-07-17 19:36:00,1,预警,焚烧炉出口氧含量偏高
2025-07-17 19:38:00,1,预警,焚烧炉出口氧含量偏高
2025-07-17 19:40:00,1,预警,焚烧炉出口氧含量偏高
2025-07-17 19:42:00,1,预警,焚烧炉出口氧含量偏高
2025-07-17 19:44:00,1,预警,焚烧炉出口氧含量偏高
2025-07-17 19:46:00,1,预警,焚烧炉出口氧含量偏高
2025-07-17 19:48:00,1,预警,焚烧炉出口氧含量偏高
2025-07-17 19:50:00,1,预警,焚烧炉出口氧含量偏高
2025-07-17 19:52:00,1,预警,焚烧炉出口氧含量偏高
2025-07-17 19:54:00,1,预警,焚烧炉出口氧含量偏高
2025-07-17 19:56:00,1,预警,焚烧炉出口氧含量偏高
2025-07-17 20:00:00,1,预警,焚烧炉出口氧含量偏高
2025-07-17 20:02:00,1,预警,焚烧炉出口氧含量偏高
2025-07-17 20:04:00,1,预警,焚烧炉出口氧含量偏高
2025-07-17 20:06:00,1,预警,焚烧炉出口氧含量偏高
2025-07-17 20:08:00,1,预警,焚烧炉出口氧含量偏高
2025-07-17 20:10:00,1,预警,焚烧炉出口氧含量偏高
2025-07-17 20:12:00,1,预警,焚烧炉出口氧含量偏高
2025-07-17 20:14:00,1,预警,焚烧炉出口氧含量偏高
2025-07-17 20:16:00,1,预警,焚烧炉出口氧含量偏高
2025-07-17 20:18:00,1,预警,焚烧炉出口氧含量偏高
2025-07-17 20:20:00,1,预警,焚烧炉出口氧含量偏高
2025-07-17 20:22:00,1,预警,焚烧炉出口氧含量偏高
2025-07-17 20:24:00,1,预警,焚烧炉出口氧含量偏高
2025-07-17 20:26:00,1,预警,焚烧炉出口氧含量偏高
2025-07-17 20:28:00,1,预警,焚烧炉出口氧含量偏高
2025-07-17 20:30:00,1,预警,焚烧炉出口氧含量偏高
2025-07-17 20:32:00,1,预警,焚烧炉出口氧含量偏高
2025-07-17 20:34:00,1,预警,焚烧炉出口氧含量偏高
2025-07-17 20:36:00,1,预警,焚烧炉出口氧含量偏高
2025-07-17 20:38:00,1,预警,焚烧炉出口氧含量偏高
2025-07-17 20:40:00,1,预警,焚烧炉出口氧含量偏高
2025-07-17 20:42:00,1,预警,焚烧炉出口氧含量偏高
2025-07-17 20:44:00,1,预警,焚烧炉出口氧含量偏高
2025-07-17 20:46:00,1,预警,焚烧炉出口氧含量偏高
2025-07-17 20:48:00,1,预警,焚烧炉出口氧含量偏高
2025-07-17 20:50:00,1,预警,焚烧炉出口氧含量偏高
2025-07-17 20:52:00,1,预警,焚烧炉出口氧含量偏高
2025-07-17 20:54:00,1,预警,焚烧炉出口氧含量偏高
2025-07-17 20:56:00,1,预警,焚烧炉出口氧含量偏高
2025-07-17 20:58:00,1,预警,焚烧炉出口氧含量偏高
2025-07-17 21:00:00,1,预警,焚烧炉出口氧含量偏高
2025-07-17 21:02:00,1,预警,焚烧炉出口氧含量偏高
2025-07-17 21:04:00,1,预警,焚烧炉出口氧含量偏高
2025-07-17 21:06:00,1,预警,焚烧炉出口氧含量偏高
2025-07-17 21:08:00,1,预警,焚烧炉出口氧含量偏高
2025-07-17 21:10:00,1,预警,焚烧炉出口氧含量偏高
2025-07-17 21:12:00,1,预警,焚烧炉出口氧含量偏高
2025-07-17 21:14:00,1,预警,焚烧炉出口氧含量偏高
2025-07-17 21:16:00,1,预警,焚烧炉出口氧含量偏高
2025-07-17 21:18:00,1,预警,焚烧炉出口氧含量偏高
2025-07-17 21:20:00,1,预警,焚烧炉出口氧含量偏高
2025-07-17 21:22:00,1,预警,焚烧炉出口氧含量偏高
2025-07-17 21:24:00,1,预警,焚烧炉出口氧含量偏高
2025-07-17 21:26:00,1,预警,焚烧炉出口氧含量偏高
2025-07-17 21:28:00,1,预警,焚烧炉出口氧含量偏高
2025-07-17 21:30:00,1,预警,焚烧炉出口氧含量偏高
2025-07-17 21:32:00,1,预警,焚烧炉出口氧含量偏高
2025-07-17 21:34:00,1,预警,焚烧炉出口氧含量偏高
2025-07-17 21:36:00,1,预警,焚烧炉出口氧含量偏高
2025-07-17 21:38:00,1,预警,焚烧炉出口氧含量偏高
2025-07-17 21:40:00,1,预警,焚烧炉出口氧含量偏高
2025-07-17 21:42:00,1,预警,焚烧炉出口氧含量偏高
2025-07-17 21:44:00,1,预警,焚烧炉出口氧含量偏高
2025-07-17 21:46:00,1,预警,焚烧炉出口氧含量偏高
2025-07-17 21:48:00,1,预警,焚烧炉出口氧含量偏高
2025-07-17 21:50:00,1,预警,焚烧炉出口氧含量偏高
2025-07-17 21:52:00,1,预警,焚烧炉出口氧含量偏高
2025-07-17 21:54:00,1,预警,焚烧炉出口氧含量偏高
2025-07-17 21:56:00,1,预警,焚烧炉出口氧含量偏高
2025-07-17 21:58:00,1,预警,焚烧炉出口氧含量偏高
2025-07-17 22:00:00,1,预警,焚烧炉出口氧含量偏高
2025-07-17 22:02:00,1,预警,焚烧炉出口氧含量偏高
2025-07-17 22:04:00,1,预警,焚烧炉出口氧含量偏高
2025-07-17 22:06:00,1,预警,焚烧炉出口氧含量偏高
2025-07-17 22:08:00,1,预警,焚烧炉出口氧含量偏高
2025-07-17 22:10:00,1,预警,焚烧炉出口氧含量偏高
2025-07-17 22:12:00,1,预警,焚烧炉出口氧含量偏高
2025-07-17 22:14:00,1,预警,焚烧炉出口氧含量偏高
2025-07-17 22:16:00,1,预警,焚烧炉出口氧含量偏高
2025-07-17 22:18:00,1,预警,焚烧炉出口氧含量偏高
2025-07-17 22:20:00,1,预警,焚烧炉出口氧含量偏高
2025-07-17 22:22:00,1,预警,焚烧炉出口氧含量偏高
2025-07-17 22:24:00,1,预警,焚烧炉出口氧含量偏高
2025-07-17 22:26:00,1,预警,焚烧炉出口氧含量偏高
2025-07-17 22:28:00,1,预警,焚烧炉出口氧含量偏高
2025-07-17 22:30:00,1,预警,焚烧炉出口氧含量偏高
2025-07-17 22:32:00,1,预警,焚烧炉出口氧含量偏高
2025-07-17 22:34:00,1,预警,焚烧炉出口氧含量偏高
2025-07-17 22:36:00,1,预警,焚烧炉出口氧含量偏高
2025-07-17 22:38:00,1,预警,焚烧炉出口氧含量偏高
2025-07-17 22:40:00,1,预警,焚烧炉出口氧含量偏高
2025-07-17 22:42:00,1,预警,焚烧炉出口氧含量偏高
2025-07-17 22:44:00,1,预警,焚烧炉出口氧含量偏高
2025-07-17 22:46:00,1,预警,焚烧炉出口氧含量偏高
2025-07-17 22:48:00,1,预警,焚烧炉出口氧含量偏高
2025-07-17 22:50:00,1,预警,焚烧炉出口氧含量偏高
2025-07-17 22:52:00,1,预警,焚烧炉出口氧含量偏高
2025-07-17 22:54:00,1,预警,焚烧炉出口氧含量偏高
2025-07-17 22:56:00,1,预警,焚烧炉出口氧含量偏高
2025-07-17 22:58:00,1,预警,焚烧炉出口氧含量偏高
2025-07-17 23:00:00,1,预警,焚烧炉出口氧含量偏高
2025-07-17 23:02:00,1,预警,焚烧炉出口氧含量偏高
2025-07-17 23:04:00,1,预警,焚烧炉出口氧含量偏高
2025-07-17 23:06:00,1,预警,焚烧炉出口氧含量偏高
2025-07-17 23:08:00,1,预警,焚烧炉出口氧含量偏高
2025-07-17 23:10:00,1,预警,焚烧炉出口氧含量偏高
2025-07-17 23:12:00,1,预警,焚烧炉出口氧含量偏高
2025-07-17 23:14:00,1,预警,焚烧炉出口氧含量偏高
2025-07-17 23:16:00,1,预警,焚烧炉出口氧含量偏高
2025-07-17 23:18:00,1,预警,焚烧炉出口氧含量偏高
2025-07-17 23:20:00,1,预警,焚烧炉出口氧含量偏高
2025-07-17 23:22:00,1,预警,焚烧炉出口氧含量偏高
2025-07-17 23:24:00,1,预警,焚烧炉出口氧含量偏高
2025-07-17 23:26:00,1,预警,焚烧炉出口氧含量偏高
2025-07-17 23:28:00,1,预警,焚烧炉出口氧含量偏高
2025-07-17 23:30:00,1,预警,焚烧炉出口氧含量偏高
2025-07-17 23:32:00,1,预警,焚烧炉出口氧含量偏高
2025-07-17 23:34:00,1,预警,焚烧炉出口氧含量偏高
2025-07-17 23:36:00,1,预警,焚烧炉出口氧含量偏高
2025-07-17 23:38:00,1,预警,焚烧炉出口氧含量偏高
2025-07-17 23:40:00,1,预警,焚烧炉出口氧含量偏高
2025-07-17 23:42:00,1,预警,焚烧炉出口氧含量偏高
2025-07-17 23:44:00,1,预警,焚烧炉出口氧含量偏高
2025-07-17 23:46:00,1,预警,焚烧炉出口氧含量偏高
2025-07-17 23:48:00,1,预警,焚烧炉出口氧含量偏高
2025-07-17 23:50:00,1,预警,焚烧炉出口氧含量偏高
2025-07-17 23:52:00,1,预警,焚烧炉出口氧含量偏高
2025-07-17 23:54:00,1,预警,焚烧炉出口氧含量偏高
2025-07-17 23:56:00,1,预警,焚烧炉出口氧含量偏高
2025-07-17 23:58:00,1,预警,焚烧炉出口氧含量偏高
