﻿时间,炉号,预警/报警类型,预警/报警事件
2025-07-01 00:44:00,1,预警,焚烧炉出口氧含量偏高
2025-07-01 00:46:00,1,预警,焚烧炉出口氧含量偏高
2025-07-01 00:48:00,1,预警,焚烧炉出口氧含量偏高
2025-07-01 01:00:00,1,预警,焚烧炉出口氧含量偏高
2025-07-01 01:02:00,1,预警,焚烧炉出口氧含量偏高
2025-07-01 01:04:00,1,预警,焚烧炉出口氧含量偏高
2025-07-01 01:08:00,1,预警,焚烧炉出口氧含量偏高
2025-07-01 01:12:00,1,预警,焚烧炉出口氧含量偏高
2025-07-01 01:16:00,1,预警,焚烧炉出口氧含量偏高
2025-07-01 01:26:00,1,预警,焚烧炉出口氧含量偏高
2025-07-01 02:46:00,1,预警,焚烧炉出口氧含量偏高
2025-07-01 03:04:00,1,预警,焚烧炉出口氧含量偏高
2025-07-01 03:48:00,1,预警,焚烧炉出口氧含量偏高
2025-07-01 04:22:00,1,预警,焚烧炉出口氧含量偏高
2025-07-01 04:28:00,1,预警,焚烧炉出口氧含量偏高
2025-07-01 04:30:00,1,预警,焚烧炉出口氧含量偏高
2025-07-01 04:32:00,1,预警,焚烧炉出口氧含量偏高
2025-07-01 04:34:00,1,预警,焚烧炉出口氧含量偏高
2025-07-01 04:36:00,1,预警,焚烧炉出口氧含量偏高
2025-07-01 04:38:00,1,预警,焚烧炉出口氧含量偏高
2025-07-01 04:42:00,1,预警,焚烧炉出口氧含量偏高
2025-07-01 04:44:00,1,预警,焚烧炉出口氧含量偏高
2025-07-01 04:46:00,1,预警,焚烧炉出口氧含量偏高
2025-07-01 04:54:00,1,预警,焚烧炉出口氧含量偏高
2025-07-01 05:02:00,1,预警,焚烧炉出口氧含量偏高
2025-07-01 05:04:00,1,预警,焚烧炉出口氧含量偏高
2025-07-01 05:20:00,1,预警,焚烧炉出口氧含量偏高
2025-07-01 05:30:00,1,预警,焚烧炉出口氧含量偏高
2025-07-01 05:46:00,1,预警,焚烧炉出口氧含量偏高
2025-07-01 05:48:00,1,预警,焚烧炉出口氧含量偏高
2025-07-01 05:54:00,1,预警,焚烧炉出口氧含量偏高
2025-07-01 07:04:00,1,预警,焚烧炉出口氧含量偏高
2025-07-01 07:06:00,1,预警,焚烧炉出口氧含量偏高
2025-07-01 08:24:00,1,预警,焚烧炉出口氧含量偏高
2025-07-01 08:26:00,1,预警,焚烧炉出口氧含量偏高
2025-07-01 08:30:00,1,预警,焚烧炉出口氧含量偏高
2025-07-01 08:32:00,1,预警,焚烧炉出口氧含量偏高
2025-07-01 12:24:00,1,预警,焚烧炉出口氧含量偏高
2025-07-01 12:26:00,1,预警,焚烧炉出口氧含量偏高
2025-07-01 12:28:00,1,预警,焚烧炉出口氧含量偏高
2025-07-01 12:30:00,1,预警,焚烧炉出口氧含量偏高
2025-07-01 12:32:00,1,预警,焚烧炉出口氧含量偏高
2025-07-01 12:34:00,1,预警,焚烧炉出口氧含量偏高
2025-07-01 12:36:00,1,预警,焚烧炉出口氧含量偏高
2025-07-01 12:38:00,1,预警,焚烧炉出口氧含量偏高
2025-07-01 12:40:00,1,预警,焚烧炉出口氧含量偏高
2025-07-01 12:42:00,1,预警,焚烧炉出口氧含量偏高
2025-07-01 12:44:00,1,预警,焚烧炉出口氧含量偏高
2025-07-01 12:46:00,1,预警,焚烧炉出口氧含量偏高
2025-07-01 12:48:00,1,预警,焚烧炉出口氧含量偏高
2025-07-01 12:50:00,1,预警,焚烧炉出口氧含量偏高
2025-07-01 12:52:00,1,预警,焚烧炉出口氧含量偏高
2025-07-01 12:54:00,1,预警,焚烧炉出口氧含量偏高
2025-07-01 12:56:00,1,预警,焚烧炉出口氧含量偏高
2025-07-01 12:58:00,1,预警,焚烧炉出口氧含量偏高
2025-07-01 13:00:00,1,预警,焚烧炉出口氧含量偏高
2025-07-01 13:02:00,1,预警,焚烧炉出口氧含量偏高
2025-07-01 13:04:00,1,预警,焚烧炉出口氧含量偏高
2025-07-01 13:14:00,1,预警,焚烧炉出口氧含量偏高
2025-07-01 13:16:00,1,预警,焚烧炉出口氧含量偏高
2025-07-01 13:18:00,1,预警,焚烧炉出口氧含量偏高
2025-07-01 13:20:00,1,预警,焚烧炉出口氧含量偏高
2025-07-01 13:22:00,1,预警,焚烧炉出口氧含量偏高
2025-07-01 13:24:00,1,预警,焚烧炉出口氧含量偏高
2025-07-01 13:26:00,1,预警,焚烧炉出口氧含量偏高
2025-07-01 13:28:00,1,预警,焚烧炉出口氧含量偏高
2025-07-01 13:30:00,1,预警,焚烧炉出口氧含量偏高
2025-07-01 13:32:00,1,预警,焚烧炉出口氧含量偏高
2025-07-01 13:34:00,1,预警,焚烧炉出口氧含量偏高
2025-07-01 13:36:00,1,预警,焚烧炉出口氧含量偏高
2025-07-01 13:38:00,1,预警,焚烧炉出口氧含量偏高
2025-07-01 13:40:00,1,预警,焚烧炉出口氧含量偏高
2025-07-01 13:42:00,1,预警,焚烧炉出口氧含量偏高
2025-07-01 13:44:00,1,预警,焚烧炉出口氧含量偏高
2025-07-01 13:46:00,1,预警,焚烧炉出口氧含量偏高
2025-07-01 13:48:00,1,预警,焚烧炉出口氧含量偏高
2025-07-01 13:50:00,1,预警,焚烧炉出口氧含量偏高
2025-07-01 13:52:00,1,预警,焚烧炉出口氧含量偏高
2025-07-01 13:54:00,1,预警,焚烧炉出口氧含量偏高
2025-07-01 13:58:00,1,预警,焚烧炉出口氧含量偏高
2025-07-01 14:24:00,1,预警,焚烧炉出口氧含量偏高
2025-07-01 14:26:00,1,预警,焚烧炉出口氧含量偏高
2025-07-01 14:28:00,1,预警,焚烧炉出口氧含量偏高
2025-07-01 14:30:00,1,预警,焚烧炉出口氧含量偏高
2025-07-01 14:32:00,1,预警,焚烧炉出口氧含量偏高
2025-07-01 14:34:00,1,预警,焚烧炉出口氧含量偏高
2025-07-01 14:36:00,1,预警,焚烧炉出口氧含量偏高
2025-07-01 14:38:00,1,预警,焚烧炉出口氧含量偏高
2025-07-01 14:40:00,1,预警,焚烧炉出口氧含量偏高
2025-07-01 14:42:00,1,预警,焚烧炉出口氧含量偏高
2025-07-01 14:52:00,1,预警,焚烧炉出口氧含量偏高
2025-07-01 14:54:00,1,预警,焚烧炉出口氧含量偏高
2025-07-01 14:56:00,1,预警,焚烧炉出口氧含量偏高
2025-07-01 14:58:00,1,预警,焚烧炉出口氧含量偏高
2025-07-01 15:00:00,1,预警,焚烧炉出口氧含量偏高
2025-07-01 15:02:00,1,预警,焚烧炉出口氧含量偏高
2025-07-01 15:04:00,1,预警,焚烧炉出口氧含量偏高
2025-07-01 15:06:00,1,预警,焚烧炉出口氧含量偏高
2025-07-01 15:08:00,1,预警,焚烧炉出口氧含量偏高
2025-07-01 15:38:00,1,预警,焚烧炉出口氧含量偏高
2025-07-01 15:44:00,1,预警,焚烧炉出口氧含量偏高
2025-07-01 15:52:00,1,预警,焚烧炉出口氧含量偏高
2025-07-01 15:54:00,1,预警,焚烧炉出口氧含量偏高
2025-07-01 15:56:00,1,预警,焚烧炉出口氧含量偏高
2025-07-01 15:58:00,1,预警,焚烧炉出口氧含量偏高
2025-07-01 16:00:00,1,预警,焚烧炉出口氧含量偏高
2025-07-01 16:02:00,1,预警,焚烧炉出口氧含量偏高
2025-07-01 16:04:00,1,预警,焚烧炉出口氧含量偏高
2025-07-01 16:06:00,1,预警,焚烧炉出口氧含量偏高
2025-07-01 16:12:00,1,预警,焚烧炉出口氧含量偏高
2025-07-01 16:14:00,1,预警,焚烧炉出口氧含量偏高
2025-07-01 16:16:00,1,预警,焚烧炉出口氧含量偏高
2025-07-01 16:18:00,1,预警,焚烧炉出口氧含量偏高
2025-07-01 16:20:00,1,预警,焚烧炉出口氧含量偏高
2025-07-01 16:22:00,1,预警,焚烧炉出口氧含量偏高
2025-07-01 16:24:00,1,预警,焚烧炉出口氧含量偏高
2025-07-01 16:42:00,1,预警,焚烧炉出口氧含量偏高
2025-07-01 16:44:00,1,预警,焚烧炉出口氧含量偏高
2025-07-01 16:46:00,1,预警,焚烧炉出口氧含量偏高
2025-07-01 16:58:00,1,预警,焚烧炉出口氧含量偏高
2025-07-01 17:00:00,1,预警,焚烧炉出口氧含量偏高
2025-07-01 17:36:00,1,预警,焚烧炉出口氧含量偏高
2025-07-01 18:18:00,1,预警,焚烧炉出口氧含量偏高
2025-07-01 18:20:00,1,预警,焚烧炉出口氧含量偏高
2025-07-01 18:24:00,1,预警,焚烧炉出口氧含量偏高
2025-07-01 18:30:00,1,预警,焚烧炉出口氧含量偏高
2025-07-01 19:26:00,1,预警,焚烧炉出口氧含量偏高
2025-07-01 19:58:00,1,预警,焚烧炉出口氧含量偏高
2025-07-01 20:04:00,1,预警,焚烧炉出口氧含量偏高
2025-07-01 20:06:00,1,预警,焚烧炉出口氧含量偏高
2025-07-01 20:08:00,1,预警,焚烧炉出口氧含量偏高
2025-07-01 20:10:00,1,预警,焚烧炉出口氧含量偏高
2025-07-01 20:12:00,1,预警,焚烧炉出口氧含量偏高
2025-07-01 20:14:00,1,预警,焚烧炉出口氧含量偏高
2025-07-01 20:18:00,1,预警,焚烧炉出口氧含量偏高
2025-07-01 20:20:00,1,预警,焚烧炉出口氧含量偏高
2025-07-01 20:22:00,1,预警,焚烧炉出口氧含量偏高
2025-07-01 20:24:00,1,预警,焚烧炉出口氧含量偏高
2025-07-01 20:26:00,1,预警,焚烧炉出口氧含量偏高
2025-07-01 20:28:00,1,预警,焚烧炉出口氧含量偏高
2025-07-01 20:30:00,1,预警,焚烧炉出口氧含量偏高
2025-07-01 20:32:00,1,预警,焚烧炉出口氧含量偏高
2025-07-01 20:34:00,1,预警,焚烧炉出口氧含量偏高
2025-07-01 20:36:00,1,预警,焚烧炉出口氧含量偏高
2025-07-01 20:38:00,1,预警,焚烧炉出口氧含量偏高
2025-07-01 20:40:00,1,预警,焚烧炉出口氧含量偏高
2025-07-01 20:44:00,1,预警,焚烧炉出口氧含量偏高
2025-07-01 20:46:00,1,预警,焚烧炉出口氧含量偏高
2025-07-01 20:48:00,1,预警,焚烧炉出口氧含量偏高
2025-07-01 20:50:00,1,预警,焚烧炉出口氧含量偏高
2025-07-01 20:52:00,1,预警,焚烧炉出口氧含量偏高
2025-07-01 20:54:00,1,预警,焚烧炉出口氧含量偏高
2025-07-01 20:56:00,1,预警,焚烧炉出口氧含量偏高
2025-07-01 21:06:00,1,预警,焚烧炉出口氧含量偏高
2025-07-01 21:08:00,1,预警,焚烧炉出口氧含量偏高
2025-07-01 21:10:00,1,预警,焚烧炉出口氧含量偏高
2025-07-01 21:24:00,1,预警,焚烧炉出口氧含量偏高
2025-07-01 21:26:00,1,预警,焚烧炉出口氧含量偏高
2025-07-01 21:28:00,1,预警,焚烧炉出口氧含量偏高
2025-07-01 21:34:00,1,预警,焚烧炉出口氧含量偏高
2025-07-01 21:36:00,1,预警,焚烧炉出口氧含量偏高
2025-07-01 21:40:00,1,预警,焚烧炉出口氧含量偏高
2025-07-01 21:42:00,1,预警,焚烧炉出口氧含量偏高
2025-07-01 21:48:00,1,预警,焚烧炉出口氧含量偏高
2025-07-01 22:12:00,1,预警,焚烧炉出口氧含量偏高
2025-07-01 22:16:00,1,预警,焚烧炉出口氧含量偏高
2025-07-01 22:20:00,1,预警,焚烧炉出口氧含量偏高
2025-07-01 22:26:00,1,预警,焚烧炉出口氧含量偏高
2025-07-01 22:28:00,1,预警,焚烧炉出口氧含量偏高
2025-07-01 22:30:00,1,预警,焚烧炉出口氧含量偏高
2025-07-01 22:32:00,1,预警,焚烧炉出口氧含量偏高
2025-07-01 22:34:00,1,预警,焚烧炉出口氧含量偏高
2025-07-01 22:36:00,1,预警,焚烧炉出口氧含量偏高
2025-07-01 22:38:00,1,预警,焚烧炉出口氧含量偏高
2025-07-01 22:40:00,1,预警,焚烧炉出口氧含量偏高
2025-07-01 22:42:00,1,预警,焚烧炉出口氧含量偏高
2025-07-01 22:44:00,1,预警,焚烧炉出口氧含量偏高
2025-07-01 22:46:00,1,预警,焚烧炉出口氧含量偏高
2025-07-01 22:48:00,1,预警,焚烧炉出口氧含量偏高
2025-07-01 22:50:00,1,预警,焚烧炉出口氧含量偏高
2025-07-01 22:52:00,1,预警,焚烧炉出口氧含量偏高
2025-07-01 23:40:00,1,预警,焚烧炉出口氧含量偏高
2025-07-01 23:42:00,1,预警,焚烧炉出口氧含量偏高
