﻿时间,炉号,预警/报警类型,预警/报警事件
2025-07-02 00:30:00,1,预警,焚烧炉出口氧含量偏高
2025-07-02 00:38:00,1,预警,焚烧炉出口氧含量偏高
2025-07-02 01:20:00,1,预警,焚烧炉出口氧含量偏高
2025-07-02 01:22:00,1,预警,焚烧炉出口氧含量偏高
2025-07-02 01:24:00,1,预警,焚烧炉出口氧含量偏高
2025-07-02 01:28:00,1,预警,焚烧炉出口氧含量偏高
2025-07-02 01:30:00,1,预警,焚烧炉出口氧含量偏高
2025-07-02 01:36:00,1,预警,焚烧炉出口氧含量偏高
2025-07-02 01:42:00,1,预警,焚烧炉出口氧含量偏高
2025-07-02 01:46:00,1,预警,焚烧炉出口氧含量偏高
2025-07-02 01:50:00,1,预警,焚烧炉出口氧含量偏高
2025-07-02 01:54:00,1,预警,焚烧炉出口氧含量偏高
2025-07-02 02:02:00,1,预警,焚烧炉出口氧含量偏高
2025-07-02 02:28:00,1,预警,焚烧炉出口氧含量偏高
2025-07-02 02:54:00,1,预警,焚烧炉出口氧含量偏高
2025-07-02 02:56:00,1,预警,焚烧炉出口氧含量偏高
2025-07-02 03:06:00,1,预警,焚烧炉出口氧含量偏高
2025-07-02 03:08:00,1,预警,焚烧炉出口氧含量偏高
2025-07-02 03:10:00,1,预警,焚烧炉出口氧含量偏高
2025-07-02 03:14:00,1,预警,焚烧炉出口氧含量偏高
2025-07-02 03:18:00,1,预警,焚烧炉出口氧含量偏高
2025-07-02 03:34:00,1,预警,焚烧炉出口氧含量偏高
2025-07-02 04:12:00,1,预警,焚烧炉出口氧含量偏高
2025-07-02 04:14:00,1,预警,焚烧炉出口氧含量偏高
2025-07-02 04:16:00,1,预警,焚烧炉出口氧含量偏高
2025-07-02 04:20:00,1,预警,焚烧炉出口氧含量偏高
2025-07-02 04:22:00,1,预警,焚烧炉出口氧含量偏高
2025-07-02 04:24:00,1,预警,焚烧炉出口氧含量偏高
2025-07-02 04:34:00,1,预警,焚烧炉出口氧含量偏高
2025-07-02 04:36:00,1,预警,焚烧炉出口氧含量偏高
2025-07-02 04:38:00,1,预警,焚烧炉出口氧含量偏高
2025-07-02 04:40:00,1,预警,焚烧炉出口氧含量偏高
2025-07-02 04:42:00,1,预警,焚烧炉出口氧含量偏高
2025-07-02 04:50:00,1,预警,焚烧炉出口氧含量偏高
2025-07-02 04:52:00,1,预警,焚烧炉出口氧含量偏高
2025-07-02 04:54:00,1,预警,焚烧炉出口氧含量偏高
2025-07-02 05:04:00,1,预警,焚烧炉出口氧含量偏高
2025-07-02 05:06:00,1,预警,焚烧炉出口氧含量偏高
2025-07-02 05:10:00,1,预警,焚烧炉出口氧含量偏高
2025-07-02 05:14:00,1,预警,焚烧炉出口氧含量偏高
2025-07-02 05:18:00,1,预警,焚烧炉出口氧含量偏高
2025-07-02 05:20:00,1,预警,焚烧炉出口氧含量偏高
2025-07-02 05:22:00,1,预警,焚烧炉出口氧含量偏高
2025-07-02 05:36:00,1,预警,焚烧炉出口氧含量偏高
2025-07-02 05:38:00,1,预警,焚烧炉出口氧含量偏高
2025-07-02 05:42:00,1,预警,焚烧炉出口氧含量偏高
2025-07-02 05:48:00,1,预警,焚烧炉出口氧含量偏高
2025-07-02 05:50:00,1,预警,焚烧炉出口氧含量偏高
2025-07-02 06:14:00,1,预警,焚烧炉出口氧含量偏高
2025-07-02 06:16:00,1,预警,焚烧炉出口氧含量偏高
2025-07-02 06:18:00,1,预警,焚烧炉出口氧含量偏高
2025-07-02 06:20:00,1,预警,焚烧炉出口氧含量偏高
2025-07-02 06:22:00,1,预警,焚烧炉出口氧含量偏高
2025-07-02 06:24:00,1,预警,焚烧炉出口氧含量偏高
2025-07-02 06:26:00,1,预警,焚烧炉出口氧含量偏高
2025-07-02 06:28:00,1,预警,焚烧炉出口氧含量偏高
2025-07-02 06:30:00,1,预警,焚烧炉出口氧含量偏高
2025-07-02 06:32:00,1,预警,焚烧炉出口氧含量偏高
2025-07-02 06:34:00,1,预警,焚烧炉出口氧含量偏高
2025-07-02 06:36:00,1,预警,焚烧炉出口氧含量偏高
2025-07-02 06:38:00,1,预警,焚烧炉出口氧含量偏高
2025-07-02 06:40:00,1,预警,焚烧炉出口氧含量偏高
2025-07-02 06:44:00,1,预警,焚烧炉出口氧含量偏高
2025-07-02 06:46:00,1,预警,焚烧炉出口氧含量偏高
2025-07-02 06:48:00,1,预警,焚烧炉出口氧含量偏高
2025-07-02 06:50:00,1,预警,焚烧炉出口氧含量偏高
2025-07-02 06:52:00,1,预警,焚烧炉出口氧含量偏高
2025-07-02 06:54:00,1,预警,焚烧炉出口氧含量偏高
2025-07-02 06:56:00,1,预警,焚烧炉出口氧含量偏高
2025-07-02 06:58:00,1,预警,焚烧炉出口氧含量偏高
2025-07-02 07:00:00,1,预警,焚烧炉出口氧含量偏高
2025-07-02 07:10:00,1,预警,焚烧炉出口氧含量偏高
2025-07-02 08:26:00,1,预警,焚烧炉出口氧含量偏高
2025-07-02 08:28:00,1,预警,焚烧炉出口氧含量偏高
2025-07-02 08:30:00,1,预警,焚烧炉出口氧含量偏高
2025-07-02 08:32:00,1,预警,焚烧炉出口氧含量偏高
2025-07-02 08:34:00,1,预警,焚烧炉出口氧含量偏高
2025-07-02 08:36:00,1,预警,焚烧炉出口氧含量偏高
2025-07-02 08:40:00,1,预警,焚烧炉出口氧含量偏高
2025-07-02 08:42:00,1,预警,焚烧炉出口氧含量偏高
2025-07-02 08:44:00,1,预警,焚烧炉出口氧含量偏高
2025-07-02 08:46:00,1,预警,焚烧炉出口氧含量偏高
2025-07-02 08:50:00,1,预警,焚烧炉出口氧含量偏高
2025-07-02 08:52:00,1,预警,焚烧炉出口氧含量偏高
2025-07-02 08:54:00,1,预警,焚烧炉出口氧含量偏高
2025-07-02 08:56:00,1,预警,焚烧炉出口氧含量偏高
2025-07-02 08:58:00,1,预警,焚烧炉出口氧含量偏高
2025-07-02 09:00:00,1,预警,焚烧炉出口氧含量偏高
2025-07-02 09:02:00,1,预警,焚烧炉出口氧含量偏高
2025-07-02 09:04:00,1,预警,焚烧炉出口氧含量偏高
2025-07-02 09:06:00,1,预警,焚烧炉出口氧含量偏高
2025-07-02 09:08:00,1,预警,焚烧炉出口氧含量偏高
2025-07-02 09:10:00,1,预警,焚烧炉出口氧含量偏高
2025-07-02 09:12:00,1,预警,焚烧炉出口氧含量偏高
2025-07-02 09:14:00,1,预警,焚烧炉出口氧含量偏高
2025-07-02 09:16:00,1,预警,焚烧炉出口氧含量偏高
2025-07-02 09:18:00,1,预警,焚烧炉出口氧含量偏高
2025-07-02 09:26:00,1,预警,焚烧炉出口氧含量偏高
2025-07-02 09:36:00,1,预警,焚烧炉出口氧含量偏高
2025-07-02 09:38:00,1,预警,焚烧炉出口氧含量偏高
2025-07-02 09:40:00,1,预警,焚烧炉出口氧含量偏高
2025-07-02 09:42:00,1,预警,焚烧炉出口氧含量偏高
2025-07-02 09:44:00,1,预警,焚烧炉出口氧含量偏高
2025-07-02 09:46:00,1,预警,焚烧炉出口氧含量偏高
2025-07-02 09:48:00,1,预警,焚烧炉出口氧含量偏高
2025-07-02 09:50:00,1,预警,焚烧炉出口氧含量偏高
2025-07-02 09:52:00,1,预警,焚烧炉出口氧含量偏高
2025-07-02 09:54:00,1,预警,焚烧炉出口氧含量偏高
2025-07-02 09:56:00,1,预警,焚烧炉出口氧含量偏高
2025-07-02 09:58:00,1,预警,焚烧炉出口氧含量偏高
2025-07-02 10:00:00,1,预警,焚烧炉出口氧含量偏高
2025-07-02 10:02:00,1,预警,焚烧炉出口氧含量偏高
2025-07-02 10:48:00,1,预警,焚烧炉出口氧含量偏高
2025-07-02 11:42:00,1,预警,焚烧炉出口氧含量偏高
2025-07-02 11:44:00,1,预警,焚烧炉出口氧含量偏高
2025-07-02 11:46:00,1,预警,焚烧炉出口氧含量偏高
2025-07-02 11:48:00,1,预警,焚烧炉出口氧含量偏高
2025-07-02 11:50:00,1,预警,焚烧炉出口氧含量偏高
2025-07-02 11:52:00,1,预警,焚烧炉出口氧含量偏高
2025-07-02 11:54:00,1,预警,焚烧炉出口氧含量偏高
2025-07-02 11:56:00,1,预警,焚烧炉出口氧含量偏高
2025-07-02 12:02:00,1,预警,焚烧炉出口氧含量偏高
2025-07-02 12:04:00,1,预警,焚烧炉出口氧含量偏高
2025-07-02 12:22:00,1,预警,焚烧炉出口氧含量偏高
2025-07-02 12:30:00,1,预警,焚烧炉出口氧含量偏高
2025-07-02 12:38:00,1,预警,焚烧炉出口氧含量偏高
2025-07-02 12:46:00,1,预警,焚烧炉出口氧含量偏高
2025-07-02 12:50:00,1,预警,焚烧炉出口氧含量偏高
2025-07-02 12:54:00,1,预警,焚烧炉出口氧含量偏高
2025-07-02 12:56:00,1,预警,焚烧炉出口氧含量偏高
2025-07-02 13:06:00,1,预警,焚烧炉出口氧含量偏高
2025-07-02 13:10:00,1,预警,焚烧炉出口氧含量偏高
2025-07-02 14:46:00,1,预警,焚烧炉出口氧含量偏高
2025-07-02 14:58:00,1,预警,焚烧炉出口氧含量偏高
2025-07-02 15:06:00,1,预警,焚烧炉出口氧含量偏高
2025-07-02 15:08:00,1,预警,焚烧炉出口氧含量偏高
2025-07-02 15:10:00,1,预警,焚烧炉出口氧含量偏高
2025-07-02 15:12:00,1,预警,焚烧炉出口氧含量偏高
2025-07-02 15:16:00,1,预警,焚烧炉出口氧含量偏高
2025-07-02 15:26:00,1,预警,焚烧炉出口氧含量偏高
2025-07-02 15:30:00,1,预警,焚烧炉出口氧含量偏高
2025-07-02 15:32:00,1,预警,焚烧炉出口氧含量偏高
2025-07-02 15:34:00,1,预警,焚烧炉出口氧含量偏高
2025-07-02 15:36:00,1,预警,焚烧炉出口氧含量偏高
2025-07-02 15:38:00,1,预警,焚烧炉出口氧含量偏高
2025-07-02 15:40:00,1,预警,焚烧炉出口氧含量偏高
2025-07-02 15:42:00,1,预警,焚烧炉出口氧含量偏高
2025-07-02 15:44:00,1,预警,焚烧炉出口氧含量偏高
2025-07-02 15:46:00,1,预警,焚烧炉出口氧含量偏高
2025-07-02 15:48:00,1,预警,焚烧炉出口氧含量偏高
2025-07-02 15:50:00,1,预警,焚烧炉出口氧含量偏高
2025-07-02 15:52:00,1,预警,焚烧炉出口氧含量偏高
2025-07-02 15:54:00,1,预警,焚烧炉出口氧含量偏高
2025-07-02 15:56:00,1,预警,焚烧炉出口氧含量偏高
2025-07-02 15:58:00,1,预警,焚烧炉出口氧含量偏高
2025-07-02 16:00:00,1,预警,焚烧炉出口氧含量偏高
2025-07-02 16:08:00,1,预警,焚烧炉出口氧含量偏高
2025-07-02 16:10:00,1,预警,焚烧炉出口氧含量偏高
2025-07-02 16:12:00,1,预警,焚烧炉出口氧含量偏高
2025-07-02 16:16:00,1,预警,焚烧炉出口氧含量偏高
2025-07-02 16:18:00,1,预警,焚烧炉出口氧含量偏高
2025-07-02 16:20:00,1,预警,焚烧炉出口氧含量偏高
2025-07-02 16:22:00,1,预警,焚烧炉出口氧含量偏高
2025-07-02 16:24:00,1,预警,焚烧炉出口氧含量偏高
2025-07-02 16:26:00,1,预警,焚烧炉出口氧含量偏高
2025-07-02 16:36:00,1,预警,焚烧炉出口氧含量偏高
2025-07-02 16:38:00,1,预警,焚烧炉出口氧含量偏高
2025-07-02 16:40:00,1,预警,焚烧炉出口氧含量偏高
2025-07-02 16:42:00,1,预警,焚烧炉出口氧含量偏高
2025-07-02 16:44:00,1,预警,焚烧炉出口氧含量偏高
2025-07-02 16:46:00,1,预警,焚烧炉出口氧含量偏高
2025-07-02 16:48:00,1,预警,焚烧炉出口氧含量偏高
2025-07-02 16:50:00,1,预警,焚烧炉出口氧含量偏高
2025-07-02 16:52:00,1,预警,焚烧炉出口氧含量偏高
2025-07-02 17:08:00,1,预警,焚烧炉出口氧含量偏高
2025-07-02 17:10:00,1,预警,焚烧炉出口氧含量偏高
2025-07-02 17:12:00,1,预警,焚烧炉出口氧含量偏高
2025-07-02 17:14:00,1,预警,焚烧炉出口氧含量偏高
2025-07-02 17:18:00,1,预警,焚烧炉出口氧含量偏高
2025-07-02 17:22:00,1,预警,焚烧炉出口氧含量偏高
2025-07-02 17:24:00,1,预警,焚烧炉出口氧含量偏高
2025-07-02 17:26:00,1,预警,焚烧炉出口氧含量偏高
2025-07-02 17:30:00,1,预警,焚烧炉出口氧含量偏高
2025-07-02 17:32:00,1,预警,焚烧炉出口氧含量偏高
2025-07-02 17:34:00,1,预警,焚烧炉出口氧含量偏高
2025-07-02 17:36:00,1,预警,焚烧炉出口氧含量偏高
2025-07-02 17:38:00,1,预警,焚烧炉出口氧含量偏高
2025-07-02 17:40:00,1,预警,焚烧炉出口氧含量偏高
2025-07-02 17:42:00,1,预警,焚烧炉出口氧含量偏高
2025-07-02 17:44:00,1,预警,焚烧炉出口氧含量偏高
2025-07-02 17:50:00,1,预警,焚烧炉出口氧含量偏高
2025-07-02 17:52:00,1,预警,焚烧炉出口氧含量偏高
2025-07-02 17:54:00,1,预警,焚烧炉出口氧含量偏高
2025-07-02 17:56:00,1,预警,焚烧炉出口氧含量偏高
2025-07-02 17:58:00,1,预警,焚烧炉出口氧含量偏高
2025-07-02 18:00:00,1,预警,焚烧炉出口氧含量偏高
2025-07-02 18:02:00,1,预警,焚烧炉出口氧含量偏高
2025-07-02 18:04:00,1,预警,焚烧炉出口氧含量偏高
2025-07-02 18:06:00,1,预警,焚烧炉出口氧含量偏高
2025-07-02 18:08:00,1,预警,焚烧炉出口氧含量偏高
2025-07-02 18:10:00,1,预警,焚烧炉出口氧含量偏高
2025-07-02 18:12:00,1,预警,焚烧炉出口氧含量偏高
2025-07-02 18:16:00,1,预警,焚烧炉出口氧含量偏高
2025-07-02 18:18:00,1,预警,焚烧炉出口氧含量偏高
2025-07-02 18:20:00,1,预警,焚烧炉出口氧含量偏高
2025-07-02 18:22:00,1,预警,焚烧炉出口氧含量偏高
2025-07-02 18:24:00,1,预警,焚烧炉出口氧含量偏高
2025-07-02 18:26:00,1,预警,焚烧炉出口氧含量偏高
2025-07-02 18:28:00,1,预警,焚烧炉出口氧含量偏高
2025-07-02 18:30:00,1,预警,焚烧炉出口氧含量偏高
2025-07-02 18:32:00,1,预警,焚烧炉出口氧含量偏高
2025-07-02 18:34:00,1,预警,焚烧炉出口氧含量偏高
2025-07-02 18:44:00,1,预警,焚烧炉出口氧含量偏高
2025-07-02 18:46:00,1,预警,焚烧炉出口氧含量偏高
2025-07-02 18:48:00,1,预警,焚烧炉出口氧含量偏高
2025-07-02 18:50:00,1,预警,焚烧炉出口氧含量偏高
2025-07-02 19:02:00,1,预警,焚烧炉出口氧含量偏高
2025-07-02 19:04:00,1,预警,焚烧炉出口氧含量偏高
2025-07-02 19:14:00,1,预警,焚烧炉出口氧含量偏高
2025-07-02 19:16:00,1,预警,焚烧炉出口氧含量偏高
2025-07-02 19:18:00,1,预警,焚烧炉出口氧含量偏高
2025-07-02 19:20:00,1,预警,焚烧炉出口氧含量偏高
2025-07-02 19:22:00,1,预警,焚烧炉出口氧含量偏高
2025-07-02 19:24:00,1,预警,焚烧炉出口氧含量偏高
2025-07-02 19:26:00,1,预警,焚烧炉出口氧含量偏高
2025-07-02 19:28:00,1,预警,焚烧炉出口氧含量偏高
2025-07-02 19:30:00,1,预警,焚烧炉出口氧含量偏高
2025-07-02 19:32:00,1,预警,焚烧炉出口氧含量偏高
2025-07-02 19:34:00,1,预警,焚烧炉出口氧含量偏高
2025-07-02 19:36:00,1,预警,焚烧炉出口氧含量偏高
2025-07-02 19:38:00,1,预警,焚烧炉出口氧含量偏高
2025-07-02 19:40:00,1,预警,焚烧炉出口氧含量偏高
2025-07-02 19:42:00,1,预警,焚烧炉出口氧含量偏高
2025-07-02 19:44:00,1,预警,焚烧炉出口氧含量偏高
2025-07-02 19:54:00,1,预警,焚烧炉出口氧含量偏高
2025-07-02 19:56:00,1,预警,焚烧炉出口氧含量偏高
2025-07-02 20:48:00,1,预警,焚烧炉出口氧含量偏高
2025-07-02 20:56:00,1,预警,焚烧炉出口氧含量偏高
2025-07-02 20:58:00,1,预警,焚烧炉出口氧含量偏高
2025-07-02 21:00:00,1,预警,焚烧炉出口氧含量偏高
2025-07-02 21:18:00,1,预警,焚烧炉出口氧含量偏高
2025-07-02 21:20:00,1,预警,焚烧炉出口氧含量偏高
2025-07-02 21:24:00,1,预警,焚烧炉出口氧含量偏高
2025-07-02 21:26:00,1,预警,焚烧炉出口氧含量偏高
2025-07-02 21:28:00,1,预警,焚烧炉出口氧含量偏高
2025-07-02 21:30:00,1,预警,焚烧炉出口氧含量偏高
2025-07-02 21:32:00,1,预警,焚烧炉出口氧含量偏高
2025-07-02 21:34:00,1,预警,焚烧炉出口氧含量偏高
2025-07-02 21:36:00,1,预警,焚烧炉出口氧含量偏高
2025-07-02 21:38:00,1,预警,焚烧炉出口氧含量偏高
2025-07-02 21:40:00,1,预警,焚烧炉出口氧含量偏高
2025-07-02 21:42:00,1,预警,焚烧炉出口氧含量偏高
2025-07-02 21:44:00,1,预警,焚烧炉出口氧含量偏高
2025-07-02 21:46:00,1,预警,焚烧炉出口氧含量偏高
2025-07-02 21:48:00,1,预警,焚烧炉出口氧含量偏高
2025-07-02 21:50:00,1,预警,焚烧炉出口氧含量偏高
2025-07-02 21:52:00,1,预警,焚烧炉出口氧含量偏高
2025-07-02 21:54:00,1,预警,焚烧炉出口氧含量偏高
2025-07-02 21:56:00,1,预警,焚烧炉出口氧含量偏高
2025-07-02 21:58:00,1,预警,焚烧炉出口氧含量偏高
2025-07-02 22:00:00,1,预警,焚烧炉出口氧含量偏高
2025-07-02 22:04:00,1,预警,焚烧炉出口氧含量偏高
2025-07-02 22:06:00,1,预警,焚烧炉出口氧含量偏高
2025-07-02 22:08:00,1,预警,焚烧炉出口氧含量偏高
2025-07-02 22:10:00,1,预警,焚烧炉出口氧含量偏高
2025-07-02 22:12:00,1,预警,焚烧炉出口氧含量偏高
2025-07-02 22:14:00,1,预警,焚烧炉出口氧含量偏高
2025-07-02 22:16:00,1,预警,焚烧炉出口氧含量偏高
2025-07-02 22:18:00,1,预警,焚烧炉出口氧含量偏高
2025-07-02 22:20:00,1,预警,焚烧炉出口氧含量偏高
2025-07-02 22:22:00,1,预警,焚烧炉出口氧含量偏高
2025-07-02 22:24:00,1,预警,焚烧炉出口氧含量偏高
2025-07-02 22:26:00,1,预警,焚烧炉出口氧含量偏高
2025-07-02 22:28:00,1,预警,焚烧炉出口氧含量偏高
2025-07-02 22:30:00,1,预警,焚烧炉出口氧含量偏高
2025-07-02 22:32:00,1,预警,焚烧炉出口氧含量偏高
2025-07-02 22:38:00,1,预警,焚烧炉出口氧含量偏高
2025-07-02 22:40:00,1,预警,焚烧炉出口氧含量偏高
2025-07-02 22:42:00,1,预警,焚烧炉出口氧含量偏高
2025-07-02 22:44:00,1,预警,焚烧炉出口氧含量偏高
2025-07-02 22:48:00,1,预警,焚烧炉出口氧含量偏高
2025-07-02 22:50:00,1,预警,焚烧炉出口氧含量偏高
2025-07-02 22:52:00,1,预警,焚烧炉出口氧含量偏高
2025-07-02 22:54:00,1,预警,焚烧炉出口氧含量偏高
2025-07-02 22:56:00,1,预警,焚烧炉出口氧含量偏高
2025-07-02 22:58:00,1,预警,焚烧炉出口氧含量偏高
2025-07-02 23:08:00,1,预警,焚烧炉出口氧含量偏高
2025-07-02 23:10:00,1,预警,焚烧炉出口氧含量偏高
2025-07-02 23:14:00,1,预警,焚烧炉出口氧含量偏高
2025-07-02 23:18:00,1,预警,焚烧炉出口氧含量偏高
2025-07-02 23:22:00,1,预警,焚烧炉出口氧含量偏高
2025-07-02 23:42:00,1,预警,焚烧炉出口氧含量偏高
2025-07-02 23:44:00,1,预警,焚烧炉出口氧含量偏高
2025-07-02 23:46:00,1,预警,焚烧炉出口氧含量偏高
2025-07-02 23:48:00,1,预警,焚烧炉出口氧含量偏高
2025-07-02 23:50:00,1,预警,焚烧炉出口氧含量偏高
2025-07-02 23:52:00,1,预警,焚烧炉出口氧含量偏高
2025-07-02 23:54:00,1,预警,焚烧炉出口氧含量偏高
2025-07-02 23:56:00,1,预警,焚烧炉出口氧含量偏高
2025-07-02 23:58:00,1,预警,焚烧炉出口氧含量偏高
