﻿时间,炉号,预警/报警类型,预警/报警事件
2025-07-03 00:00:00,1,预警,焚烧炉出口氧含量偏高
2025-07-03 00:04:00,1,预警,焚烧炉出口氧含量偏高
2025-07-03 00:06:00,1,预警,焚烧炉出口氧含量偏高
2025-07-03 00:08:00,1,预警,焚烧炉出口氧含量偏高
2025-07-03 00:24:00,1,预警,焚烧炉出口氧含量偏高
2025-07-03 00:40:00,1,预警,焚烧炉出口氧含量偏高
2025-07-03 00:42:00,1,预警,焚烧炉出口氧含量偏高
2025-07-03 00:44:00,1,预警,焚烧炉出口氧含量偏高
2025-07-03 00:46:00,1,预警,焚烧炉出口氧含量偏高
2025-07-03 00:48:00,1,预警,焚烧炉出口氧含量偏高
2025-07-03 00:50:00,1,预警,焚烧炉出口氧含量偏高
2025-07-03 00:52:00,1,预警,焚烧炉出口氧含量偏高
2025-07-03 00:54:00,1,预警,焚烧炉出口氧含量偏高
2025-07-03 00:56:00,1,预警,焚烧炉出口氧含量偏高
2025-07-03 00:58:00,1,预警,焚烧炉出口氧含量偏高
2025-07-03 01:00:00,1,预警,焚烧炉出口氧含量偏高
2025-07-03 01:02:00,1,预警,焚烧炉出口氧含量偏高
2025-07-03 01:04:00,1,预警,焚烧炉出口氧含量偏高
2025-07-03 01:06:00,1,预警,焚烧炉出口氧含量偏高
2025-07-03 01:08:00,1,预警,焚烧炉出口氧含量偏高
2025-07-03 01:10:00,1,预警,焚烧炉出口氧含量偏高
2025-07-03 01:12:00,1,预警,焚烧炉出口氧含量偏高
2025-07-03 01:14:00,1,预警,焚烧炉出口氧含量偏高
2025-07-03 01:18:00,1,预警,焚烧炉出口氧含量偏高
2025-07-03 01:20:00,1,预警,焚烧炉出口氧含量偏高
2025-07-03 01:22:00,1,预警,焚烧炉出口氧含量偏高
2025-07-03 01:24:00,1,预警,焚烧炉出口氧含量偏高
2025-07-03 01:26:00,1,预警,焚烧炉出口氧含量偏高
2025-07-03 01:28:00,1,预警,焚烧炉出口氧含量偏高
2025-07-03 01:30:00,1,预警,焚烧炉出口氧含量偏高
2025-07-03 01:32:00,1,预警,焚烧炉出口氧含量偏高
2025-07-03 01:34:00,1,预警,焚烧炉出口氧含量偏高
2025-07-03 01:36:00,1,预警,焚烧炉出口氧含量偏高
2025-07-03 01:38:00,1,预警,焚烧炉出口氧含量偏高
2025-07-03 01:40:00,1,预警,焚烧炉出口氧含量偏高
2025-07-03 01:42:00,1,预警,焚烧炉出口氧含量偏高
2025-07-03 01:44:00,1,预警,焚烧炉出口氧含量偏高
2025-07-03 01:46:00,1,预警,焚烧炉出口氧含量偏高
2025-07-03 01:48:00,1,预警,焚烧炉出口氧含量偏高
2025-07-03 01:50:00,1,预警,焚烧炉出口氧含量偏高
2025-07-03 01:52:00,1,预警,焚烧炉出口氧含量偏高
2025-07-03 01:54:00,1,预警,焚烧炉出口氧含量偏高
2025-07-03 01:56:00,1,预警,焚烧炉出口氧含量偏高
2025-07-03 01:58:00,1,预警,焚烧炉出口氧含量偏高
2025-07-03 02:00:00,1,预警,焚烧炉出口氧含量偏高
2025-07-03 02:02:00,1,预警,焚烧炉出口氧含量偏高
2025-07-03 02:04:00,1,预警,焚烧炉出口氧含量偏高
2025-07-03 02:06:00,1,预警,焚烧炉出口氧含量偏高
2025-07-03 02:08:00,1,预警,焚烧炉出口氧含量偏高
2025-07-03 02:10:00,1,预警,焚烧炉出口氧含量偏高
2025-07-03 02:12:00,1,预警,焚烧炉出口氧含量偏高
2025-07-03 02:14:00,1,预警,焚烧炉出口氧含量偏高
2025-07-03 02:16:00,1,预警,焚烧炉出口氧含量偏高
2025-07-03 02:18:00,1,预警,焚烧炉出口氧含量偏高
2025-07-03 02:20:00,1,预警,焚烧炉出口氧含量偏高
2025-07-03 02:22:00,1,预警,焚烧炉出口氧含量偏高
2025-07-03 02:24:00,1,预警,焚烧炉出口氧含量偏高
2025-07-03 02:26:00,1,预警,焚烧炉出口氧含量偏高
2025-07-03 02:28:00,1,预警,焚烧炉出口氧含量偏高
2025-07-03 02:30:00,1,预警,焚烧炉出口氧含量偏高
2025-07-03 02:32:00,1,预警,焚烧炉出口氧含量偏高
2025-07-03 02:34:00,1,预警,焚烧炉出口氧含量偏高
2025-07-03 02:36:00,1,预警,焚烧炉出口氧含量偏高
2025-07-03 02:38:00,1,预警,焚烧炉出口氧含量偏高
2025-07-03 02:40:00,1,预警,焚烧炉出口氧含量偏高
2025-07-03 02:44:00,1,预警,焚烧炉出口氧含量偏高
2025-07-03 02:46:00,1,预警,焚烧炉出口氧含量偏高
2025-07-03 02:48:00,1,预警,焚烧炉出口氧含量偏高
2025-07-03 02:50:00,1,预警,焚烧炉出口氧含量偏高
2025-07-03 02:52:00,1,预警,焚烧炉出口氧含量偏高
2025-07-03 02:54:00,1,预警,焚烧炉出口氧含量偏高
2025-07-03 02:56:00,1,预警,焚烧炉出口氧含量偏高
2025-07-03 02:58:00,1,预警,焚烧炉出口氧含量偏高
2025-07-03 03:00:00,1,预警,焚烧炉出口氧含量偏高
2025-07-03 03:02:00,1,预警,焚烧炉出口氧含量偏高
2025-07-03 03:04:00,1,预警,焚烧炉出口氧含量偏高
2025-07-03 03:06:00,1,预警,焚烧炉出口氧含量偏高
2025-07-03 03:08:00,1,预警,焚烧炉出口氧含量偏高
2025-07-03 03:10:00,1,预警,焚烧炉出口氧含量偏高
2025-07-03 03:22:00,1,预警,焚烧炉出口氧含量偏高
2025-07-03 03:24:00,1,预警,焚烧炉出口氧含量偏高
2025-07-03 03:26:00,1,预警,焚烧炉出口氧含量偏高
2025-07-03 04:04:00,1,预警,焚烧炉出口氧含量偏高
2025-07-03 04:06:00,1,预警,焚烧炉出口氧含量偏高
2025-07-03 04:08:00,1,预警,焚烧炉出口氧含量偏高
2025-07-03 04:10:00,1,预警,焚烧炉出口氧含量偏高
2025-07-03 04:14:00,1,预警,焚烧炉出口氧含量偏高
2025-07-03 04:16:00,1,预警,焚烧炉出口氧含量偏高
2025-07-03 04:18:00,1,预警,焚烧炉出口氧含量偏高
2025-07-03 04:20:00,1,预警,焚烧炉出口氧含量偏高
2025-07-03 04:22:00,1,预警,焚烧炉出口氧含量偏高
2025-07-03 04:24:00,1,预警,焚烧炉出口氧含量偏高
2025-07-03 04:26:00,1,预警,焚烧炉出口氧含量偏高
2025-07-03 04:28:00,1,预警,焚烧炉出口氧含量偏高
2025-07-03 04:30:00,1,预警,焚烧炉出口氧含量偏高
2025-07-03 04:34:00,1,预警,焚烧炉出口氧含量偏高
2025-07-03 04:36:00,1,预警,焚烧炉出口氧含量偏高
2025-07-03 04:38:00,1,预警,焚烧炉出口氧含量偏高
2025-07-03 04:40:00,1,预警,焚烧炉出口氧含量偏高
2025-07-03 04:42:00,1,预警,焚烧炉出口氧含量偏高
2025-07-03 04:46:00,1,预警,焚烧炉出口氧含量偏高
2025-07-03 04:50:00,1,预警,焚烧炉出口氧含量偏高
2025-07-03 04:54:00,1,预警,焚烧炉出口氧含量偏高
2025-07-03 05:34:00,1,预警,焚烧炉出口氧含量偏高
2025-07-03 05:36:00,1,预警,焚烧炉出口氧含量偏高
2025-07-03 05:38:00,1,预警,焚烧炉出口氧含量偏高
2025-07-03 05:40:00,1,预警,焚烧炉出口氧含量偏高
2025-07-03 05:42:00,1,预警,焚烧炉出口氧含量偏高
2025-07-03 05:46:00,1,预警,焚烧炉出口氧含量偏高
2025-07-03 05:48:00,1,预警,焚烧炉出口氧含量偏高
2025-07-03 05:50:00,1,预警,焚烧炉出口氧含量偏高
2025-07-03 05:52:00,1,预警,焚烧炉出口氧含量偏高
2025-07-03 05:54:00,1,预警,焚烧炉出口氧含量偏高
2025-07-03 05:56:00,1,预警,焚烧炉出口氧含量偏高
2025-07-03 05:58:00,1,预警,焚烧炉出口氧含量偏高
2025-07-03 06:00:00,1,预警,焚烧炉出口氧含量偏高
2025-07-03 06:02:00,1,预警,焚烧炉出口氧含量偏高
2025-07-03 06:04:00,1,预警,焚烧炉出口氧含量偏高
2025-07-03 06:06:00,1,预警,焚烧炉出口氧含量偏高
2025-07-03 06:08:00,1,预警,焚烧炉出口氧含量偏高
2025-07-03 06:10:00,1,预警,焚烧炉出口氧含量偏高
2025-07-03 06:18:00,1,预警,焚烧炉出口氧含量偏高
2025-07-03 06:20:00,1,预警,焚烧炉出口氧含量偏高
2025-07-03 06:22:00,1,预警,焚烧炉出口氧含量偏高
2025-07-03 06:24:00,1,预警,焚烧炉出口氧含量偏高
2025-07-03 06:26:00,1,预警,焚烧炉出口氧含量偏高
2025-07-03 06:28:00,1,预警,焚烧炉出口氧含量偏高
2025-07-03 06:30:00,1,预警,焚烧炉出口氧含量偏高
2025-07-03 06:32:00,1,预警,焚烧炉出口氧含量偏高
2025-07-03 06:34:00,1,预警,焚烧炉出口氧含量偏高
2025-07-03 06:36:00,1,预警,焚烧炉出口氧含量偏高
2025-07-03 06:38:00,1,预警,焚烧炉出口氧含量偏高
2025-07-03 06:40:00,1,预警,焚烧炉出口氧含量偏高
2025-07-03 06:42:00,1,预警,焚烧炉出口氧含量偏高
2025-07-03 06:44:00,1,预警,焚烧炉出口氧含量偏高
2025-07-03 06:46:00,1,预警,焚烧炉出口氧含量偏高
2025-07-03 06:48:00,1,预警,焚烧炉出口氧含量偏高
2025-07-03 06:50:00,1,预警,焚烧炉出口氧含量偏高
2025-07-03 06:52:00,1,预警,焚烧炉出口氧含量偏高
2025-07-03 06:54:00,1,预警,焚烧炉出口氧含量偏高
2025-07-03 06:56:00,1,预警,焚烧炉出口氧含量偏高
2025-07-03 06:58:00,1,预警,焚烧炉出口氧含量偏高
2025-07-03 07:00:00,1,预警,焚烧炉出口氧含量偏高
2025-07-03 07:02:00,1,预警,焚烧炉出口氧含量偏高
2025-07-03 07:04:00,1,预警,焚烧炉出口氧含量偏高
2025-07-03 07:06:00,1,预警,焚烧炉出口氧含量偏高
2025-07-03 07:08:00,1,预警,焚烧炉出口氧含量偏高
2025-07-03 07:10:00,1,预警,焚烧炉出口氧含量偏高
2025-07-03 07:12:00,1,预警,焚烧炉出口氧含量偏高
2025-07-03 07:14:00,1,预警,焚烧炉出口氧含量偏高
2025-07-03 07:16:00,1,预警,焚烧炉出口氧含量偏高
2025-07-03 07:18:00,1,预警,焚烧炉出口氧含量偏高
2025-07-03 07:20:00,1,预警,焚烧炉出口氧含量偏高
2025-07-03 07:22:00,1,预警,焚烧炉出口氧含量偏高
2025-07-03 07:24:00,1,预警,焚烧炉出口氧含量偏高
2025-07-03 07:26:00,1,预警,焚烧炉出口氧含量偏高
2025-07-03 07:28:00,1,预警,焚烧炉出口氧含量偏高
2025-07-03 07:30:00,1,预警,焚烧炉出口氧含量偏高
2025-07-03 07:32:00,1,预警,焚烧炉出口氧含量偏高
2025-07-03 07:34:00,1,预警,焚烧炉出口氧含量偏高
2025-07-03 07:36:00,1,预警,焚烧炉出口氧含量偏高
2025-07-03 07:38:00,1,预警,焚烧炉出口氧含量偏高
2025-07-03 07:40:00,1,预警,焚烧炉出口氧含量偏高
2025-07-03 07:42:00,1,预警,焚烧炉出口氧含量偏高
2025-07-03 07:44:00,1,预警,焚烧炉出口氧含量偏高
2025-07-03 07:46:00,1,预警,焚烧炉出口氧含量偏高
2025-07-03 07:48:00,1,预警,焚烧炉出口氧含量偏高
2025-07-03 07:50:00,1,预警,焚烧炉出口氧含量偏高
2025-07-03 07:52:00,1,预警,焚烧炉出口氧含量偏高
2025-07-03 07:54:00,1,预警,焚烧炉出口氧含量偏高
2025-07-03 07:56:00,1,预警,焚烧炉出口氧含量偏高
2025-07-03 07:58:00,1,预警,焚烧炉出口氧含量偏高
2025-07-03 08:00:00,1,预警,焚烧炉出口氧含量偏高
2025-07-03 08:02:00,1,预警,焚烧炉出口氧含量偏高
2025-07-03 08:08:00,1,预警,焚烧炉出口氧含量偏高
2025-07-03 08:10:00,1,预警,焚烧炉出口氧含量偏高
2025-07-03 08:12:00,1,预警,焚烧炉出口氧含量偏高
2025-07-03 08:14:00,1,预警,焚烧炉出口氧含量偏高
2025-07-03 08:16:00,1,预警,焚烧炉出口氧含量偏高
2025-07-03 08:18:00,1,预警,焚烧炉出口氧含量偏高
2025-07-03 08:20:00,1,预警,焚烧炉出口氧含量偏高
2025-07-03 08:22:00,1,预警,焚烧炉出口氧含量偏高
2025-07-03 08:24:00,1,预警,焚烧炉出口氧含量偏高
2025-07-03 08:26:00,1,预警,焚烧炉出口氧含量偏高
2025-07-03 08:28:00,1,预警,焚烧炉出口氧含量偏高
2025-07-03 08:30:00,1,预警,焚烧炉出口氧含量偏高
2025-07-03 08:32:00,1,预警,焚烧炉出口氧含量偏高
2025-07-03 08:34:00,1,预警,焚烧炉出口氧含量偏高
2025-07-03 08:36:00,1,预警,焚烧炉出口氧含量偏高
2025-07-03 08:38:00,1,预警,焚烧炉出口氧含量偏高
2025-07-03 08:40:00,1,预警,焚烧炉出口氧含量偏高
2025-07-03 08:42:00,1,预警,焚烧炉出口氧含量偏高
2025-07-03 08:44:00,1,预警,焚烧炉出口氧含量偏高
2025-07-03 08:46:00,1,预警,焚烧炉出口氧含量偏高
2025-07-03 08:48:00,1,预警,焚烧炉出口氧含量偏高
2025-07-03 08:50:00,1,预警,焚烧炉出口氧含量偏高
2025-07-03 08:52:00,1,预警,焚烧炉出口氧含量偏高
2025-07-03 08:54:00,1,预警,焚烧炉出口氧含量偏高
2025-07-03 08:56:00,1,预警,焚烧炉出口氧含量偏高
2025-07-03 08:58:00,1,预警,焚烧炉出口氧含量偏高
2025-07-03 09:00:00,1,预警,焚烧炉出口氧含量偏高
2025-07-03 09:02:00,1,预警,焚烧炉出口氧含量偏高
2025-07-03 09:04:00,1,预警,焚烧炉出口氧含量偏高
2025-07-03 09:12:00,1,预警,焚烧炉出口氧含量偏高
2025-07-03 09:28:00,1,预警,焚烧炉出口氧含量偏高
2025-07-03 09:30:00,1,预警,焚烧炉出口氧含量偏高
2025-07-03 09:32:00,1,预警,焚烧炉出口氧含量偏高
2025-07-03 09:56:00,1,预警,焚烧炉出口氧含量偏高
2025-07-03 10:00:00,1,预警,焚烧炉出口氧含量偏高
2025-07-03 10:28:00,1,预警,焚烧炉出口氧含量偏高
2025-07-03 10:44:00,1,预警,焚烧炉出口氧含量偏高
2025-07-03 10:48:00,1,预警,焚烧炉出口氧含量偏高
2025-07-03 11:40:00,1,预警,焚烧炉出口氧含量偏高
2025-07-03 11:42:00,1,预警,焚烧炉出口氧含量偏高
2025-07-03 11:44:00,1,预警,焚烧炉出口氧含量偏高
2025-07-03 11:48:00,1,预警,焚烧炉出口氧含量偏高
2025-07-03 11:50:00,1,预警,焚烧炉出口氧含量偏高
2025-07-03 11:52:00,1,预警,焚烧炉出口氧含量偏高
2025-07-03 11:54:00,1,预警,焚烧炉出口氧含量偏高
2025-07-03 11:56:00,1,预警,焚烧炉出口氧含量偏高
2025-07-03 11:58:00,1,预警,焚烧炉出口氧含量偏高
2025-07-03 12:02:00,1,预警,焚烧炉出口氧含量偏高
2025-07-03 12:04:00,1,预警,焚烧炉出口氧含量偏高
2025-07-03 12:06:00,1,预警,焚烧炉出口氧含量偏高
2025-07-03 12:08:00,1,预警,焚烧炉出口氧含量偏高
2025-07-03 12:10:00,1,预警,焚烧炉出口氧含量偏高
2025-07-03 12:12:00,1,预警,焚烧炉出口氧含量偏高
2025-07-03 12:16:00,1,预警,焚烧炉出口氧含量偏高
2025-07-03 12:18:00,1,预警,焚烧炉出口氧含量偏高
2025-07-03 12:22:00,1,预警,焚烧炉出口氧含量偏高
2025-07-03 12:24:00,1,预警,焚烧炉出口氧含量偏高
2025-07-03 12:26:00,1,预警,焚烧炉出口氧含量偏高
2025-07-03 12:28:00,1,预警,焚烧炉出口氧含量偏高
2025-07-03 12:30:00,1,预警,焚烧炉出口氧含量偏高
2025-07-03 12:32:00,1,预警,焚烧炉出口氧含量偏高
2025-07-03 12:34:00,1,预警,焚烧炉出口氧含量偏高
2025-07-03 12:36:00,1,预警,焚烧炉出口氧含量偏高
2025-07-03 12:38:00,1,预警,焚烧炉出口氧含量偏高
2025-07-03 12:40:00,1,预警,焚烧炉出口氧含量偏高
2025-07-03 12:42:00,1,预警,焚烧炉出口氧含量偏高
2025-07-03 12:44:00,1,预警,焚烧炉出口氧含量偏高
2025-07-03 12:48:00,1,预警,焚烧炉出口氧含量偏高
2025-07-03 12:50:00,1,预警,焚烧炉出口氧含量偏高
2025-07-03 12:52:00,1,预警,焚烧炉出口氧含量偏低
2025-07-03 12:54:00,1,预警,焚烧炉出口氧含量偏低
2025-07-03 12:56:00,1,预警,焚烧炉出口氧含量偏低
2025-07-03 12:58:00,1,预警,焚烧炉出口氧含量偏低
2025-07-03 13:00:00,1,预警,焚烧炉出口氧含量偏低
2025-07-03 13:02:00,1,预警,焚烧炉出口氧含量偏低
2025-07-03 13:04:00,1,预警,焚烧炉出口氧含量偏低
2025-07-03 13:06:00,1,预警,焚烧炉出口氧含量偏低
2025-07-03 13:08:00,1,预警,焚烧炉出口氧含量偏低
2025-07-03 13:10:00,1,预警,焚烧炉出口氧含量偏低
2025-07-03 13:12:00,1,预警,焚烧炉出口氧含量偏低
2025-07-03 13:14:00,1,预警,焚烧炉出口氧含量偏低
2025-07-03 13:16:00,1,预警,焚烧炉出口氧含量偏低
2025-07-03 13:18:00,1,预警,焚烧炉出口氧含量偏低
2025-07-03 13:20:00,1,预警,焚烧炉出口氧含量偏低
2025-07-03 13:22:00,1,预警,焚烧炉出口氧含量偏低
2025-07-03 13:24:00,1,预警,焚烧炉出口氧含量偏低
2025-07-03 13:26:00,1,预警,焚烧炉出口氧含量偏低
2025-07-03 13:28:00,1,预警,焚烧炉出口氧含量偏高
2025-07-03 13:30:00,1,预警,焚烧炉出口氧含量偏高
2025-07-03 13:32:00,1,预警,焚烧炉出口氧含量偏高
2025-07-03 13:34:00,1,预警,焚烧炉出口氧含量偏高
2025-07-03 13:36:00,1,预警,焚烧炉出口氧含量偏低
2025-07-03 13:38:00,1,预警,焚烧炉出口氧含量偏低
2025-07-03 13:40:00,1,预警,焚烧炉出口氧含量偏低
2025-07-03 13:42:00,1,预警,焚烧炉出口氧含量偏低
2025-07-03 13:44:00,1,预警,焚烧炉出口氧含量偏低
2025-07-03 13:46:00,1,预警,焚烧炉出口氧含量偏高
2025-07-03 13:48:00,1,预警,焚烧炉出口氧含量偏高
2025-07-03 14:14:00,1,预警,焚烧炉出口氧含量偏高
2025-07-03 14:36:00,1,预警,焚烧炉出口氧含量偏高
2025-07-03 14:46:00,1,预警,焚烧炉出口氧含量偏高
2025-07-03 14:50:00,1,预警,焚烧炉出口氧含量偏高
2025-07-03 14:52:00,1,预警,焚烧炉出口氧含量偏高
2025-07-03 15:02:00,1,预警,焚烧炉出口氧含量偏高
2025-07-03 15:28:00,1,预警,焚烧炉出口氧含量偏高
2025-07-03 15:30:00,1,预警,焚烧炉出口氧含量偏高
2025-07-03 15:32:00,1,预警,焚烧炉出口氧含量偏高
2025-07-03 15:56:00,1,预警,焚烧炉出口氧含量偏高
2025-07-03 15:58:00,1,预警,焚烧炉出口氧含量偏高
2025-07-03 16:02:00,1,预警,焚烧炉出口氧含量偏高
2025-07-03 16:08:00,1,预警,焚烧炉出口氧含量偏高
2025-07-03 16:10:00,1,预警,焚烧炉出口氧含量偏高
2025-07-03 16:12:00,1,预警,焚烧炉出口氧含量偏高
2025-07-03 16:14:00,1,预警,焚烧炉出口氧含量偏高
2025-07-03 16:16:00,1,预警,焚烧炉出口氧含量偏高
2025-07-03 16:18:00,1,预警,焚烧炉出口氧含量偏高
2025-07-03 16:20:00,1,预警,焚烧炉出口氧含量偏高
2025-07-03 16:22:00,1,预警,焚烧炉出口氧含量偏高
2025-07-03 16:24:00,1,预警,焚烧炉出口氧含量偏高
2025-07-03 16:26:00,1,预警,焚烧炉出口氧含量偏高
2025-07-03 16:28:00,1,预警,焚烧炉出口氧含量偏高
2025-07-03 16:30:00,1,预警,焚烧炉出口氧含量偏高
2025-07-03 16:32:00,1,预警,焚烧炉出口氧含量偏高
2025-07-03 16:34:01,1,预警,焚烧炉出口氧含量偏高
2025-07-03 16:36:00,1,预警,焚烧炉出口氧含量偏高
2025-07-03 16:38:00,1,预警,焚烧炉出口氧含量偏高
2025-07-03 16:40:00,1,预警,焚烧炉出口氧含量偏高
2025-07-03 16:42:00,1,预警,焚烧炉出口氧含量偏高
2025-07-03 16:44:00,1,预警,焚烧炉出口氧含量偏高
2025-07-03 16:46:00,1,预警,焚烧炉出口氧含量偏高
2025-07-03 16:48:00,1,预警,焚烧炉出口氧含量偏高
2025-07-03 16:50:00,1,预警,焚烧炉出口氧含量偏高
2025-07-03 16:52:00,1,预警,焚烧炉出口氧含量偏高
2025-07-03 16:54:00,1,预警,焚烧炉出口氧含量偏高
2025-07-03 16:56:00,1,预警,焚烧炉出口氧含量偏高
2025-07-03 16:58:00,1,预警,焚烧炉出口氧含量偏高
2025-07-03 17:00:00,1,预警,焚烧炉出口氧含量偏高
2025-07-03 17:02:00,1,预警,焚烧炉出口氧含量偏高
2025-07-03 17:04:00,1,预警,焚烧炉出口氧含量偏高
2025-07-03 17:06:00,1,预警,焚烧炉出口氧含量偏高
2025-07-03 17:08:00,1,预警,焚烧炉出口氧含量偏高
2025-07-03 17:10:00,1,预警,焚烧炉出口氧含量偏高
2025-07-03 17:12:00,1,预警,焚烧炉出口氧含量偏高
2025-07-03 17:14:00,1,预警,焚烧炉出口氧含量偏高
2025-07-03 17:16:00,1,预警,焚烧炉出口氧含量偏高
2025-07-03 17:18:00,1,预警,焚烧炉出口氧含量偏高
2025-07-03 17:20:00,1,预警,焚烧炉出口氧含量偏高
2025-07-03 17:22:00,1,预警,焚烧炉出口氧含量偏高
2025-07-03 17:24:00,1,预警,焚烧炉出口氧含量偏高
2025-07-03 17:26:00,1,预警,焚烧炉出口氧含量偏高
2025-07-03 17:28:00,1,预警,焚烧炉出口氧含量偏高
2025-07-03 17:30:00,1,预警,焚烧炉出口氧含量偏高
2025-07-03 17:32:00,1,预警,焚烧炉出口氧含量偏高
2025-07-03 17:34:00,1,预警,焚烧炉出口氧含量偏高
2025-07-03 17:36:00,1,预警,焚烧炉出口氧含量偏高
2025-07-03 17:50:00,1,预警,焚烧炉出口氧含量偏高
2025-07-03 17:52:00,1,预警,焚烧炉出口氧含量偏高
2025-07-03 18:00:00,1,预警,焚烧炉出口氧含量偏高
2025-07-03 18:02:00,1,预警,焚烧炉出口氧含量偏高
2025-07-03 18:04:00,1,预警,焚烧炉出口氧含量偏高
2025-07-03 18:06:00,1,预警,焚烧炉出口氧含量偏高
2025-07-03 18:08:00,1,预警,焚烧炉出口氧含量偏高
2025-07-03 18:10:00,1,预警,焚烧炉出口氧含量偏高
2025-07-03 18:12:00,1,预警,焚烧炉出口氧含量偏高
2025-07-03 18:14:00,1,预警,焚烧炉出口氧含量偏高
2025-07-03 18:16:00,1,预警,焚烧炉出口氧含量偏高
2025-07-03 18:18:00,1,预警,焚烧炉出口氧含量偏高
2025-07-03 18:20:00,1,预警,焚烧炉出口氧含量偏高
2025-07-03 18:22:00,1,预警,焚烧炉出口氧含量偏高
2025-07-03 18:24:00,1,预警,焚烧炉出口氧含量偏高
2025-07-03 18:26:00,1,预警,焚烧炉出口氧含量偏高
2025-07-03 18:28:00,1,预警,焚烧炉出口氧含量偏高
2025-07-03 18:30:00,1,预警,焚烧炉出口氧含量偏高
2025-07-03 18:32:00,1,预警,焚烧炉出口氧含量偏高
2025-07-03 18:34:00,1,预警,焚烧炉出口氧含量偏高
2025-07-03 18:36:00,1,预警,焚烧炉出口氧含量偏高
2025-07-03 18:38:00,1,预警,焚烧炉出口氧含量偏高
2025-07-03 18:40:00,1,预警,焚烧炉出口氧含量偏高
2025-07-03 18:42:00,1,预警,焚烧炉出口氧含量偏高
2025-07-03 18:44:00,1,预警,焚烧炉出口氧含量偏高
2025-07-03 18:46:00,1,预警,焚烧炉出口氧含量偏高
2025-07-03 18:48:00,1,预警,焚烧炉出口氧含量偏高
2025-07-03 18:50:00,1,预警,焚烧炉出口氧含量偏高
2025-07-03 18:52:00,1,预警,焚烧炉出口氧含量偏高
2025-07-03 18:54:00,1,预警,焚烧炉出口氧含量偏高
2025-07-03 18:56:00,1,预警,焚烧炉出口氧含量偏高
2025-07-03 18:58:00,1,预警,焚烧炉出口氧含量偏高
2025-07-03 19:00:00,1,预警,焚烧炉出口氧含量偏高
2025-07-03 19:02:00,1,预警,焚烧炉出口氧含量偏高
2025-07-03 19:20:00,1,预警,焚烧炉出口氧含量偏高
2025-07-03 19:24:00,1,预警,焚烧炉出口氧含量偏高
2025-07-03 19:28:00,1,预警,焚烧炉出口氧含量偏高
2025-07-03 19:30:00,1,预警,焚烧炉出口氧含量偏高
2025-07-03 19:52:00,1,预警,焚烧炉出口氧含量偏高
2025-07-03 19:54:00,1,预警,焚烧炉出口氧含量偏高
2025-07-03 19:56:00,1,预警,焚烧炉出口氧含量偏高
2025-07-03 20:14:00,1,预警,焚烧炉出口氧含量偏高
2025-07-03 20:16:00,1,预警,焚烧炉出口氧含量偏高
2025-07-03 20:30:00,1,预警,焚烧炉出口氧含量偏高
2025-07-03 20:34:00,1,预警,焚烧炉出口氧含量偏高
2025-07-03 21:00:00,1,预警,焚烧炉出口氧含量偏高
2025-07-03 21:06:00,1,预警,焚烧炉出口氧含量偏高
2025-07-03 21:08:00,1,预警,焚烧炉出口氧含量偏高
2025-07-03 21:10:00,1,预警,焚烧炉出口氧含量偏高
2025-07-03 21:16:00,1,预警,焚烧炉出口氧含量偏高
2025-07-03 21:18:00,1,预警,焚烧炉出口氧含量偏高
2025-07-03 21:20:00,1,预警,焚烧炉出口氧含量偏高
2025-07-03 21:22:00,1,预警,焚烧炉出口氧含量偏高
2025-07-03 21:24:00,1,预警,焚烧炉出口氧含量偏高
2025-07-03 21:26:00,1,预警,焚烧炉出口氧含量偏高
2025-07-03 21:30:00,1,预警,焚烧炉出口氧含量偏高
2025-07-03 21:38:00,1,预警,焚烧炉出口氧含量偏高
2025-07-03 21:40:00,1,预警,焚烧炉出口氧含量偏高
2025-07-03 21:42:00,1,预警,焚烧炉出口氧含量偏高
2025-07-03 21:44:00,1,预警,焚烧炉出口氧含量偏高
2025-07-03 21:46:00,1,预警,焚烧炉出口氧含量偏高
2025-07-03 21:48:00,1,预警,焚烧炉出口氧含量偏高
2025-07-03 21:50:00,1,预警,焚烧炉出口氧含量偏高
2025-07-03 21:52:00,1,预警,焚烧炉出口氧含量偏高
2025-07-03 21:54:00,1,预警,焚烧炉出口氧含量偏高
2025-07-03 21:56:00,1,预警,焚烧炉出口氧含量偏高
2025-07-03 21:58:00,1,预警,焚烧炉出口氧含量偏高
2025-07-03 22:00:00,1,预警,焚烧炉出口氧含量偏高
2025-07-03 22:02:00,1,预警,焚烧炉出口氧含量偏高
2025-07-03 22:06:00,1,预警,焚烧炉出口氧含量偏高
2025-07-03 22:10:00,1,预警,焚烧炉出口氧含量偏高
2025-07-03 22:12:00,1,预警,焚烧炉出口氧含量偏高
2025-07-03 22:14:00,1,预警,焚烧炉出口氧含量偏高
2025-07-03 22:16:00,1,预警,焚烧炉出口氧含量偏高
2025-07-03 22:18:00,1,预警,焚烧炉出口氧含量偏高
2025-07-03 22:22:00,1,预警,焚烧炉出口氧含量偏高
2025-07-03 22:24:00,1,预警,焚烧炉出口氧含量偏高
2025-07-03 22:26:00,1,预警,焚烧炉出口氧含量偏高
2025-07-03 22:28:00,1,预警,焚烧炉出口氧含量偏高
2025-07-03 22:30:00,1,预警,焚烧炉出口氧含量偏高
2025-07-03 22:32:00,1,预警,焚烧炉出口氧含量偏高
2025-07-03 22:34:00,1,预警,焚烧炉出口氧含量偏高
2025-07-03 22:36:00,1,预警,焚烧炉出口氧含量偏高
2025-07-03 22:38:00,1,预警,焚烧炉出口氧含量偏高
2025-07-03 22:40:00,1,预警,焚烧炉出口氧含量偏高
2025-07-03 22:42:00,1,预警,焚烧炉出口氧含量偏高
2025-07-03 22:44:00,1,预警,焚烧炉出口氧含量偏高
2025-07-03 22:46:00,1,预警,焚烧炉出口氧含量偏高
2025-07-03 22:48:00,1,预警,焚烧炉出口氧含量偏高
2025-07-03 22:50:00,1,预警,焚烧炉出口氧含量偏高
2025-07-03 22:52:00,1,预警,焚烧炉出口氧含量偏高
2025-07-03 22:54:00,1,预警,焚烧炉出口氧含量偏高
2025-07-03 22:56:00,1,预警,焚烧炉出口氧含量偏高
2025-07-03 22:58:00,1,预警,焚烧炉出口氧含量偏高
2025-07-03 23:00:00,1,预警,焚烧炉出口氧含量偏高
2025-07-03 23:02:00,1,预警,焚烧炉出口氧含量偏高
2025-07-03 23:04:00,1,预警,焚烧炉出口氧含量偏高
2025-07-03 23:06:00,1,预警,焚烧炉出口氧含量偏高
2025-07-03 23:08:00,1,预警,焚烧炉出口氧含量偏高
2025-07-03 23:10:00,1,预警,焚烧炉出口氧含量偏高
2025-07-03 23:12:00,1,预警,焚烧炉出口氧含量偏高
2025-07-03 23:14:00,1,预警,焚烧炉出口氧含量偏高
2025-07-03 23:18:00,1,预警,焚烧炉出口氧含量偏高
2025-07-03 23:20:00,1,预警,焚烧炉出口氧含量偏高
2025-07-03 23:22:00,1,预警,焚烧炉出口氧含量偏高
2025-07-03 23:24:00,1,预警,焚烧炉出口氧含量偏高
2025-07-03 23:26:00,1,预警,焚烧炉出口氧含量偏高
2025-07-03 23:28:00,1,预警,焚烧炉出口氧含量偏高
2025-07-03 23:32:00,1,预警,焚烧炉出口氧含量偏高
2025-07-03 23:34:00,1,预警,焚烧炉出口氧含量偏高
2025-07-03 23:36:00,1,预警,焚烧炉出口氧含量偏高
2025-07-03 23:38:00,1,预警,焚烧炉出口氧含量偏高
2025-07-03 23:40:00,1,预警,焚烧炉出口氧含量偏高
2025-07-03 23:44:00,1,预警,焚烧炉出口氧含量偏高
2025-07-03 23:46:00,1,预警,焚烧炉出口氧含量偏高
2025-07-03 23:48:00,1,预警,焚烧炉出口氧含量偏高
2025-07-03 23:50:00,1,预警,焚烧炉出口氧含量偏高
2025-07-03 23:52:00,1,预警,焚烧炉出口氧含量偏高
2025-07-03 23:54:00,1,预警,焚烧炉出口氧含量偏高
2025-07-03 23:56:00,1,预警,焚烧炉出口氧含量偏高
2025-07-03 23:58:00,1,预警,焚烧炉出口氧含量偏高
