﻿时间,炉号,预警/报警类型,预警/报警事件
2025-07-04 00:00:00,1,预警,焚烧炉出口氧含量偏高
2025-07-04 00:02:00,1,预警,焚烧炉出口氧含量偏高
2025-07-04 00:04:00,1,预警,焚烧炉出口氧含量偏高
2025-07-04 00:06:00,1,预警,焚烧炉出口氧含量偏高
2025-07-04 00:08:00,1,预警,焚烧炉出口氧含量偏高
2025-07-04 00:10:00,1,预警,焚烧炉出口氧含量偏高
2025-07-04 00:12:00,1,预警,焚烧炉出口氧含量偏高
2025-07-04 00:14:00,1,预警,焚烧炉出口氧含量偏高
2025-07-04 00:16:00,1,预警,焚烧炉出口氧含量偏高
2025-07-04 00:18:00,1,预警,焚烧炉出口氧含量偏高
2025-07-04 00:20:00,1,预警,焚烧炉出口氧含量偏高
2025-07-04 00:22:00,1,预警,焚烧炉出口氧含量偏高
2025-07-04 00:24:00,1,预警,焚烧炉出口氧含量偏高
2025-07-04 00:26:00,1,预警,焚烧炉出口氧含量偏高
2025-07-04 00:28:00,1,预警,焚烧炉出口氧含量偏高
2025-07-04 00:30:00,1,预警,焚烧炉出口氧含量偏高
2025-07-04 00:32:00,1,预警,焚烧炉出口氧含量偏高
2025-07-04 00:34:00,1,预警,焚烧炉出口氧含量偏高
2025-07-04 00:36:00,1,预警,焚烧炉出口氧含量偏高
2025-07-04 00:38:00,1,预警,焚烧炉出口氧含量偏高
2025-07-04 00:40:00,1,预警,焚烧炉出口氧含量偏高
2025-07-04 00:42:00,1,预警,焚烧炉出口氧含量偏高
2025-07-04 00:44:00,1,预警,焚烧炉出口氧含量偏高
2025-07-04 00:46:00,1,预警,焚烧炉出口氧含量偏高
2025-07-04 00:48:00,1,预警,焚烧炉出口氧含量偏高
2025-07-04 00:50:00,1,预警,焚烧炉出口氧含量偏高
2025-07-04 00:52:00,1,预警,焚烧炉出口氧含量偏高
2025-07-04 00:54:00,1,预警,焚烧炉出口氧含量偏高
2025-07-04 00:56:00,1,预警,焚烧炉出口氧含量偏高
2025-07-04 00:58:00,1,预警,焚烧炉出口氧含量偏高
2025-07-04 01:00:00,1,预警,焚烧炉出口氧含量偏高
2025-07-04 01:02:00,1,预警,焚烧炉出口氧含量偏高
2025-07-04 01:04:00,1,预警,焚烧炉出口氧含量偏高
2025-07-04 01:06:00,1,预警,焚烧炉出口氧含量偏高
2025-07-04 01:08:00,1,预警,焚烧炉出口氧含量偏高
2025-07-04 01:10:00,1,预警,焚烧炉出口氧含量偏高
2025-07-04 01:12:00,1,预警,焚烧炉出口氧含量偏高
2025-07-04 01:14:00,1,预警,焚烧炉出口氧含量偏高
2025-07-04 01:16:00,1,预警,焚烧炉出口氧含量偏高
2025-07-04 01:18:00,1,预警,焚烧炉出口氧含量偏高
2025-07-04 01:20:00,1,预警,焚烧炉出口氧含量偏高
2025-07-04 01:22:00,1,预警,焚烧炉出口氧含量偏高
2025-07-04 01:24:00,1,预警,焚烧炉出口氧含量偏高
2025-07-04 01:26:00,1,预警,焚烧炉出口氧含量偏高
2025-07-04 01:28:00,1,预警,焚烧炉出口氧含量偏高
2025-07-04 01:30:00,1,预警,焚烧炉出口氧含量偏高
2025-07-04 01:32:00,1,预警,焚烧炉出口氧含量偏高
2025-07-04 01:34:00,1,预警,焚烧炉出口氧含量偏高
2025-07-04 01:36:00,1,预警,焚烧炉出口氧含量偏高
2025-07-04 01:38:00,1,预警,焚烧炉出口氧含量偏高
2025-07-04 01:40:00,1,预警,焚烧炉出口氧含量偏高
2025-07-04 01:42:00,1,预警,焚烧炉出口氧含量偏高
2025-07-04 01:44:00,1,预警,焚烧炉出口氧含量偏高
2025-07-04 01:46:00,1,预警,焚烧炉出口氧含量偏高
2025-07-04 01:48:00,1,预警,焚烧炉出口氧含量偏高
2025-07-04 01:50:00,1,预警,焚烧炉出口氧含量偏高
2025-07-04 01:52:00,1,预警,焚烧炉出口氧含量偏高
2025-07-04 01:54:00,1,预警,焚烧炉出口氧含量偏高
2025-07-04 01:56:00,1,预警,焚烧炉出口氧含量偏高
2025-07-04 01:58:00,1,预警,焚烧炉出口氧含量偏高
2025-07-04 02:00:00,1,预警,焚烧炉出口氧含量偏高
2025-07-04 02:02:00,1,预警,焚烧炉出口氧含量偏高
2025-07-04 02:04:00,1,预警,焚烧炉出口氧含量偏高
2025-07-04 02:06:00,1,预警,焚烧炉出口氧含量偏高
2025-07-04 02:08:00,1,预警,焚烧炉出口氧含量偏高
2025-07-04 02:10:00,1,预警,焚烧炉出口氧含量偏高
2025-07-04 02:12:00,1,预警,焚烧炉出口氧含量偏高
2025-07-04 02:14:00,1,预警,焚烧炉出口氧含量偏高
2025-07-04 02:16:00,1,预警,焚烧炉出口氧含量偏高
2025-07-04 02:18:00,1,预警,焚烧炉出口氧含量偏高
2025-07-04 02:20:00,1,预警,焚烧炉出口氧含量偏高
2025-07-04 02:22:00,1,预警,焚烧炉出口氧含量偏高
2025-07-04 02:24:00,1,预警,焚烧炉出口氧含量偏高
2025-07-04 02:26:00,1,预警,焚烧炉出口氧含量偏高
2025-07-04 02:28:00,1,预警,焚烧炉出口氧含量偏高
2025-07-04 02:30:00,1,预警,焚烧炉出口氧含量偏高
2025-07-04 02:32:00,1,预警,焚烧炉出口氧含量偏高
2025-07-04 02:34:00,1,预警,焚烧炉出口氧含量偏高
2025-07-04 02:36:00,1,预警,焚烧炉出口氧含量偏高
2025-07-04 02:38:00,1,预警,焚烧炉出口氧含量偏高
2025-07-04 02:40:00,1,预警,焚烧炉出口氧含量偏高
2025-07-04 02:42:00,1,预警,焚烧炉出口氧含量偏高
2025-07-04 02:44:00,1,预警,焚烧炉出口氧含量偏高
2025-07-04 02:46:00,1,预警,焚烧炉出口氧含量偏高
2025-07-04 02:48:00,1,预警,焚烧炉出口氧含量偏高
2025-07-04 02:50:00,1,预警,焚烧炉出口氧含量偏高
2025-07-04 02:52:00,1,预警,焚烧炉出口氧含量偏高
2025-07-04 02:54:00,1,预警,焚烧炉出口氧含量偏高
2025-07-04 02:56:00,1,预警,焚烧炉出口氧含量偏高
2025-07-04 02:58:00,1,预警,焚烧炉出口氧含量偏高
2025-07-04 03:00:00,1,预警,焚烧炉出口氧含量偏高
2025-07-04 03:02:00,1,预警,焚烧炉出口氧含量偏高
2025-07-04 03:04:00,1,预警,焚烧炉出口氧含量偏高
2025-07-04 03:06:00,1,预警,焚烧炉出口氧含量偏高
2025-07-04 03:08:00,1,预警,焚烧炉出口氧含量偏高
2025-07-04 03:10:00,1,预警,焚烧炉出口氧含量偏高
2025-07-04 03:12:00,1,预警,焚烧炉出口氧含量偏高
2025-07-04 03:14:00,1,预警,焚烧炉出口氧含量偏高
2025-07-04 03:16:00,1,预警,焚烧炉出口氧含量偏高
2025-07-04 03:18:00,1,预警,焚烧炉出口氧含量偏高
2025-07-04 03:20:00,1,预警,焚烧炉出口氧含量偏高
2025-07-04 03:22:00,1,预警,焚烧炉出口氧含量偏高
2025-07-04 03:24:00,1,预警,焚烧炉出口氧含量偏高
2025-07-04 03:26:00,1,预警,焚烧炉出口氧含量偏高
2025-07-04 03:30:00,1,预警,焚烧炉出口氧含量偏高
2025-07-04 03:38:00,1,预警,焚烧炉出口氧含量偏高
2025-07-04 03:46:00,1,预警,焚烧炉出口氧含量偏高
2025-07-04 03:48:00,1,预警,焚烧炉出口氧含量偏高
2025-07-04 03:50:00,1,预警,焚烧炉出口氧含量偏高
2025-07-04 03:52:00,1,预警,焚烧炉出口氧含量偏高
2025-07-04 03:54:00,1,预警,焚烧炉出口氧含量偏高
2025-07-04 03:56:00,1,预警,焚烧炉出口氧含量偏高
2025-07-04 03:58:00,1,预警,焚烧炉出口氧含量偏高
2025-07-04 04:00:00,1,预警,焚烧炉出口氧含量偏高
2025-07-04 04:02:00,1,预警,焚烧炉出口氧含量偏高
2025-07-04 04:04:00,1,预警,焚烧炉出口氧含量偏高
2025-07-04 04:06:00,1,预警,焚烧炉出口氧含量偏高
2025-07-04 04:08:00,1,预警,焚烧炉出口氧含量偏高
2025-07-04 04:10:00,1,预警,焚烧炉出口氧含量偏高
2025-07-04 04:12:00,1,预警,焚烧炉出口氧含量偏高
2025-07-04 04:14:00,1,预警,焚烧炉出口氧含量偏高
2025-07-04 04:16:00,1,预警,焚烧炉出口氧含量偏高
2025-07-04 04:18:00,1,预警,焚烧炉出口氧含量偏高
2025-07-04 04:20:00,1,预警,焚烧炉出口氧含量偏高
2025-07-04 04:22:00,1,预警,焚烧炉出口氧含量偏高
2025-07-04 04:24:00,1,预警,焚烧炉出口氧含量偏高
2025-07-04 04:26:00,1,预警,焚烧炉出口氧含量偏高
2025-07-04 04:28:00,1,预警,焚烧炉出口氧含量偏高
2025-07-04 04:30:00,1,预警,焚烧炉出口氧含量偏高
2025-07-04 04:32:00,1,预警,焚烧炉出口氧含量偏高
2025-07-04 04:34:00,1,预警,焚烧炉出口氧含量偏高
2025-07-04 04:36:00,1,预警,焚烧炉出口氧含量偏高
2025-07-04 04:38:00,1,预警,焚烧炉出口氧含量偏高
2025-07-04 04:40:00,1,预警,焚烧炉出口氧含量偏高
2025-07-04 04:42:00,1,预警,焚烧炉出口氧含量偏高
2025-07-04 04:44:00,1,预警,焚烧炉出口氧含量偏高
2025-07-04 04:46:00,1,预警,焚烧炉出口氧含量偏高
2025-07-04 04:48:00,1,预警,焚烧炉出口氧含量偏高
2025-07-04 05:42:00,1,预警,焚烧炉出口氧含量偏高
2025-07-04 05:44:00,1,预警,焚烧炉出口氧含量偏高
2025-07-04 05:52:00,1,预警,焚烧炉出口氧含量偏高
2025-07-04 05:54:00,1,预警,焚烧炉出口氧含量偏高
2025-07-04 05:56:00,1,预警,焚烧炉出口氧含量偏高
2025-07-04 06:34:00,1,预警,焚烧炉出口氧含量偏高
2025-07-04 06:36:00,1,预警,焚烧炉出口氧含量偏高
2025-07-04 06:38:00,1,预警,焚烧炉出口氧含量偏高
2025-07-04 06:42:00,1,预警,焚烧炉出口氧含量偏高
2025-07-04 06:44:00,1,预警,焚烧炉出口氧含量偏高
2025-07-04 06:46:00,1,预警,焚烧炉出口氧含量偏高
2025-07-04 06:48:00,1,预警,焚烧炉出口氧含量偏高
2025-07-04 06:50:00,1,预警,焚烧炉出口氧含量偏高
2025-07-04 06:52:00,1,预警,焚烧炉出口氧含量偏高
2025-07-04 06:54:00,1,预警,焚烧炉出口氧含量偏高
2025-07-04 06:56:00,1,预警,焚烧炉出口氧含量偏高
2025-07-04 06:58:00,1,预警,焚烧炉出口氧含量偏高
2025-07-04 07:00:00,1,预警,焚烧炉出口氧含量偏高
2025-07-04 07:02:00,1,预警,焚烧炉出口氧含量偏高
2025-07-04 07:04:00,1,预警,焚烧炉出口氧含量偏高
2025-07-04 07:06:00,1,预警,焚烧炉出口氧含量偏高
2025-07-04 07:08:00,1,预警,焚烧炉出口氧含量偏高
2025-07-04 07:10:00,1,预警,焚烧炉出口氧含量偏高
2025-07-04 07:12:00,1,预警,焚烧炉出口氧含量偏高
2025-07-04 07:14:00,1,预警,焚烧炉出口氧含量偏高
2025-07-04 07:16:00,1,预警,焚烧炉出口氧含量偏高
2025-07-04 07:18:00,1,预警,焚烧炉出口氧含量偏高
2025-07-04 07:20:00,1,预警,焚烧炉出口氧含量偏高
2025-07-04 07:22:00,1,预警,焚烧炉出口氧含量偏高
2025-07-04 07:26:00,1,预警,焚烧炉出口氧含量偏高
2025-07-04 07:28:00,1,预警,焚烧炉出口氧含量偏高
2025-07-04 07:40:00,1,预警,焚烧炉出口氧含量偏高
2025-07-04 07:42:00,1,预警,焚烧炉出口氧含量偏高
2025-07-04 07:44:00,1,预警,焚烧炉出口氧含量偏高
2025-07-04 07:46:00,1,预警,焚烧炉出口氧含量偏高
2025-07-04 07:48:00,1,预警,焚烧炉出口氧含量偏高
2025-07-04 07:50:00,1,预警,焚烧炉出口氧含量偏高
2025-07-04 07:52:00,1,预警,焚烧炉出口氧含量偏高
2025-07-04 07:54:00,1,预警,焚烧炉出口氧含量偏高
2025-07-04 07:56:00,1,预警,焚烧炉出口氧含量偏高
2025-07-04 07:58:00,1,预警,焚烧炉出口氧含量偏高
2025-07-04 08:10:00,1,预警,焚烧炉出口氧含量偏高
2025-07-04 08:12:00,1,预警,焚烧炉出口氧含量偏高
2025-07-04 08:28:00,1,预警,焚烧炉出口氧含量偏高
2025-07-04 08:30:00,1,预警,焚烧炉出口氧含量偏高
2025-07-04 08:40:00,1,预警,焚烧炉出口氧含量偏高
2025-07-04 08:44:00,1,预警,焚烧炉出口氧含量偏高
2025-07-04 08:46:00,1,预警,焚烧炉出口氧含量偏高
2025-07-04 08:48:00,1,预警,焚烧炉出口氧含量偏高
2025-07-04 08:50:00,1,预警,焚烧炉出口氧含量偏高
2025-07-04 08:52:00,1,预警,焚烧炉出口氧含量偏高
2025-07-04 08:54:00,1,预警,焚烧炉出口氧含量偏高
2025-07-04 08:56:00,1,预警,焚烧炉出口氧含量偏高
2025-07-04 08:58:00,1,预警,焚烧炉出口氧含量偏高
2025-07-04 09:00:00,1,预警,焚烧炉出口氧含量偏高
2025-07-04 09:02:00,1,预警,焚烧炉出口氧含量偏高
2025-07-04 09:04:00,1,预警,焚烧炉出口氧含量偏高
2025-07-04 09:06:00,1,预警,焚烧炉出口氧含量偏高
2025-07-04 09:08:00,1,预警,焚烧炉出口氧含量偏高
2025-07-04 09:10:00,1,预警,焚烧炉出口氧含量偏高
2025-07-04 09:24:00,1,预警,焚烧炉出口氧含量偏高
2025-07-04 09:26:00,1,预警,焚烧炉出口氧含量偏高
2025-07-04 09:28:00,1,预警,焚烧炉出口氧含量偏高
2025-07-04 09:32:00,1,预警,焚烧炉出口氧含量偏高
2025-07-04 09:36:00,1,预警,焚烧炉出口氧含量偏高
2025-07-04 09:38:00,1,预警,焚烧炉出口氧含量偏高
2025-07-04 09:40:00,1,预警,焚烧炉出口氧含量偏高
2025-07-04 09:42:00,1,预警,焚烧炉出口氧含量偏高
2025-07-04 09:44:00,1,预警,焚烧炉出口氧含量偏高
2025-07-04 09:46:00,1,预警,焚烧炉出口氧含量偏高
2025-07-04 09:48:00,1,预警,焚烧炉出口氧含量偏高
2025-07-04 09:50:00,1,预警,焚烧炉出口氧含量偏高
2025-07-04 09:52:00,1,预警,焚烧炉出口氧含量偏高
2025-07-04 10:04:00,1,预警,焚烧炉出口氧含量偏高
2025-07-04 10:06:00,1,预警,焚烧炉出口氧含量偏高
2025-07-04 10:08:00,1,预警,焚烧炉出口氧含量偏高
2025-07-04 10:10:00,1,预警,焚烧炉出口氧含量偏高
2025-07-04 10:12:00,1,预警,焚烧炉出口氧含量偏高
2025-07-04 10:14:00,1,预警,焚烧炉出口氧含量偏高
2025-07-04 10:16:00,1,预警,焚烧炉出口氧含量偏高
2025-07-04 10:18:00,1,预警,焚烧炉出口氧含量偏高
2025-07-04 10:20:00,1,预警,焚烧炉出口氧含量偏高
2025-07-04 10:22:00,1,预警,焚烧炉出口氧含量偏高
2025-07-04 10:24:00,1,预警,焚烧炉出口氧含量偏高
2025-07-04 10:26:00,1,预警,焚烧炉出口氧含量偏高
2025-07-04 10:28:00,1,预警,焚烧炉出口氧含量偏高
2025-07-04 10:30:00,1,预警,焚烧炉出口氧含量偏高
2025-07-04 10:32:00,1,预警,焚烧炉出口氧含量偏高
2025-07-04 10:34:00,1,预警,焚烧炉出口氧含量偏高
2025-07-04 10:36:00,1,预警,焚烧炉出口氧含量偏高
2025-07-04 10:38:00,1,预警,焚烧炉出口氧含量偏高
2025-07-04 10:40:00,1,预警,焚烧炉出口氧含量偏高
2025-07-04 10:42:00,1,预警,焚烧炉出口氧含量偏高
2025-07-04 10:44:00,1,预警,焚烧炉出口氧含量偏高
2025-07-04 10:46:00,1,预警,焚烧炉出口氧含量偏高
2025-07-04 10:48:00,1,预警,焚烧炉出口氧含量偏高
2025-07-04 10:50:00,1,预警,焚烧炉出口氧含量偏高
2025-07-04 10:52:00,1,预警,焚烧炉出口氧含量偏高
2025-07-04 10:54:00,1,预警,焚烧炉出口氧含量偏高
2025-07-04 10:56:00,1,预警,焚烧炉出口氧含量偏高
2025-07-04 10:58:00,1,预警,焚烧炉出口氧含量偏高
2025-07-04 11:00:00,1,预警,焚烧炉出口氧含量偏高
2025-07-04 11:02:00,1,预警,焚烧炉出口氧含量偏高
2025-07-04 11:04:00,1,预警,焚烧炉出口氧含量偏高
2025-07-04 11:06:00,1,预警,焚烧炉出口氧含量偏高
2025-07-04 11:08:00,1,预警,焚烧炉出口氧含量偏高
2025-07-04 11:10:00,1,预警,焚烧炉出口氧含量偏高
2025-07-04 11:12:00,1,预警,焚烧炉出口氧含量偏高
2025-07-04 11:14:00,1,预警,焚烧炉出口氧含量偏高
2025-07-04 11:16:00,1,预警,焚烧炉出口氧含量偏高
2025-07-04 11:18:00,1,预警,焚烧炉出口氧含量偏高
2025-07-04 11:20:00,1,预警,焚烧炉出口氧含量偏高
2025-07-04 11:22:00,1,预警,焚烧炉出口氧含量偏高
2025-07-04 11:24:00,1,预警,焚烧炉出口氧含量偏高
2025-07-04 11:26:00,1,预警,焚烧炉出口氧含量偏高
2025-07-04 12:00:00,1,预警,焚烧炉出口氧含量偏高
2025-07-04 12:02:00,1,预警,焚烧炉出口氧含量偏高
2025-07-04 12:04:00,1,预警,焚烧炉出口氧含量偏高
2025-07-04 12:10:00,1,预警,焚烧炉出口氧含量偏高
2025-07-04 12:12:00,1,预警,焚烧炉出口氧含量偏高
2025-07-04 12:14:00,1,预警,焚烧炉出口氧含量偏高
2025-07-04 12:16:00,1,预警,焚烧炉出口氧含量偏高
2025-07-04 12:18:00,1,预警,焚烧炉出口氧含量偏高
2025-07-04 12:20:00,1,预警,焚烧炉出口氧含量偏高
2025-07-04 12:22:00,1,预警,焚烧炉出口氧含量偏高
2025-07-04 12:24:00,1,预警,焚烧炉出口氧含量偏高
2025-07-04 12:26:00,1,预警,焚烧炉出口氧含量偏高
2025-07-04 12:28:00,1,预警,焚烧炉出口氧含量偏高
2025-07-04 12:30:00,1,预警,焚烧炉出口氧含量偏高
2025-07-04 12:32:00,1,预警,焚烧炉出口氧含量偏高
2025-07-04 12:34:00,1,预警,焚烧炉出口氧含量偏高
2025-07-04 12:36:00,1,预警,焚烧炉出口氧含量偏高
2025-07-04 12:38:00,1,预警,焚烧炉出口氧含量偏高
2025-07-04 12:40:00,1,预警,焚烧炉出口氧含量偏高
2025-07-04 12:42:00,1,预警,焚烧炉出口氧含量偏高
2025-07-04 12:44:00,1,预警,焚烧炉出口氧含量偏高
2025-07-04 12:46:00,1,预警,焚烧炉出口氧含量偏高
2025-07-04 12:48:00,1,预警,焚烧炉出口氧含量偏高
2025-07-04 12:50:00,1,预警,焚烧炉出口氧含量偏高
2025-07-04 12:52:00,1,预警,焚烧炉出口氧含量偏高
2025-07-04 12:54:00,1,预警,焚烧炉出口氧含量偏高
2025-07-04 13:04:00,1,预警,焚烧炉出口氧含量偏高
2025-07-04 13:06:00,1,预警,焚烧炉出口氧含量偏高
2025-07-04 13:08:00,1,预警,焚烧炉出口氧含量偏高
2025-07-04 13:10:00,1,预警,焚烧炉出口氧含量偏高
2025-07-04 13:12:00,1,预警,焚烧炉出口氧含量偏高
2025-07-04 13:14:00,1,预警,焚烧炉出口氧含量偏高
2025-07-04 13:16:00,1,预警,焚烧炉出口氧含量偏高
2025-07-04 13:18:00,1,预警,焚烧炉出口氧含量偏高
2025-07-04 13:20:00,1,预警,焚烧炉出口氧含量偏高
2025-07-04 13:22:00,1,预警,焚烧炉出口氧含量偏高
2025-07-04 13:24:00,1,预警,焚烧炉出口氧含量偏高
2025-07-04 13:26:00,1,预警,焚烧炉出口氧含量偏高
2025-07-04 13:28:00,1,预警,焚烧炉出口氧含量偏高
2025-07-04 13:30:00,1,预警,焚烧炉出口氧含量偏高
2025-07-04 13:32:00,1,预警,焚烧炉出口氧含量偏高
2025-07-04 13:34:00,1,预警,焚烧炉出口氧含量偏高
2025-07-04 13:38:01,1,预警,焚烧炉出口氧含量偏高
2025-07-04 13:40:00,1,预警,焚烧炉出口氧含量偏高
2025-07-04 13:42:00,1,预警,焚烧炉出口氧含量偏高
2025-07-04 13:44:00,1,预警,焚烧炉出口氧含量偏高
2025-07-04 13:46:00,1,预警,焚烧炉出口氧含量偏高
2025-07-04 13:48:00,1,预警,焚烧炉出口氧含量偏高
2025-07-04 13:50:00,1,预警,焚烧炉出口氧含量偏高
2025-07-04 13:52:00,1,预警,焚烧炉出口氧含量偏高
2025-07-04 13:54:00,1,预警,焚烧炉出口氧含量偏高
2025-07-04 14:00:00,1,预警,焚烧炉出口氧含量偏高
2025-07-04 14:02:00,1,预警,焚烧炉出口氧含量偏高
2025-07-04 14:58:00,1,预警,焚烧炉出口氧含量偏高
2025-07-04 15:04:00,1,预警,焚烧炉出口氧含量偏高
2025-07-04 15:06:00,1,预警,焚烧炉出口氧含量偏高
2025-07-04 15:08:00,1,预警,焚烧炉出口氧含量偏高
2025-07-04 15:10:00,1,预警,焚烧炉出口氧含量偏高
2025-07-04 15:12:00,1,预警,焚烧炉出口氧含量偏高
2025-07-04 15:14:00,1,预警,焚烧炉出口氧含量偏高
2025-07-04 15:16:00,1,预警,焚烧炉出口氧含量偏高
2025-07-04 15:18:00,1,预警,焚烧炉出口氧含量偏高
2025-07-04 15:20:00,1,预警,焚烧炉出口氧含量偏高
2025-07-04 15:22:00,1,预警,焚烧炉出口氧含量偏高
2025-07-04 15:24:00,1,预警,焚烧炉出口氧含量偏高
2025-07-04 15:26:00,1,预警,焚烧炉出口氧含量偏高
2025-07-04 15:28:00,1,预警,焚烧炉出口氧含量偏高
2025-07-04 15:30:00,1,预警,焚烧炉出口氧含量偏高
2025-07-04 15:32:00,1,预警,焚烧炉出口氧含量偏高
2025-07-04 15:34:00,1,预警,焚烧炉出口氧含量偏高
2025-07-04 15:36:00,1,预警,焚烧炉出口氧含量偏高
2025-07-04 15:38:00,1,预警,焚烧炉出口氧含量偏高
2025-07-04 15:40:00,1,预警,焚烧炉出口氧含量偏高
2025-07-04 15:42:00,1,预警,焚烧炉出口氧含量偏高
2025-07-04 15:44:00,1,预警,焚烧炉出口氧含量偏高
2025-07-04 15:46:00,1,预警,焚烧炉出口氧含量偏高
2025-07-04 15:48:00,1,预警,焚烧炉出口氧含量偏高
2025-07-04 15:50:00,1,预警,焚烧炉出口氧含量偏高
2025-07-04 15:52:00,1,预警,焚烧炉出口氧含量偏高
2025-07-04 15:54:00,1,预警,焚烧炉出口氧含量偏高
2025-07-04 15:58:00,1,预警,焚烧炉出口氧含量偏高
2025-07-04 16:00:00,1,预警,焚烧炉出口氧含量偏高
2025-07-04 16:02:00,1,预警,焚烧炉出口氧含量偏高
2025-07-04 16:04:00,1,预警,焚烧炉出口氧含量偏高
2025-07-04 16:06:00,1,预警,焚烧炉出口氧含量偏高
2025-07-04 16:08:00,1,预警,焚烧炉出口氧含量偏高
2025-07-04 16:10:00,1,预警,焚烧炉出口氧含量偏高
2025-07-04 16:12:00,1,预警,焚烧炉出口氧含量偏高
2025-07-04 16:14:00,1,预警,焚烧炉出口氧含量偏高
2025-07-04 16:16:00,1,预警,焚烧炉出口氧含量偏高
2025-07-04 16:18:00,1,预警,焚烧炉出口氧含量偏高
2025-07-04 16:22:00,1,预警,焚烧炉出口氧含量偏高
2025-07-04 16:24:00,1,预警,焚烧炉出口氧含量偏高
2025-07-04 16:26:00,1,预警,焚烧炉出口氧含量偏高
2025-07-04 16:52:00,1,预警,焚烧炉出口氧含量偏高
2025-07-04 16:54:00,1,预警,焚烧炉出口氧含量偏高
2025-07-04 16:56:00,1,预警,焚烧炉出口氧含量偏高
2025-07-04 16:58:00,1,预警,焚烧炉出口氧含量偏高
2025-07-04 17:00:00,1,预警,焚烧炉出口氧含量偏高
2025-07-04 17:02:00,1,预警,焚烧炉出口氧含量偏高
2025-07-04 17:04:00,1,预警,焚烧炉出口氧含量偏高
2025-07-04 17:06:00,1,预警,焚烧炉出口氧含量偏高
2025-07-04 17:08:00,1,预警,焚烧炉出口氧含量偏高
2025-07-04 17:10:00,1,预警,焚烧炉出口氧含量偏高
2025-07-04 17:12:00,1,预警,焚烧炉出口氧含量偏高
2025-07-04 17:14:00,1,预警,焚烧炉出口氧含量偏高
2025-07-04 17:16:00,1,预警,焚烧炉出口氧含量偏高
2025-07-04 17:18:00,1,预警,焚烧炉出口氧含量偏高
2025-07-04 17:20:00,1,预警,焚烧炉出口氧含量偏高
2025-07-04 17:22:00,1,预警,焚烧炉出口氧含量偏高
2025-07-04 17:24:00,1,预警,焚烧炉出口氧含量偏高
2025-07-04 17:26:00,1,预警,焚烧炉出口氧含量偏高
2025-07-04 17:28:00,1,预警,焚烧炉出口氧含量偏高
2025-07-04 17:36:00,1,预警,焚烧炉出口氧含量偏高
2025-07-04 17:38:00,1,预警,焚烧炉出口氧含量偏高
2025-07-04 17:42:00,1,预警,焚烧炉出口氧含量偏高
2025-07-04 17:44:00,1,预警,焚烧炉出口氧含量偏高
2025-07-04 17:46:00,1,预警,焚烧炉出口氧含量偏高
2025-07-04 17:48:00,1,预警,焚烧炉出口氧含量偏高
2025-07-04 17:50:00,1,预警,焚烧炉出口氧含量偏高
2025-07-04 17:52:00,1,预警,焚烧炉出口氧含量偏高
2025-07-04 17:54:00,1,预警,焚烧炉出口氧含量偏高
2025-07-04 17:56:00,1,预警,焚烧炉出口氧含量偏高
2025-07-04 17:58:00,1,预警,焚烧炉出口氧含量偏高
2025-07-04 18:00:00,1,预警,焚烧炉出口氧含量偏高
2025-07-04 18:02:00,1,预警,焚烧炉出口氧含量偏高
2025-07-04 18:04:00,1,预警,焚烧炉出口氧含量偏高
2025-07-04 18:06:00,1,预警,焚烧炉出口氧含量偏高
2025-07-04 18:08:00,1,预警,焚烧炉出口氧含量偏高
2025-07-04 18:10:00,1,预警,焚烧炉出口氧含量偏高
2025-07-04 18:12:00,1,预警,焚烧炉出口氧含量偏高
2025-07-04 18:14:00,1,预警,焚烧炉出口氧含量偏高
2025-07-04 18:16:00,1,预警,焚烧炉出口氧含量偏高
2025-07-04 18:18:00,1,预警,焚烧炉出口氧含量偏高
2025-07-04 18:20:00,1,预警,焚烧炉出口氧含量偏高
2025-07-04 18:22:00,1,预警,焚烧炉出口氧含量偏高
2025-07-04 18:24:00,1,预警,焚烧炉出口氧含量偏高
2025-07-04 18:26:00,1,预警,焚烧炉出口氧含量偏高
2025-07-04 18:28:00,1,预警,焚烧炉出口氧含量偏高
2025-07-04 18:30:00,1,预警,焚烧炉出口氧含量偏高
2025-07-04 18:32:00,1,预警,焚烧炉出口氧含量偏高
2025-07-04 18:34:00,1,预警,焚烧炉出口氧含量偏高
2025-07-04 18:36:00,1,预警,焚烧炉出口氧含量偏高
2025-07-04 18:38:00,1,预警,焚烧炉出口氧含量偏高
2025-07-04 18:40:00,1,预警,焚烧炉出口氧含量偏高
2025-07-04 18:42:00,1,预警,焚烧炉出口氧含量偏高
2025-07-04 18:44:00,1,预警,焚烧炉出口氧含量偏高
2025-07-04 18:46:00,1,预警,焚烧炉出口氧含量偏高
2025-07-04 18:48:00,1,预警,焚烧炉出口氧含量偏高
2025-07-04 18:50:00,1,预警,焚烧炉出口氧含量偏高
2025-07-04 18:52:00,1,预警,焚烧炉出口氧含量偏高
2025-07-04 18:54:00,1,预警,焚烧炉出口氧含量偏高
2025-07-04 18:58:00,1,预警,焚烧炉出口氧含量偏高
2025-07-04 19:00:00,1,预警,焚烧炉出口氧含量偏高
2025-07-04 19:18:00,1,预警,焚烧炉出口氧含量偏高
2025-07-04 19:22:00,1,预警,焚烧炉出口氧含量偏高
2025-07-04 19:24:00,1,预警,焚烧炉出口氧含量偏高
2025-07-04 19:26:00,1,预警,焚烧炉出口氧含量偏高
2025-07-04 19:28:00,1,预警,焚烧炉出口氧含量偏高
2025-07-04 19:30:00,1,预警,焚烧炉出口氧含量偏高
2025-07-04 19:32:00,1,预警,焚烧炉出口氧含量偏高
2025-07-04 19:34:00,1,预警,焚烧炉出口氧含量偏高
2025-07-04 19:36:00,1,预警,焚烧炉出口氧含量偏高
2025-07-04 19:38:00,1,预警,焚烧炉出口氧含量偏高
2025-07-04 19:40:00,1,预警,焚烧炉出口氧含量偏高
2025-07-04 19:54:00,1,预警,焚烧炉出口氧含量偏高
2025-07-04 19:56:00,1,预警,焚烧炉出口氧含量偏高
2025-07-04 19:58:00,1,预警,焚烧炉出口氧含量偏高
2025-07-04 20:00:00,1,预警,焚烧炉出口氧含量偏高
2025-07-04 20:02:00,1,预警,焚烧炉出口氧含量偏高
2025-07-04 20:04:00,1,预警,焚烧炉出口氧含量偏高
2025-07-04 20:06:00,1,预警,焚烧炉出口氧含量偏高
2025-07-04 20:08:00,1,预警,焚烧炉出口氧含量偏高
2025-07-04 20:10:00,1,预警,焚烧炉出口氧含量偏高
2025-07-04 20:12:00,1,预警,焚烧炉出口氧含量偏高
2025-07-04 20:14:00,1,预警,焚烧炉出口氧含量偏高
2025-07-04 20:16:00,1,预警,焚烧炉出口氧含量偏高
2025-07-04 20:18:00,1,预警,焚烧炉出口氧含量偏高
2025-07-04 20:20:00,1,预警,焚烧炉出口氧含量偏高
2025-07-04 20:22:00,1,预警,焚烧炉出口氧含量偏高
2025-07-04 20:24:00,1,预警,焚烧炉出口氧含量偏高
2025-07-04 20:26:00,1,预警,焚烧炉出口氧含量偏高
2025-07-04 20:28:00,1,预警,焚烧炉出口氧含量偏高
2025-07-04 20:30:00,1,预警,焚烧炉出口氧含量偏高
2025-07-04 20:32:00,1,预警,焚烧炉出口氧含量偏高
2025-07-04 20:34:00,1,预警,焚烧炉出口氧含量偏高
2025-07-04 20:36:00,1,预警,焚烧炉出口氧含量偏高
2025-07-04 20:38:00,1,预警,焚烧炉出口氧含量偏高
2025-07-04 20:40:00,1,预警,焚烧炉出口氧含量偏高
2025-07-04 20:42:00,1,预警,焚烧炉出口氧含量偏高
2025-07-04 20:44:00,1,预警,焚烧炉出口氧含量偏高
2025-07-04 20:46:00,1,预警,焚烧炉出口氧含量偏高
2025-07-04 20:48:00,1,预警,焚烧炉出口氧含量偏高
2025-07-04 20:50:00,1,预警,焚烧炉出口氧含量偏高
2025-07-04 20:52:00,1,预警,焚烧炉出口氧含量偏高
2025-07-04 20:54:00,1,预警,焚烧炉出口氧含量偏高
2025-07-04 20:56:00,1,预警,焚烧炉出口氧含量偏高
2025-07-04 20:58:00,1,预警,焚烧炉出口氧含量偏高
2025-07-04 21:00:00,1,预警,焚烧炉出口氧含量偏高
2025-07-04 21:02:00,1,预警,焚烧炉出口氧含量偏高
2025-07-04 21:08:00,1,预警,焚烧炉出口氧含量偏高
2025-07-04 21:10:00,1,预警,焚烧炉出口氧含量偏高
2025-07-04 21:12:00,1,预警,焚烧炉出口氧含量偏高
2025-07-04 21:36:00,1,预警,焚烧炉出口氧含量偏高
2025-07-04 21:40:00,1,预警,焚烧炉出口氧含量偏高
2025-07-04 21:42:00,1,预警,焚烧炉出口氧含量偏高
2025-07-04 21:44:00,1,预警,焚烧炉出口氧含量偏高
2025-07-04 21:46:00,1,预警,焚烧炉出口氧含量偏高
2025-07-04 21:48:00,1,预警,焚烧炉出口氧含量偏高
2025-07-04 21:50:00,1,预警,焚烧炉出口氧含量偏高
2025-07-04 21:52:00,1,预警,焚烧炉出口氧含量偏高
2025-07-04 21:54:00,1,预警,焚烧炉出口氧含量偏高
2025-07-04 21:56:00,1,预警,焚烧炉出口氧含量偏高
2025-07-04 21:58:00,1,预警,焚烧炉出口氧含量偏高
2025-07-04 22:00:00,1,预警,焚烧炉出口氧含量偏高
2025-07-04 22:02:00,1,预警,焚烧炉出口氧含量偏高
2025-07-04 22:04:00,1,预警,焚烧炉出口氧含量偏高
2025-07-04 22:06:00,1,预警,焚烧炉出口氧含量偏高
2025-07-04 22:08:00,1,预警,焚烧炉出口氧含量偏高
2025-07-04 22:10:00,1,预警,焚烧炉出口氧含量偏高
2025-07-04 22:12:00,1,预警,焚烧炉出口氧含量偏高
2025-07-04 22:14:00,1,预警,焚烧炉出口氧含量偏高
2025-07-04 22:16:00,1,预警,焚烧炉出口氧含量偏高
2025-07-04 22:18:00,1,预警,焚烧炉出口氧含量偏高
2025-07-04 22:20:00,1,预警,焚烧炉出口氧含量偏高
2025-07-04 22:22:00,1,预警,焚烧炉出口氧含量偏高
2025-07-04 22:32:00,1,预警,焚烧炉出口氧含量偏高
2025-07-04 22:34:00,1,预警,焚烧炉出口氧含量偏高
2025-07-04 22:36:00,1,预警,焚烧炉出口氧含量偏高
2025-07-04 22:38:00,1,预警,焚烧炉出口氧含量偏高
2025-07-04 22:40:00,1,预警,焚烧炉出口氧含量偏高
2025-07-04 22:42:00,1,预警,焚烧炉出口氧含量偏高
2025-07-04 22:44:00,1,预警,焚烧炉出口氧含量偏高
2025-07-04 22:46:00,1,预警,焚烧炉出口氧含量偏高
2025-07-04 22:48:00,1,预警,焚烧炉出口氧含量偏高
2025-07-04 22:50:00,1,预警,焚烧炉出口氧含量偏高
2025-07-04 22:52:00,1,预警,焚烧炉出口氧含量偏高
2025-07-04 22:54:00,1,预警,焚烧炉出口氧含量偏高
2025-07-04 22:56:00,1,预警,焚烧炉出口氧含量偏高
2025-07-04 22:58:00,1,预警,焚烧炉出口氧含量偏高
2025-07-04 23:44:00,1,预警,焚烧炉出口氧含量偏高
