﻿时间,炉号,预警/报警类型,预警/报警事件
2025-07-05 00:00:00,1,预警,焚烧炉出口氧含量偏高
2025-07-05 00:04:00,1,预警,焚烧炉出口氧含量偏高
2025-07-05 00:42:00,1,预警,焚烧炉出口氧含量偏高
2025-07-05 00:44:00,1,预警,焚烧炉出口氧含量偏高
2025-07-05 00:46:00,1,预警,焚烧炉出口氧含量偏高
2025-07-05 00:48:00,1,预警,焚烧炉出口氧含量偏高
2025-07-05 00:50:00,1,预警,焚烧炉出口氧含量偏高
2025-07-05 00:52:00,1,预警,焚烧炉出口氧含量偏高
2025-07-05 00:54:00,1,预警,焚烧炉出口氧含量偏高
2025-07-05 00:56:00,1,预警,焚烧炉出口氧含量偏高
2025-07-05 00:58:00,1,预警,焚烧炉出口氧含量偏高
2025-07-05 01:00:00,1,预警,焚烧炉出口氧含量偏高
2025-07-05 01:02:00,1,预警,焚烧炉出口氧含量偏高
2025-07-05 01:14:00,1,预警,焚烧炉出口氧含量偏高
2025-07-05 01:20:00,1,预警,焚烧炉出口氧含量偏高
2025-07-05 01:22:00,1,预警,焚烧炉出口氧含量偏高
2025-07-05 01:54:00,1,预警,焚烧炉出口氧含量偏高
2025-07-05 01:56:00,1,预警,焚烧炉出口氧含量偏高
2025-07-05 01:58:00,1,预警,焚烧炉出口氧含量偏高
2025-07-05 02:00:00,1,预警,焚烧炉出口氧含量偏高
2025-07-05 02:02:00,1,预警,焚烧炉出口氧含量偏高
2025-07-05 02:12:00,1,预警,焚烧炉出口氧含量偏高
2025-07-05 02:56:00,1,预警,焚烧炉出口氧含量偏高
2025-07-05 03:00:00,1,预警,焚烧炉出口氧含量偏高
2025-07-05 03:04:00,1,预警,焚烧炉出口氧含量偏高
2025-07-05 03:08:00,1,预警,焚烧炉出口氧含量偏高
2025-07-05 03:12:00,1,预警,焚烧炉出口氧含量偏高
2025-07-05 03:20:00,1,预警,焚烧炉出口氧含量偏高
2025-07-05 03:22:00,1,预警,焚烧炉出口氧含量偏高
2025-07-05 03:24:00,1,预警,焚烧炉出口氧含量偏高
2025-07-05 03:26:00,1,预警,焚烧炉出口氧含量偏高
2025-07-05 03:28:00,1,预警,焚烧炉出口氧含量偏高
2025-07-05 03:30:00,1,预警,焚烧炉出口氧含量偏高
2025-07-05 03:32:00,1,预警,焚烧炉出口氧含量偏高
2025-07-05 03:36:00,1,预警,焚烧炉出口氧含量偏高
2025-07-05 03:38:00,1,预警,焚烧炉出口氧含量偏高
2025-07-05 03:40:00,1,预警,焚烧炉出口氧含量偏高
2025-07-05 03:42:00,1,预警,焚烧炉出口氧含量偏高
2025-07-05 03:44:00,1,预警,焚烧炉出口氧含量偏高
2025-07-05 03:46:00,1,预警,焚烧炉出口氧含量偏高
2025-07-05 04:04:00,1,预警,焚烧炉出口氧含量偏高
2025-07-05 04:06:00,1,预警,焚烧炉出口氧含量偏高
2025-07-05 04:08:00,1,预警,焚烧炉出口氧含量偏高
2025-07-05 04:16:00,1,预警,焚烧炉出口氧含量偏高
2025-07-05 04:36:00,1,预警,焚烧炉出口氧含量偏高
2025-07-05 04:38:00,1,预警,焚烧炉出口氧含量偏高
2025-07-05 04:40:00,1,预警,焚烧炉出口氧含量偏高
2025-07-05 04:42:00,1,预警,焚烧炉出口氧含量偏高
2025-07-05 04:44:00,1,预警,焚烧炉出口氧含量偏高
2025-07-05 04:46:00,1,预警,焚烧炉出口氧含量偏高
2025-07-05 04:48:00,1,预警,焚烧炉出口氧含量偏高
2025-07-05 04:50:00,1,预警,焚烧炉出口氧含量偏高
2025-07-05 04:56:00,1,预警,焚烧炉出口氧含量偏高
2025-07-05 04:58:00,1,预警,焚烧炉出口氧含量偏高
2025-07-05 05:00:00,1,预警,焚烧炉出口氧含量偏高
2025-07-05 05:02:00,1,预警,焚烧炉出口氧含量偏高
2025-07-05 05:06:00,1,预警,焚烧炉出口氧含量偏高
2025-07-05 05:08:00,1,预警,焚烧炉出口氧含量偏高
2025-07-05 05:10:00,1,预警,焚烧炉出口氧含量偏高
2025-07-05 05:18:00,1,预警,焚烧炉出口氧含量偏高
2025-07-05 05:20:00,1,预警,焚烧炉出口氧含量偏高
2025-07-05 05:24:00,1,预警,焚烧炉出口氧含量偏高
2025-07-05 05:26:00,1,预警,焚烧炉出口氧含量偏高
2025-07-05 05:28:00,1,预警,焚烧炉出口氧含量偏高
2025-07-05 05:30:00,1,预警,焚烧炉出口氧含量偏高
2025-07-05 05:32:00,1,预警,焚烧炉出口氧含量偏高
2025-07-05 05:36:00,1,预警,焚烧炉出口氧含量偏高
2025-07-05 05:40:00,1,预警,焚烧炉出口氧含量偏高
2025-07-05 05:42:00,1,预警,焚烧炉出口氧含量偏高
2025-07-05 05:44:00,1,预警,焚烧炉出口氧含量偏高
2025-07-05 05:46:00,1,预警,焚烧炉出口氧含量偏高
2025-07-05 05:48:00,1,预警,焚烧炉出口氧含量偏高
2025-07-05 05:50:00,1,预警,焚烧炉出口氧含量偏高
2025-07-05 05:52:00,1,预警,焚烧炉出口氧含量偏高
2025-07-05 05:54:00,1,预警,焚烧炉出口氧含量偏高
2025-07-05 05:56:00,1,预警,焚烧炉出口氧含量偏高
2025-07-05 05:58:00,1,预警,焚烧炉出口氧含量偏高
2025-07-05 06:22:00,1,预警,焚烧炉出口氧含量偏高
2025-07-05 06:26:00,1,预警,焚烧炉出口氧含量偏高
2025-07-05 06:32:00,1,预警,焚烧炉出口氧含量偏高
2025-07-05 06:40:00,1,预警,焚烧炉出口氧含量偏高
2025-07-05 06:42:00,1,预警,焚烧炉出口氧含量偏高
2025-07-05 06:44:00,1,预警,焚烧炉出口氧含量偏高
2025-07-05 08:00:00,1,预警,焚烧炉出口氧含量偏高
2025-07-05 08:02:00,1,预警,焚烧炉出口氧含量偏高
2025-07-05 08:12:00,1,预警,焚烧炉出口氧含量偏高
2025-07-05 08:16:00,1,预警,焚烧炉出口氧含量偏高
2025-07-05 08:36:00,1,预警,焚烧炉出口氧含量偏高
2025-07-05 09:24:00,1,预警,焚烧炉出口氧含量偏高
2025-07-05 09:34:00,1,预警,焚烧炉出口氧含量偏高
2025-07-05 10:16:00,1,预警,焚烧炉出口氧含量偏高
2025-07-05 10:22:00,1,预警,焚烧炉出口氧含量偏高
2025-07-05 10:32:00,1,预警,焚烧炉出口氧含量偏高
2025-07-05 11:00:00,1,预警,焚烧炉出口氧含量偏高
2025-07-05 11:10:00,1,预警,焚烧炉出口氧含量偏高
2025-07-05 11:12:00,1,预警,焚烧炉出口氧含量偏高
2025-07-05 11:14:00,1,预警,焚烧炉出口氧含量偏高
2025-07-05 11:16:00,1,预警,焚烧炉出口氧含量偏高
2025-07-05 11:18:00,1,预警,焚烧炉出口氧含量偏高
2025-07-05 11:20:00,1,预警,焚烧炉出口氧含量偏高
2025-07-05 11:22:00,1,预警,焚烧炉出口氧含量偏高
2025-07-05 11:24:00,1,预警,焚烧炉出口氧含量偏高
2025-07-05 11:26:00,1,预警,焚烧炉出口氧含量偏高
2025-07-05 11:28:00,1,预警,焚烧炉出口氧含量偏高
2025-07-05 11:30:00,1,预警,焚烧炉出口氧含量偏高
2025-07-05 11:32:00,1,预警,焚烧炉出口氧含量偏高
2025-07-05 11:34:00,1,预警,焚烧炉出口氧含量偏高
2025-07-05 11:36:00,1,预警,焚烧炉出口氧含量偏高
2025-07-05 11:38:00,1,预警,焚烧炉出口氧含量偏高
2025-07-05 11:40:00,1,预警,焚烧炉出口氧含量偏高
2025-07-05 11:42:00,1,预警,焚烧炉出口氧含量偏高
2025-07-05 11:44:00,1,预警,焚烧炉出口氧含量偏高
2025-07-05 11:46:00,1,预警,焚烧炉出口氧含量偏高
2025-07-05 11:48:00,1,预警,焚烧炉出口氧含量偏高
2025-07-05 11:50:00,1,预警,焚烧炉出口氧含量偏高
2025-07-05 11:52:00,1,预警,焚烧炉出口氧含量偏高
2025-07-05 11:56:00,1,预警,焚烧炉出口氧含量偏高
2025-07-05 11:58:00,1,预警,焚烧炉出口氧含量偏高
2025-07-05 12:00:00,1,预警,焚烧炉出口氧含量偏高
2025-07-05 12:04:00,1,预警,焚烧炉出口氧含量偏高
2025-07-05 12:06:00,1,预警,焚烧炉出口氧含量偏高
2025-07-05 12:08:00,1,预警,焚烧炉出口氧含量偏高
2025-07-05 12:10:00,1,预警,焚烧炉出口氧含量偏高
2025-07-05 12:12:00,1,预警,焚烧炉出口氧含量偏高
2025-07-05 12:14:00,1,预警,焚烧炉出口氧含量偏高
2025-07-05 12:16:00,1,预警,焚烧炉出口氧含量偏高
2025-07-05 12:18:00,1,预警,焚烧炉出口氧含量偏高
2025-07-05 12:20:00,1,预警,焚烧炉出口氧含量偏高
2025-07-05 12:24:00,1,预警,焚烧炉出口氧含量偏高
2025-07-05 12:48:00,1,预警,焚烧炉出口氧含量偏高
2025-07-05 12:50:00,1,预警,焚烧炉出口氧含量偏高
2025-07-05 12:52:00,1,预警,焚烧炉出口氧含量偏高
2025-07-05 12:54:00,1,预警,焚烧炉出口氧含量偏高
2025-07-05 13:40:00,1,预警,焚烧炉出口氧含量偏高
2025-07-05 13:44:00,1,预警,焚烧炉出口氧含量偏高
2025-07-05 14:08:00,1,预警,焚烧炉出口氧含量偏高
2025-07-05 14:10:00,1,预警,焚烧炉出口氧含量偏高
2025-07-05 14:48:00,1,预警,焚烧炉出口氧含量偏高
2025-07-05 14:50:00,1,预警,焚烧炉出口氧含量偏高
2025-07-05 14:52:00,1,预警,焚烧炉出口氧含量偏高
2025-07-05 14:54:00,1,预警,焚烧炉出口氧含量偏高
2025-07-05 14:56:00,1,预警,焚烧炉出口氧含量偏高
2025-07-05 14:58:00,1,预警,焚烧炉出口氧含量偏高
2025-07-05 15:00:00,1,预警,焚烧炉出口氧含量偏高
2025-07-05 15:02:00,1,预警,焚烧炉出口氧含量偏高
2025-07-05 15:04:00,1,预警,焚烧炉出口氧含量偏高
2025-07-05 15:06:00,1,预警,焚烧炉出口氧含量偏高
2025-07-05 15:08:00,1,预警,焚烧炉出口氧含量偏高
2025-07-05 15:10:00,1,预警,焚烧炉出口氧含量偏高
2025-07-05 15:12:00,1,预警,焚烧炉出口氧含量偏高
2025-07-05 15:14:00,1,预警,焚烧炉出口氧含量偏高
2025-07-05 15:16:00,1,预警,焚烧炉出口氧含量偏高
2025-07-05 15:18:00,1,预警,焚烧炉出口氧含量偏高
2025-07-05 15:20:00,1,预警,焚烧炉出口氧含量偏高
2025-07-05 15:22:00,1,预警,焚烧炉出口氧含量偏高
2025-07-05 15:24:00,1,预警,焚烧炉出口氧含量偏高
2025-07-05 15:26:00,1,预警,焚烧炉出口氧含量偏高
2025-07-05 15:28:00,1,预警,焚烧炉出口氧含量偏高
2025-07-05 15:30:00,1,预警,焚烧炉出口氧含量偏高
2025-07-05 15:32:00,1,预警,焚烧炉出口氧含量偏高
2025-07-05 15:34:00,1,预警,焚烧炉出口氧含量偏高
2025-07-05 15:36:00,1,预警,焚烧炉出口氧含量偏高
2025-07-05 15:38:00,1,预警,焚烧炉出口氧含量偏高
2025-07-05 15:40:00,1,预警,焚烧炉出口氧含量偏高
2025-07-05 15:42:00,1,预警,焚烧炉出口氧含量偏高
2025-07-05 15:44:00,1,预警,焚烧炉出口氧含量偏高
2025-07-05 15:46:00,1,预警,焚烧炉出口氧含量偏高
2025-07-05 15:48:00,1,预警,焚烧炉出口氧含量偏高
2025-07-05 15:50:00,1,预警,焚烧炉出口氧含量偏高
2025-07-05 15:52:00,1,预警,焚烧炉出口氧含量偏高
2025-07-05 15:54:00,1,预警,焚烧炉出口氧含量偏高
2025-07-05 15:56:00,1,预警,焚烧炉出口氧含量偏高
2025-07-05 15:58:00,1,预警,焚烧炉出口氧含量偏高
2025-07-05 16:00:00,1,预警,焚烧炉出口氧含量偏高
2025-07-05 16:02:00,1,预警,焚烧炉出口氧含量偏高
2025-07-05 16:14:00,1,预警,焚烧炉出口氧含量偏高
2025-07-05 16:24:00,1,预警,焚烧炉出口氧含量偏高
2025-07-05 16:26:00,1,预警,焚烧炉出口氧含量偏高
2025-07-05 16:28:00,1,预警,焚烧炉出口氧含量偏高
2025-07-05 16:30:00,1,预警,焚烧炉出口氧含量偏高
2025-07-05 16:34:00,1,预警,焚烧炉出口氧含量偏高
2025-07-05 16:36:00,1,预警,焚烧炉出口氧含量偏高
2025-07-05 16:42:00,1,预警,焚烧炉出口氧含量偏高
2025-07-05 16:44:00,1,预警,焚烧炉出口氧含量偏高
2025-07-05 16:46:00,1,预警,焚烧炉出口氧含量偏高
2025-07-05 16:48:00,1,预警,焚烧炉出口氧含量偏高
2025-07-05 16:50:00,1,预警,焚烧炉出口氧含量偏高
2025-07-05 16:52:00,1,预警,焚烧炉出口氧含量偏高
2025-07-05 16:54:00,1,预警,焚烧炉出口氧含量偏高
2025-07-05 16:56:00,1,预警,焚烧炉出口氧含量偏高
2025-07-05 18:24:00,1,预警,焚烧炉出口氧含量偏高
2025-07-05 18:26:00,1,预警,焚烧炉出口氧含量偏高
2025-07-05 18:30:00,1,预警,焚烧炉出口氧含量偏高
2025-07-05 18:32:00,1,预警,焚烧炉出口氧含量偏高
2025-07-05 18:34:00,1,预警,焚烧炉出口氧含量偏高
2025-07-05 18:38:00,1,预警,焚烧炉出口氧含量偏高
2025-07-05 18:40:00,1,预警,焚烧炉出口氧含量偏高
2025-07-05 18:56:00,1,预警,焚烧炉出口氧含量偏高
2025-07-05 18:58:00,1,预警,焚烧炉出口氧含量偏高
2025-07-05 19:00:00,1,预警,焚烧炉出口氧含量偏高
2025-07-05 19:02:00,1,预警,焚烧炉出口氧含量偏高
2025-07-05 19:04:00,1,预警,焚烧炉出口氧含量偏高
2025-07-05 19:30:00,1,预警,焚烧炉出口氧含量偏高
2025-07-05 19:50:00,1,预警,焚烧炉出口氧含量偏高
2025-07-05 19:52:00,1,预警,焚烧炉出口氧含量偏高
2025-07-05 19:54:00,1,预警,焚烧炉出口氧含量偏高
2025-07-05 19:56:00,1,预警,焚烧炉出口氧含量偏高
2025-07-05 19:58:00,1,预警,焚烧炉出口氧含量偏高
2025-07-05 20:00:00,1,预警,焚烧炉出口氧含量偏高
2025-07-05 20:04:00,1,预警,焚烧炉出口氧含量偏高
2025-07-05 20:06:00,1,预警,焚烧炉出口氧含量偏高
2025-07-05 20:08:00,1,预警,焚烧炉出口氧含量偏高
2025-07-05 20:10:00,1,预警,焚烧炉出口氧含量偏高
2025-07-05 20:12:00,1,预警,焚烧炉出口氧含量偏高
2025-07-05 20:16:00,1,预警,焚烧炉出口氧含量偏高
2025-07-05 20:22:00,1,预警,焚烧炉出口氧含量偏高
2025-07-05 20:26:00,1,预警,焚烧炉出口氧含量偏高
2025-07-05 21:08:00,1,预警,焚烧炉出口氧含量偏高
2025-07-05 21:12:00,1,预警,焚烧炉出口氧含量偏高
2025-07-05 21:14:00,1,预警,焚烧炉出口氧含量偏高
2025-07-05 21:16:00,1,预警,焚烧炉出口氧含量偏高
2025-07-05 21:18:00,1,预警,焚烧炉出口氧含量偏高
2025-07-05 21:20:00,1,预警,焚烧炉出口氧含量偏高
2025-07-05 22:42:00,1,预警,焚烧炉出口氧含量偏高
2025-07-05 22:46:00,1,预警,焚烧炉出口氧含量偏高
2025-07-05 22:48:00,1,预警,焚烧炉出口氧含量偏高
2025-07-05 22:50:00,1,预警,焚烧炉出口氧含量偏高
2025-07-05 22:52:00,1,预警,焚烧炉出口氧含量偏高
2025-07-05 22:54:00,1,预警,焚烧炉出口氧含量偏高
