﻿时间,炉号,预警/报警类型,预警/报警事件
2025-07-06 00:20:00,1,预警,焚烧炉出口氧含量偏高
2025-07-06 00:22:00,1,预警,焚烧炉出口氧含量偏高
2025-07-06 00:26:00,1,预警,焚烧炉出口氧含量偏高
2025-07-06 00:28:00,1,预警,焚烧炉出口氧含量偏高
2025-07-06 00:30:00,1,预警,焚烧炉出口氧含量偏高
2025-07-06 00:32:00,1,预警,焚烧炉出口氧含量偏高
2025-07-06 00:34:00,1,预警,焚烧炉出口氧含量偏高
2025-07-06 00:36:00,1,预警,焚烧炉出口氧含量偏高
2025-07-06 00:38:00,1,预警,焚烧炉出口氧含量偏高
2025-07-06 00:40:00,1,预警,焚烧炉出口氧含量偏高
2025-07-06 00:42:00,1,预警,焚烧炉出口氧含量偏高
2025-07-06 00:44:00,1,预警,焚烧炉出口氧含量偏高
2025-07-06 00:46:00,1,预警,焚烧炉出口氧含量偏高
2025-07-06 00:48:00,1,预警,焚烧炉出口氧含量偏高
2025-07-06 00:50:00,1,预警,焚烧炉出口氧含量偏高
2025-07-06 00:52:00,1,预警,焚烧炉出口氧含量偏高
2025-07-06 00:54:00,1,预警,焚烧炉出口氧含量偏高
2025-07-06 00:56:00,1,预警,焚烧炉出口氧含量偏高
2025-07-06 00:58:00,1,预警,焚烧炉出口氧含量偏高
2025-07-06 01:00:00,1,预警,焚烧炉出口氧含量偏高
2025-07-06 01:02:00,1,预警,焚烧炉出口氧含量偏高
2025-07-06 01:04:00,1,预警,焚烧炉出口氧含量偏高
2025-07-06 01:06:00,1,预警,焚烧炉出口氧含量偏高
2025-07-06 01:08:00,1,预警,焚烧炉出口氧含量偏高
2025-07-06 01:10:00,1,预警,焚烧炉出口氧含量偏高
2025-07-06 01:12:00,1,预警,焚烧炉出口氧含量偏高
2025-07-06 01:22:00,1,预警,焚烧炉出口氧含量偏高
2025-07-06 01:30:00,1,预警,焚烧炉出口氧含量偏高
2025-07-06 01:32:00,1,预警,焚烧炉出口氧含量偏高
2025-07-06 01:34:00,1,预警,焚烧炉出口氧含量偏高
2025-07-06 01:36:00,1,预警,焚烧炉出口氧含量偏高
2025-07-06 01:40:00,1,预警,焚烧炉出口氧含量偏高
2025-07-06 01:48:00,1,预警,焚烧炉出口氧含量偏高
2025-07-06 01:50:00,1,预警,焚烧炉出口氧含量偏高
2025-07-06 01:52:00,1,预警,焚烧炉出口氧含量偏高
2025-07-06 02:08:00,1,预警,焚烧炉出口氧含量偏高
2025-07-06 02:18:00,1,预警,焚烧炉出口氧含量偏高
2025-07-06 02:28:00,1,预警,焚烧炉出口氧含量偏高
2025-07-06 02:38:00,1,预警,焚烧炉出口氧含量偏高
2025-07-06 03:02:00,1,预警,焚烧炉出口氧含量偏高
2025-07-06 03:08:00,1,预警,焚烧炉出口氧含量偏高
2025-07-06 03:10:00,1,预警,焚烧炉出口氧含量偏高
2025-07-06 03:12:00,1,预警,焚烧炉出口氧含量偏高
2025-07-06 03:14:00,1,预警,焚烧炉出口氧含量偏高
2025-07-06 03:16:00,1,预警,焚烧炉出口氧含量偏高
2025-07-06 03:18:00,1,预警,焚烧炉出口氧含量偏高
2025-07-06 03:20:00,1,预警,焚烧炉出口氧含量偏高
2025-07-06 03:22:00,1,预警,焚烧炉出口氧含量偏高
2025-07-06 03:24:00,1,预警,焚烧炉出口氧含量偏高
2025-07-06 03:26:00,1,预警,焚烧炉出口氧含量偏高
2025-07-06 03:28:00,1,预警,焚烧炉出口氧含量偏高
2025-07-06 03:30:00,1,预警,焚烧炉出口氧含量偏高
2025-07-06 03:32:00,1,预警,焚烧炉出口氧含量偏高
2025-07-06 03:34:00,1,预警,焚烧炉出口氧含量偏高
2025-07-06 03:36:00,1,预警,焚烧炉出口氧含量偏高
2025-07-06 03:38:00,1,预警,焚烧炉出口氧含量偏高
2025-07-06 03:40:00,1,预警,焚烧炉出口氧含量偏高
2025-07-06 03:42:00,1,预警,焚烧炉出口氧含量偏高
2025-07-06 03:44:00,1,预警,焚烧炉出口氧含量偏高
2025-07-06 03:46:00,1,预警,焚烧炉出口氧含量偏高
2025-07-06 03:48:00,1,预警,焚烧炉出口氧含量偏高
2025-07-06 03:50:00,1,预警,焚烧炉出口氧含量偏高
2025-07-06 03:52:00,1,预警,焚烧炉出口氧含量偏高
2025-07-06 03:54:00,1,预警,焚烧炉出口氧含量偏高
2025-07-06 03:56:00,1,预警,焚烧炉出口氧含量偏高
2025-07-06 03:58:00,1,预警,焚烧炉出口氧含量偏高
2025-07-06 04:00:00,1,预警,焚烧炉出口氧含量偏高
2025-07-06 04:12:00,1,预警,焚烧炉出口氧含量偏高
2025-07-06 04:20:00,1,预警,焚烧炉出口氧含量偏高
2025-07-06 04:22:00,1,预警,焚烧炉出口氧含量偏高
2025-07-06 04:26:00,1,预警,焚烧炉出口氧含量偏高
2025-07-06 04:30:00,1,预警,焚烧炉出口氧含量偏高
2025-07-06 04:32:00,1,预警,焚烧炉出口氧含量偏高
2025-07-06 04:34:00,1,预警,焚烧炉出口氧含量偏高
2025-07-06 04:36:00,1,预警,焚烧炉出口氧含量偏高
2025-07-06 04:38:00,1,预警,焚烧炉出口氧含量偏高
2025-07-06 04:40:00,1,预警,焚烧炉出口氧含量偏高
2025-07-06 04:42:00,1,预警,焚烧炉出口氧含量偏高
2025-07-06 04:44:00,1,预警,焚烧炉出口氧含量偏高
2025-07-06 04:46:00,1,预警,焚烧炉出口氧含量偏高
2025-07-06 04:48:00,1,预警,焚烧炉出口氧含量偏高
2025-07-06 04:50:00,1,预警,焚烧炉出口氧含量偏高
2025-07-06 04:52:00,1,预警,焚烧炉出口氧含量偏高
2025-07-06 04:54:00,1,预警,焚烧炉出口氧含量偏高
2025-07-06 04:56:00,1,预警,焚烧炉出口氧含量偏高
2025-07-06 04:58:00,1,预警,焚烧炉出口氧含量偏高
2025-07-06 05:00:00,1,预警,焚烧炉出口氧含量偏高
2025-07-06 05:02:00,1,预警,焚烧炉出口氧含量偏高
2025-07-06 05:04:00,1,预警,焚烧炉出口氧含量偏高
2025-07-06 05:06:00,1,预警,焚烧炉出口氧含量偏高
2025-07-06 05:08:00,1,预警,焚烧炉出口氧含量偏高
2025-07-06 05:10:00,1,预警,焚烧炉出口氧含量偏高
2025-07-06 05:16:00,1,预警,焚烧炉出口氧含量偏高
2025-07-06 05:18:00,1,预警,焚烧炉出口氧含量偏高
2025-07-06 05:20:00,1,预警,焚烧炉出口氧含量偏高
2025-07-06 05:22:00,1,预警,焚烧炉出口氧含量偏高
2025-07-06 05:24:00,1,预警,焚烧炉出口氧含量偏高
2025-07-06 05:26:00,1,预警,焚烧炉出口氧含量偏高
2025-07-06 05:32:00,1,预警,焚烧炉出口氧含量偏高
2025-07-06 05:34:00,1,预警,焚烧炉出口氧含量偏高
2025-07-06 05:36:00,1,预警,焚烧炉出口氧含量偏高
2025-07-06 05:38:00,1,预警,焚烧炉出口氧含量偏高
2025-07-06 05:40:00,1,预警,焚烧炉出口氧含量偏高
2025-07-06 05:42:00,1,预警,焚烧炉出口氧含量偏高
2025-07-06 05:44:00,1,预警,焚烧炉出口氧含量偏高
2025-07-06 05:46:00,1,预警,焚烧炉出口氧含量偏高
2025-07-06 05:48:00,1,预警,焚烧炉出口氧含量偏高
2025-07-06 05:50:00,1,预警,焚烧炉出口氧含量偏高
2025-07-06 05:52:00,1,预警,焚烧炉出口氧含量偏高
2025-07-06 05:54:00,1,预警,焚烧炉出口氧含量偏高
2025-07-06 05:56:00,1,预警,焚烧炉出口氧含量偏高
2025-07-06 05:58:00,1,预警,焚烧炉出口氧含量偏高
2025-07-06 06:00:00,1,预警,焚烧炉出口氧含量偏高
2025-07-06 06:02:00,1,预警,焚烧炉出口氧含量偏高
2025-07-06 06:04:00,1,预警,焚烧炉出口氧含量偏高
2025-07-06 06:16:00,1,预警,焚烧炉出口氧含量偏高
2025-07-06 06:20:00,1,预警,焚烧炉出口氧含量偏高
2025-07-06 06:22:00,1,预警,焚烧炉出口氧含量偏高
2025-07-06 06:24:00,1,预警,焚烧炉出口氧含量偏高
2025-07-06 06:26:00,1,预警,焚烧炉出口氧含量偏高
2025-07-06 06:28:00,1,预警,焚烧炉出口氧含量偏高
2025-07-06 06:30:00,1,预警,焚烧炉出口氧含量偏高
2025-07-06 06:32:00,1,预警,焚烧炉出口氧含量偏高
2025-07-06 06:34:00,1,预警,焚烧炉出口氧含量偏高
2025-07-06 06:36:00,1,预警,焚烧炉出口氧含量偏高
2025-07-06 06:38:00,1,预警,焚烧炉出口氧含量偏高
2025-07-06 06:40:00,1,预警,焚烧炉出口氧含量偏高
2025-07-06 06:42:00,1,预警,焚烧炉出口氧含量偏高
2025-07-06 06:44:00,1,预警,焚烧炉出口氧含量偏高
2025-07-06 06:46:00,1,预警,焚烧炉出口氧含量偏高
2025-07-06 06:48:00,1,预警,焚烧炉出口氧含量偏高
2025-07-06 06:50:00,1,预警,焚烧炉出口氧含量偏高
2025-07-06 06:52:00,1,预警,焚烧炉出口氧含量偏高
2025-07-06 06:54:00,1,预警,焚烧炉出口氧含量偏高
2025-07-06 06:56:00,1,预警,焚烧炉出口氧含量偏高
2025-07-06 06:58:00,1,预警,焚烧炉出口氧含量偏高
2025-07-06 07:00:00,1,预警,焚烧炉出口氧含量偏高
2025-07-06 07:02:00,1,预警,焚烧炉出口氧含量偏高
2025-07-06 07:04:00,1,预警,焚烧炉出口氧含量偏高
2025-07-06 07:06:00,1,预警,焚烧炉出口氧含量偏高
2025-07-06 07:08:00,1,预警,焚烧炉出口氧含量偏高
2025-07-06 07:10:00,1,预警,焚烧炉出口氧含量偏高
2025-07-06 07:12:00,1,预警,焚烧炉出口氧含量偏高
2025-07-06 07:14:00,1,预警,焚烧炉出口氧含量偏高
2025-07-06 07:16:00,1,预警,焚烧炉出口氧含量偏高
2025-07-06 07:18:00,1,预警,焚烧炉出口氧含量偏高
2025-07-06 07:20:00,1,预警,焚烧炉出口氧含量偏高
2025-07-06 07:22:00,1,预警,焚烧炉出口氧含量偏高
2025-07-06 07:26:00,1,预警,焚烧炉出口氧含量偏高
2025-07-06 07:38:00,1,预警,焚烧炉出口氧含量偏高
2025-07-06 07:48:00,1,预警,焚烧炉出口氧含量偏高
2025-07-06 07:52:00,1,预警,焚烧炉出口氧含量偏高
2025-07-06 07:54:00,1,预警,焚烧炉出口氧含量偏高
2025-07-06 07:56:00,1,预警,焚烧炉出口氧含量偏高
2025-07-06 08:04:00,1,预警,焚烧炉出口氧含量偏高
2025-07-06 08:06:00,1,预警,焚烧炉出口氧含量偏高
2025-07-06 08:48:00,1,预警,焚烧炉出口氧含量偏高
2025-07-06 09:18:00,1,预警,焚烧炉出口氧含量偏高
2025-07-06 09:20:00,1,预警,焚烧炉出口氧含量偏高
2025-07-06 09:22:00,1,预警,焚烧炉出口氧含量偏高
2025-07-06 09:24:00,1,预警,焚烧炉出口氧含量偏高
2025-07-06 09:26:00,1,预警,焚烧炉出口氧含量偏高
2025-07-06 09:28:00,1,预警,焚烧炉出口氧含量偏高
2025-07-06 09:30:00,1,预警,焚烧炉出口氧含量偏高
2025-07-06 09:32:00,1,预警,焚烧炉出口氧含量偏高
2025-07-06 09:34:00,1,预警,焚烧炉出口氧含量偏高
2025-07-06 09:36:00,1,预警,焚烧炉出口氧含量偏高
2025-07-06 09:38:00,1,预警,焚烧炉出口氧含量偏高
2025-07-06 09:40:00,1,预警,焚烧炉出口氧含量偏高
2025-07-06 09:42:00,1,预警,焚烧炉出口氧含量偏高
2025-07-06 09:44:00,1,预警,焚烧炉出口氧含量偏高
2025-07-06 09:46:00,1,预警,焚烧炉出口氧含量偏高
2025-07-06 09:48:00,1,预警,焚烧炉出口氧含量偏高
2025-07-06 10:36:00,1,预警,焚烧炉出口氧含量偏高
2025-07-06 10:38:00,1,预警,焚烧炉出口氧含量偏高
2025-07-06 10:40:00,1,预警,焚烧炉出口氧含量偏高
2025-07-06 10:56:00,1,预警,焚烧炉出口氧含量偏高
2025-07-06 10:58:00,1,预警,焚烧炉出口氧含量偏高
2025-07-06 11:04:00,1,预警,焚烧炉出口氧含量偏高
2025-07-06 11:06:00,1,预警,焚烧炉出口氧含量偏高
2025-07-06 11:08:00,1,预警,焚烧炉出口氧含量偏高
2025-07-06 11:16:00,1,预警,焚烧炉出口氧含量偏高
2025-07-06 11:18:00,1,预警,焚烧炉出口氧含量偏高
2025-07-06 11:20:00,1,预警,焚烧炉出口氧含量偏高
2025-07-06 11:22:00,1,预警,焚烧炉出口氧含量偏高
2025-07-06 11:24:00,1,预警,焚烧炉出口氧含量偏高
2025-07-06 11:26:00,1,预警,焚烧炉出口氧含量偏高
2025-07-06 11:28:00,1,预警,焚烧炉出口氧含量偏高
2025-07-06 11:30:00,1,预警,焚烧炉出口氧含量偏高
2025-07-06 11:32:00,1,预警,焚烧炉出口氧含量偏高
2025-07-06 11:34:00,1,预警,焚烧炉出口氧含量偏高
2025-07-06 11:36:00,1,预警,焚烧炉出口氧含量偏高
2025-07-06 11:38:00,1,预警,焚烧炉出口氧含量偏高
2025-07-06 11:40:00,1,预警,焚烧炉出口氧含量偏高
2025-07-06 11:42:00,1,预警,焚烧炉出口氧含量偏高
2025-07-06 11:44:00,1,预警,焚烧炉出口氧含量偏高
2025-07-06 11:46:00,1,预警,焚烧炉出口氧含量偏高
2025-07-06 11:48:00,1,预警,焚烧炉出口氧含量偏高
2025-07-06 11:52:00,1,预警,焚烧炉出口氧含量偏高
2025-07-06 11:54:00,1,预警,焚烧炉出口氧含量偏高
2025-07-06 11:56:00,1,预警,焚烧炉出口氧含量偏高
2025-07-06 11:58:00,1,预警,焚烧炉出口氧含量偏高
2025-07-06 12:00:00,1,预警,焚烧炉出口氧含量偏高
2025-07-06 12:02:00,1,预警,焚烧炉出口氧含量偏高
2025-07-06 12:04:00,1,预警,焚烧炉出口氧含量偏高
2025-07-06 12:06:00,1,预警,焚烧炉出口氧含量偏高
2025-07-06 12:08:00,1,预警,焚烧炉出口氧含量偏高
2025-07-06 12:10:00,1,预警,焚烧炉出口氧含量偏高
2025-07-06 12:12:00,1,预警,焚烧炉出口氧含量偏高
2025-07-06 12:14:00,1,预警,焚烧炉出口氧含量偏高
2025-07-06 12:16:00,1,预警,焚烧炉出口氧含量偏高
2025-07-06 12:18:00,1,预警,焚烧炉出口氧含量偏高
2025-07-06 12:20:00,1,预警,焚烧炉出口氧含量偏高
2025-07-06 12:22:00,1,预警,焚烧炉出口氧含量偏高
2025-07-06 12:24:00,1,预警,焚烧炉出口氧含量偏高
2025-07-06 12:26:00,1,预警,焚烧炉出口氧含量偏高
2025-07-06 12:28:00,1,预警,焚烧炉出口氧含量偏高
2025-07-06 12:30:00,1,预警,焚烧炉出口氧含量偏高
2025-07-06 12:32:00,1,预警,焚烧炉出口氧含量偏高
2025-07-06 12:34:00,1,预警,焚烧炉出口氧含量偏高
2025-07-06 12:38:00,1,预警,焚烧炉出口氧含量偏高
2025-07-06 12:40:00,1,预警,焚烧炉出口氧含量偏高
2025-07-06 12:42:00,1,预警,焚烧炉出口氧含量偏高
2025-07-06 12:44:00,1,预警,焚烧炉出口氧含量偏高
2025-07-06 12:46:00,1,预警,焚烧炉出口氧含量偏高
2025-07-06 12:48:00,1,预警,焚烧炉出口氧含量偏高
2025-07-06 12:50:00,1,预警,焚烧炉出口氧含量偏高
2025-07-06 12:52:00,1,预警,焚烧炉出口氧含量偏高
2025-07-06 12:54:00,1,预警,焚烧炉出口氧含量偏高
2025-07-06 12:56:00,1,预警,焚烧炉出口氧含量偏高
2025-07-06 12:58:00,1,预警,焚烧炉出口氧含量偏高
2025-07-06 13:00:00,1,预警,焚烧炉出口氧含量偏高
2025-07-06 13:02:00,1,预警,焚烧炉出口氧含量偏高
2025-07-06 13:04:00,1,预警,焚烧炉出口氧含量偏高
2025-07-06 13:06:00,1,预警,焚烧炉出口氧含量偏高
2025-07-06 13:10:00,1,预警,焚烧炉出口氧含量偏高
2025-07-06 13:12:00,1,预警,焚烧炉出口氧含量偏高
2025-07-06 13:22:00,1,预警,焚烧炉出口氧含量偏高
2025-07-06 13:28:00,1,预警,焚烧炉出口氧含量偏高
2025-07-06 13:30:00,1,预警,焚烧炉出口氧含量偏高
2025-07-06 13:32:00,1,预警,焚烧炉出口氧含量偏高
2025-07-06 13:34:00,1,预警,焚烧炉出口氧含量偏高
2025-07-06 13:36:00,1,预警,焚烧炉出口氧含量偏高
2025-07-06 13:38:00,1,预警,焚烧炉出口氧含量偏高
2025-07-06 13:40:00,1,预警,焚烧炉出口氧含量偏高
2025-07-06 13:42:00,1,预警,焚烧炉出口氧含量偏高
2025-07-06 13:44:00,1,预警,焚烧炉出口氧含量偏高
2025-07-06 13:46:00,1,预警,焚烧炉出口氧含量偏高
2025-07-06 13:48:00,1,预警,焚烧炉出口氧含量偏高
2025-07-06 13:50:00,1,预警,焚烧炉出口氧含量偏高
2025-07-06 13:52:00,1,预警,焚烧炉出口氧含量偏高
2025-07-06 13:54:00,1,预警,焚烧炉出口氧含量偏高
2025-07-06 13:56:00,1,预警,焚烧炉出口氧含量偏高
2025-07-06 13:58:00,1,预警,焚烧炉出口氧含量偏高
2025-07-06 14:00:00,1,预警,焚烧炉出口氧含量偏高
2025-07-06 14:02:00,1,预警,焚烧炉出口氧含量偏高
2025-07-06 14:04:00,1,预警,焚烧炉出口氧含量偏高
2025-07-06 14:08:00,1,预警,焚烧炉出口氧含量偏高
2025-07-06 14:32:00,1,预警,焚烧炉出口氧含量偏高
2025-07-06 14:34:00,1,预警,焚烧炉出口氧含量偏高
2025-07-06 14:36:00,1,预警,焚烧炉出口氧含量偏高
2025-07-06 14:38:00,1,预警,焚烧炉出口氧含量偏高
2025-07-06 14:40:00,1,预警,焚烧炉出口氧含量偏高
2025-07-06 14:48:00,1,预警,焚烧炉出口氧含量偏高
2025-07-06 14:50:00,1,预警,焚烧炉出口氧含量偏高
2025-07-06 14:52:00,1,预警,焚烧炉出口氧含量偏高
2025-07-06 14:54:00,1,预警,焚烧炉出口氧含量偏高
2025-07-06 14:56:00,1,预警,焚烧炉出口氧含量偏高
2025-07-06 14:58:00,1,预警,焚烧炉出口氧含量偏高
2025-07-06 15:00:00,1,预警,焚烧炉出口氧含量偏高
2025-07-06 15:02:00,1,预警,焚烧炉出口氧含量偏高
2025-07-06 15:04:00,1,预警,焚烧炉出口氧含量偏高
2025-07-06 15:06:00,1,预警,焚烧炉出口氧含量偏高
2025-07-06 15:08:00,1,预警,焚烧炉出口氧含量偏高
2025-07-06 15:14:00,1,预警,焚烧炉出口氧含量偏高
2025-07-06 15:16:00,1,预警,焚烧炉出口氧含量偏高
2025-07-06 15:18:00,1,预警,焚烧炉出口氧含量偏高
2025-07-06 15:20:00,1,预警,焚烧炉出口氧含量偏高
2025-07-06 15:22:00,1,预警,焚烧炉出口氧含量偏高
2025-07-06 15:24:00,1,预警,焚烧炉出口氧含量偏高
2025-07-06 15:26:00,1,预警,焚烧炉出口氧含量偏高
2025-07-06 15:28:00,1,预警,焚烧炉出口氧含量偏高
2025-07-06 15:30:00,1,预警,焚烧炉出口氧含量偏高
2025-07-06 15:32:00,1,预警,焚烧炉出口氧含量偏高
2025-07-06 15:34:00,1,预警,焚烧炉出口氧含量偏高
2025-07-06 15:36:00,1,预警,焚烧炉出口氧含量偏高
2025-07-06 15:38:00,1,预警,焚烧炉出口氧含量偏高
2025-07-06 16:10:00,1,预警,焚烧炉出口氧含量偏高
2025-07-06 16:12:00,1,预警,焚烧炉出口氧含量偏高
2025-07-06 16:56:00,1,预警,焚烧炉出口氧含量偏高
2025-07-06 16:58:00,1,预警,焚烧炉出口氧含量偏高
2025-07-06 17:04:00,1,预警,焚烧炉出口氧含量偏高
2025-07-06 17:14:00,1,预警,焚烧炉出口氧含量偏高
2025-07-06 17:18:00,1,预警,焚烧炉出口氧含量偏高
2025-07-06 17:20:00,1,预警,焚烧炉出口氧含量偏高
2025-07-06 17:26:00,1,预警,焚烧炉出口氧含量偏高
2025-07-06 17:28:00,1,预警,焚烧炉出口氧含量偏高
2025-07-06 17:34:00,1,预警,焚烧炉出口氧含量偏高
2025-07-06 17:36:00,1,预警,焚烧炉出口氧含量偏高
2025-07-06 17:42:00,1,预警,焚烧炉出口氧含量偏高
2025-07-06 17:44:00,1,预警,焚烧炉出口氧含量偏高
2025-07-06 17:46:00,1,预警,焚烧炉出口氧含量偏高
2025-07-06 17:48:00,1,预警,焚烧炉出口氧含量偏高
2025-07-06 17:50:00,1,预警,焚烧炉出口氧含量偏高
2025-07-06 17:52:00,1,预警,焚烧炉出口氧含量偏高
2025-07-06 17:54:00,1,预警,焚烧炉出口氧含量偏高
2025-07-06 17:56:00,1,预警,焚烧炉出口氧含量偏高
2025-07-06 17:58:00,1,预警,焚烧炉出口氧含量偏高
2025-07-06 18:00:00,1,预警,焚烧炉出口氧含量偏高
2025-07-06 18:02:00,1,预警,焚烧炉出口氧含量偏高
2025-07-06 18:04:00,1,预警,焚烧炉出口氧含量偏高
2025-07-06 18:06:00,1,预警,焚烧炉出口氧含量偏高
2025-07-06 18:08:00,1,预警,焚烧炉出口氧含量偏高
2025-07-06 18:10:00,1,预警,焚烧炉出口氧含量偏高
2025-07-06 18:12:00,1,预警,焚烧炉出口氧含量偏高
2025-07-06 18:14:00,1,预警,焚烧炉出口氧含量偏高
2025-07-06 18:16:00,1,预警,焚烧炉出口氧含量偏高
2025-07-06 18:18:00,1,预警,焚烧炉出口氧含量偏高
2025-07-06 18:20:00,1,预警,焚烧炉出口氧含量偏高
2025-07-06 18:22:00,1,预警,焚烧炉出口氧含量偏高
2025-07-06 18:24:00,1,预警,焚烧炉出口氧含量偏高
2025-07-06 18:26:00,1,预警,焚烧炉出口氧含量偏高
2025-07-06 18:28:00,1,预警,焚烧炉出口氧含量偏高
2025-07-06 18:30:00,1,预警,焚烧炉出口氧含量偏高
2025-07-06 18:32:00,1,预警,焚烧炉出口氧含量偏高
2025-07-06 18:34:00,1,预警,焚烧炉出口氧含量偏高
2025-07-06 18:36:00,1,预警,焚烧炉出口氧含量偏高
2025-07-06 18:38:00,1,预警,焚烧炉出口氧含量偏高
2025-07-06 18:40:00,1,预警,焚烧炉出口氧含量偏高
2025-07-06 18:42:00,1,预警,焚烧炉出口氧含量偏高
2025-07-06 18:44:00,1,预警,焚烧炉出口氧含量偏高
2025-07-06 18:46:00,1,预警,焚烧炉出口氧含量偏高
2025-07-06 18:48:00,1,预警,焚烧炉出口氧含量偏高
2025-07-06 18:50:00,1,预警,焚烧炉出口氧含量偏高
2025-07-06 18:52:00,1,预警,焚烧炉出口氧含量偏高
2025-07-06 18:54:00,1,预警,焚烧炉出口氧含量偏高
2025-07-06 18:56:00,1,预警,焚烧炉出口氧含量偏高
2025-07-06 18:58:00,1,预警,焚烧炉出口氧含量偏高
2025-07-06 19:00:00,1,预警,焚烧炉出口氧含量偏高
2025-07-06 19:02:00,1,预警,焚烧炉出口氧含量偏高
2025-07-06 19:04:00,1,预警,焚烧炉出口氧含量偏高
2025-07-06 19:06:00,1,预警,焚烧炉出口氧含量偏高
2025-07-06 19:08:00,1,预警,焚烧炉出口氧含量偏高
2025-07-06 19:10:00,1,预警,焚烧炉出口氧含量偏高
2025-07-06 19:12:00,1,预警,焚烧炉出口氧含量偏高
2025-07-06 19:14:00,1,预警,焚烧炉出口氧含量偏高
2025-07-06 19:16:00,1,预警,焚烧炉出口氧含量偏高
2025-07-06 19:18:00,1,预警,焚烧炉出口氧含量偏高
2025-07-06 19:20:00,1,预警,焚烧炉出口氧含量偏高
2025-07-06 19:22:00,1,预警,焚烧炉出口氧含量偏高
2025-07-06 19:24:00,1,预警,焚烧炉出口氧含量偏高
2025-07-06 19:26:00,1,预警,焚烧炉出口氧含量偏高
2025-07-06 19:28:00,1,预警,焚烧炉出口氧含量偏高
2025-07-06 19:30:00,1,预警,焚烧炉出口氧含量偏高
2025-07-06 19:32:00,1,预警,焚烧炉出口氧含量偏高
2025-07-06 19:34:00,1,预警,焚烧炉出口氧含量偏高
2025-07-06 19:36:00,1,预警,焚烧炉出口氧含量偏高
2025-07-06 19:38:00,1,预警,焚烧炉出口氧含量偏高
2025-07-06 19:40:00,1,预警,焚烧炉出口氧含量偏高
2025-07-06 19:42:00,1,预警,焚烧炉出口氧含量偏高
2025-07-06 19:44:00,1,预警,焚烧炉出口氧含量偏高
2025-07-06 19:46:00,1,预警,焚烧炉出口氧含量偏高
2025-07-06 19:48:00,1,预警,焚烧炉出口氧含量偏高
2025-07-06 19:50:00,1,预警,焚烧炉出口氧含量偏高
2025-07-06 19:52:00,1,预警,焚烧炉出口氧含量偏高
2025-07-06 19:54:00,1,预警,焚烧炉出口氧含量偏高
2025-07-06 19:56:00,1,预警,焚烧炉出口氧含量偏高
2025-07-06 19:58:00,1,预警,焚烧炉出口氧含量偏高
2025-07-06 20:00:00,1,预警,焚烧炉出口氧含量偏高
2025-07-06 20:02:00,1,预警,焚烧炉出口氧含量偏高
2025-07-06 20:04:00,1,预警,焚烧炉出口氧含量偏高
2025-07-06 20:06:00,1,预警,焚烧炉出口氧含量偏高
2025-07-06 20:08:00,1,预警,焚烧炉出口氧含量偏高
2025-07-06 20:10:00,1,预警,焚烧炉出口氧含量偏高
2025-07-06 20:12:00,1,预警,焚烧炉出口氧含量偏高
2025-07-06 20:14:00,1,预警,焚烧炉出口氧含量偏高
2025-07-06 20:16:00,1,预警,焚烧炉出口氧含量偏高
2025-07-06 20:18:00,1,预警,焚烧炉出口氧含量偏高
2025-07-06 20:20:00,1,预警,焚烧炉出口氧含量偏高
2025-07-06 20:22:00,1,预警,焚烧炉出口氧含量偏高
2025-07-06 20:24:00,1,预警,焚烧炉出口氧含量偏高
2025-07-06 20:26:00,1,预警,焚烧炉出口氧含量偏高
2025-07-06 20:28:00,1,预警,焚烧炉出口氧含量偏高
2025-07-06 20:30:00,1,预警,焚烧炉出口氧含量偏高
2025-07-06 20:32:00,1,预警,焚烧炉出口氧含量偏高
2025-07-06 20:34:00,1,预警,焚烧炉出口氧含量偏高
2025-07-06 20:36:00,1,预警,焚烧炉出口氧含量偏高
2025-07-06 20:40:00,1,预警,焚烧炉出口氧含量偏高
2025-07-06 20:44:00,1,预警,焚烧炉出口氧含量偏高
2025-07-06 21:52:00,1,预警,焚烧炉出口氧含量偏高
2025-07-06 21:54:00,1,预警,焚烧炉出口氧含量偏高
2025-07-06 21:56:00,1,预警,焚烧炉出口氧含量偏高
2025-07-06 21:58:00,1,预警,焚烧炉出口氧含量偏高
2025-07-06 22:00:00,1,预警,焚烧炉出口氧含量偏高
2025-07-06 22:04:00,1,预警,焚烧炉出口氧含量偏高
2025-07-06 22:06:00,1,预警,焚烧炉出口氧含量偏高
2025-07-06 22:08:00,1,预警,焚烧炉出口氧含量偏高
2025-07-06 22:10:00,1,预警,焚烧炉出口氧含量偏高
2025-07-06 22:12:00,1,预警,焚烧炉出口氧含量偏高
2025-07-06 22:14:00,1,预警,焚烧炉出口氧含量偏高
2025-07-06 22:16:00,1,预警,焚烧炉出口氧含量偏高
2025-07-06 22:18:00,1,预警,焚烧炉出口氧含量偏高
2025-07-06 22:20:00,1,预警,焚烧炉出口氧含量偏高
2025-07-06 22:22:00,1,预警,焚烧炉出口氧含量偏高
2025-07-06 22:24:00,1,预警,焚烧炉出口氧含量偏高
2025-07-06 22:26:00,1,预警,焚烧炉出口氧含量偏高
2025-07-06 22:28:00,1,预警,焚烧炉出口氧含量偏高
2025-07-06 22:30:00,1,预警,焚烧炉出口氧含量偏高
2025-07-06 22:38:00,1,预警,焚烧炉出口氧含量偏高
2025-07-06 22:42:00,1,预警,焚烧炉出口氧含量偏高
2025-07-06 22:44:00,1,预警,焚烧炉出口氧含量偏高
2025-07-06 22:58:00,1,预警,焚烧炉出口氧含量偏高
2025-07-06 23:06:00,1,预警,焚烧炉出口氧含量偏高
2025-07-06 23:20:00,1,预警,焚烧炉出口氧含量偏高
2025-07-06 23:48:00,1,预警,焚烧炉出口氧含量偏高
