﻿时间,炉号,预警/报警类型,预警/报警事件
2025-07-07 00:14:00,1,预警,焚烧炉出口氧含量偏高
2025-07-07 00:16:00,1,预警,焚烧炉出口氧含量偏高
2025-07-07 00:18:00,1,预警,焚烧炉出口氧含量偏高
2025-07-07 00:20:00,1,预警,焚烧炉出口氧含量偏高
2025-07-07 00:22:00,1,预警,焚烧炉出口氧含量偏高
2025-07-07 00:24:00,1,预警,焚烧炉出口氧含量偏高
2025-07-07 00:26:00,1,预警,焚烧炉出口氧含量偏高
2025-07-07 00:28:00,1,预警,焚烧炉出口氧含量偏高
2025-07-07 00:30:00,1,预警,焚烧炉出口氧含量偏高
2025-07-07 00:32:00,1,预警,焚烧炉出口氧含量偏高
2025-07-07 00:34:00,1,预警,焚烧炉出口氧含量偏高
2025-07-07 00:36:00,1,预警,焚烧炉出口氧含量偏高
2025-07-07 00:38:00,1,预警,焚烧炉出口氧含量偏高
2025-07-07 00:40:00,1,预警,焚烧炉出口氧含量偏高
2025-07-07 00:42:00,1,预警,焚烧炉出口氧含量偏高
2025-07-07 00:44:00,1,预警,焚烧炉出口氧含量偏高
2025-07-07 00:46:00,1,预警,焚烧炉出口氧含量偏高
2025-07-07 00:48:00,1,预警,焚烧炉出口氧含量偏高
2025-07-07 00:50:00,1,预警,焚烧炉出口氧含量偏高
2025-07-07 01:00:00,1,预警,焚烧炉出口氧含量偏高
2025-07-07 01:02:00,1,预警,焚烧炉出口氧含量偏高
2025-07-07 01:04:00,1,预警,焚烧炉出口氧含量偏高
2025-07-07 01:06:00,1,预警,焚烧炉出口氧含量偏高
2025-07-07 01:08:00,1,预警,焚烧炉出口氧含量偏高
2025-07-07 01:12:00,1,预警,焚烧炉出口氧含量偏高
2025-07-07 01:14:00,1,预警,焚烧炉出口氧含量偏高
2025-07-07 01:16:00,1,预警,焚烧炉出口氧含量偏高
2025-07-07 01:18:00,1,预警,焚烧炉出口氧含量偏高
2025-07-07 01:20:00,1,预警,焚烧炉出口氧含量偏高
2025-07-07 01:22:00,1,预警,焚烧炉出口氧含量偏高
2025-07-07 01:24:00,1,预警,焚烧炉出口氧含量偏高
2025-07-07 01:26:00,1,预警,焚烧炉出口氧含量偏高
2025-07-07 01:28:00,1,预警,焚烧炉出口氧含量偏高
2025-07-07 01:30:00,1,预警,焚烧炉出口氧含量偏高
2025-07-07 01:32:00,1,预警,焚烧炉出口氧含量偏高
2025-07-07 01:34:00,1,预警,焚烧炉出口氧含量偏高
2025-07-07 01:40:00,1,预警,焚烧炉出口氧含量偏高
2025-07-07 01:42:00,1,预警,焚烧炉出口氧含量偏高
2025-07-07 01:44:00,1,预警,焚烧炉出口氧含量偏高
2025-07-07 01:46:00,1,预警,焚烧炉出口氧含量偏高
2025-07-07 01:50:00,1,预警,焚烧炉出口氧含量偏高
2025-07-07 02:12:00,1,预警,焚烧炉出口氧含量偏高
2025-07-07 02:16:00,1,预警,焚烧炉出口氧含量偏高
2025-07-07 02:18:00,1,预警,焚烧炉出口氧含量偏高
2025-07-07 02:28:00,1,预警,焚烧炉出口氧含量偏高
2025-07-07 02:30:00,1,预警,焚烧炉出口氧含量偏高
2025-07-07 02:32:00,1,预警,焚烧炉出口氧含量偏高
2025-07-07 02:38:00,1,预警,焚烧炉出口氧含量偏高
2025-07-07 02:52:00,1,预警,焚烧炉出口氧含量偏高
2025-07-07 02:54:00,1,预警,焚烧炉出口氧含量偏高
2025-07-07 02:56:00,1,预警,焚烧炉出口氧含量偏高
2025-07-07 02:58:00,1,预警,焚烧炉出口氧含量偏高
2025-07-07 03:00:00,1,预警,焚烧炉出口氧含量偏高
2025-07-07 03:02:00,1,预警,焚烧炉出口氧含量偏高
2025-07-07 03:04:00,1,预警,焚烧炉出口氧含量偏高
2025-07-07 03:06:00,1,预警,焚烧炉出口氧含量偏高
2025-07-07 03:08:00,1,预警,焚烧炉出口氧含量偏高
2025-07-07 03:10:00,1,预警,焚烧炉出口氧含量偏高
2025-07-07 03:12:00,1,预警,焚烧炉出口氧含量偏高
2025-07-07 03:14:00,1,预警,焚烧炉出口氧含量偏高
2025-07-07 03:16:00,1,预警,焚烧炉出口氧含量偏高
2025-07-07 03:18:00,1,预警,焚烧炉出口氧含量偏高
2025-07-07 03:20:00,1,预警,焚烧炉出口氧含量偏高
2025-07-07 03:24:00,1,预警,焚烧炉出口氧含量偏高
2025-07-07 03:26:00,1,预警,焚烧炉出口氧含量偏高
2025-07-07 03:28:00,1,预警,焚烧炉出口氧含量偏高
2025-07-07 03:30:00,1,预警,焚烧炉出口氧含量偏高
2025-07-07 03:36:00,1,预警,焚烧炉出口氧含量偏高
2025-07-07 03:44:00,1,预警,焚烧炉出口氧含量偏高
2025-07-07 03:46:00,1,预警,焚烧炉出口氧含量偏高
2025-07-07 03:54:00,1,预警,焚烧炉出口氧含量偏高
2025-07-07 03:56:00,1,预警,焚烧炉出口氧含量偏高
2025-07-07 04:02:00,1,预警,焚烧炉出口氧含量偏高
2025-07-07 04:06:00,1,预警,焚烧炉出口氧含量偏高
2025-07-07 04:08:00,1,预警,焚烧炉出口氧含量偏高
2025-07-07 04:10:00,1,预警,焚烧炉出口氧含量偏高
2025-07-07 04:20:00,1,预警,焚烧炉出口氧含量偏高
2025-07-07 04:34:00,1,预警,焚烧炉出口氧含量偏高
2025-07-07 04:36:00,1,预警,焚烧炉出口氧含量偏高
2025-07-07 05:26:00,1,预警,焚烧炉出口氧含量偏高
2025-07-07 05:32:00,1,预警,焚烧炉出口氧含量偏高
2025-07-07 05:34:00,1,预警,焚烧炉出口氧含量偏高
2025-07-07 05:36:00,1,预警,焚烧炉出口氧含量偏高
2025-07-07 05:38:00,1,预警,焚烧炉出口氧含量偏高
2025-07-07 05:40:00,1,预警,焚烧炉出口氧含量偏高
2025-07-07 05:42:00,1,预警,焚烧炉出口氧含量偏高
2025-07-07 05:44:00,1,预警,焚烧炉出口氧含量偏高
2025-07-07 05:46:00,1,预警,焚烧炉出口氧含量偏高
2025-07-07 05:48:00,1,预警,焚烧炉出口氧含量偏高
2025-07-07 05:50:00,1,预警,焚烧炉出口氧含量偏高
2025-07-07 05:52:00,1,预警,焚烧炉出口氧含量偏高
2025-07-07 05:54:00,1,预警,焚烧炉出口氧含量偏高
2025-07-07 05:56:00,1,预警,焚烧炉出口氧含量偏高
2025-07-07 05:58:00,1,预警,焚烧炉出口氧含量偏高
2025-07-07 06:00:00,1,预警,焚烧炉出口氧含量偏高
2025-07-07 06:02:00,1,预警,焚烧炉出口氧含量偏高
2025-07-07 06:04:00,1,预警,焚烧炉出口氧含量偏高
2025-07-07 06:06:00,1,预警,焚烧炉出口氧含量偏高
2025-07-07 06:08:00,1,预警,焚烧炉出口氧含量偏高
2025-07-07 06:10:00,1,预警,焚烧炉出口氧含量偏高
2025-07-07 06:12:00,1,预警,焚烧炉出口氧含量偏高
2025-07-07 06:14:00,1,预警,焚烧炉出口氧含量偏高
2025-07-07 06:16:00,1,预警,焚烧炉出口氧含量偏高
2025-07-07 06:18:00,1,预警,焚烧炉出口氧含量偏高
2025-07-07 06:20:00,1,预警,焚烧炉出口氧含量偏高
2025-07-07 06:22:00,1,预警,焚烧炉出口氧含量偏高
2025-07-07 06:24:00,1,预警,焚烧炉出口氧含量偏高
2025-07-07 06:26:00,1,预警,焚烧炉出口氧含量偏高
2025-07-07 06:28:00,1,预警,焚烧炉出口氧含量偏高
2025-07-07 06:44:00,1,预警,焚烧炉出口氧含量偏高
2025-07-07 06:46:00,1,预警,焚烧炉出口氧含量偏高
2025-07-07 06:48:00,1,预警,焚烧炉出口氧含量偏高
2025-07-07 06:50:00,1,预警,焚烧炉出口氧含量偏高
2025-07-07 06:52:00,1,预警,焚烧炉出口氧含量偏高
2025-07-07 06:54:00,1,预警,焚烧炉出口氧含量偏高
2025-07-07 06:56:00,1,预警,焚烧炉出口氧含量偏高
2025-07-07 06:58:00,1,预警,焚烧炉出口氧含量偏高
2025-07-07 08:10:00,1,预警,焚烧炉出口氧含量偏高
2025-07-07 08:36:00,1,预警,焚烧炉出口氧含量偏高
2025-07-07 08:38:00,1,预警,焚烧炉出口氧含量偏高
2025-07-07 08:40:00,1,预警,焚烧炉出口氧含量偏高
2025-07-07 08:44:00,1,预警,焚烧炉出口氧含量偏高
2025-07-07 08:46:00,1,预警,焚烧炉出口氧含量偏高
2025-07-07 08:48:00,1,预警,焚烧炉出口氧含量偏高
2025-07-07 08:50:00,1,预警,焚烧炉出口氧含量偏高
2025-07-07 08:52:00,1,预警,焚烧炉出口氧含量偏高
2025-07-07 08:54:00,1,预警,焚烧炉出口氧含量偏高
2025-07-07 08:56:00,1,预警,焚烧炉出口氧含量偏高
2025-07-07 08:58:00,1,预警,焚烧炉出口氧含量偏高
2025-07-07 09:00:00,1,预警,焚烧炉出口氧含量偏高
2025-07-07 09:02:00,1,预警,焚烧炉出口氧含量偏高
2025-07-07 09:04:00,1,预警,焚烧炉出口氧含量偏高
2025-07-07 09:06:00,1,预警,焚烧炉出口氧含量偏高
2025-07-07 09:08:00,1,预警,焚烧炉出口氧含量偏高
2025-07-07 09:10:00,1,预警,焚烧炉出口氧含量偏高
2025-07-07 09:12:00,1,预警,焚烧炉出口氧含量偏高
2025-07-07 09:14:00,1,预警,焚烧炉出口氧含量偏高
2025-07-07 09:16:00,1,预警,焚烧炉出口氧含量偏高
2025-07-07 09:18:00,1,预警,焚烧炉出口氧含量偏高
2025-07-07 09:20:00,1,预警,焚烧炉出口氧含量偏高
2025-07-07 09:22:00,1,预警,焚烧炉出口氧含量偏高
2025-07-07 09:24:00,1,预警,焚烧炉出口氧含量偏高
2025-07-07 09:26:00,1,预警,焚烧炉出口氧含量偏高
2025-07-07 09:28:00,1,预警,焚烧炉出口氧含量偏高
2025-07-07 09:30:00,1,预警,焚烧炉出口氧含量偏高
2025-07-07 09:32:00,1,预警,焚烧炉出口氧含量偏高
2025-07-07 09:34:00,1,预警,焚烧炉出口氧含量偏高
2025-07-07 09:36:00,1,预警,焚烧炉出口氧含量偏高
2025-07-07 09:38:00,1,预警,焚烧炉出口氧含量偏高
2025-07-07 09:42:00,1,预警,焚烧炉出口氧含量偏高
2025-07-07 10:58:00,1,预警,焚烧炉出口氧含量偏高
2025-07-07 11:00:00,1,预警,焚烧炉出口氧含量偏高
2025-07-07 11:06:00,1,预警,焚烧炉出口氧含量偏高
2025-07-07 11:08:00,1,预警,焚烧炉出口氧含量偏高
2025-07-07 11:12:00,1,预警,焚烧炉出口氧含量偏高
2025-07-07 11:14:00,1,预警,焚烧炉出口氧含量偏高
2025-07-07 11:16:00,1,预警,焚烧炉出口氧含量偏高
2025-07-07 11:18:00,1,预警,焚烧炉出口氧含量偏高
2025-07-07 11:20:00,1,预警,焚烧炉出口氧含量偏高
2025-07-07 11:22:00,1,预警,焚烧炉出口氧含量偏高
2025-07-07 11:24:00,1,预警,焚烧炉出口氧含量偏高
2025-07-07 11:26:00,1,预警,焚烧炉出口氧含量偏高
2025-07-07 11:28:00,1,预警,焚烧炉出口氧含量偏高
2025-07-07 11:30:00,1,预警,焚烧炉出口氧含量偏高
2025-07-07 11:32:00,1,预警,焚烧炉出口氧含量偏高
2025-07-07 11:34:00,1,预警,焚烧炉出口氧含量偏高
2025-07-07 11:36:00,1,预警,焚烧炉出口氧含量偏高
2025-07-07 11:38:00,1,预警,焚烧炉出口氧含量偏高
2025-07-07 11:40:00,1,预警,焚烧炉出口氧含量偏高
2025-07-07 11:42:00,1,预警,焚烧炉出口氧含量偏高
2025-07-07 11:44:00,1,预警,焚烧炉出口氧含量偏高
2025-07-07 11:46:00,1,预警,焚烧炉出口氧含量偏高
2025-07-07 11:48:00,1,预警,焚烧炉出口氧含量偏高
2025-07-07 11:50:00,1,预警,焚烧炉出口氧含量偏高
2025-07-07 11:52:00,1,预警,焚烧炉出口氧含量偏高
2025-07-07 11:54:00,1,预警,焚烧炉出口氧含量偏高
2025-07-07 11:56:00,1,预警,焚烧炉出口氧含量偏高
2025-07-07 11:58:00,1,预警,焚烧炉出口氧含量偏高
2025-07-07 12:00:00,1,预警,焚烧炉出口氧含量偏高
2025-07-07 12:02:00,1,预警,焚烧炉出口氧含量偏高
2025-07-07 12:04:00,1,预警,焚烧炉出口氧含量偏高
2025-07-07 12:06:00,1,预警,焚烧炉出口氧含量偏高
2025-07-07 12:08:00,1,预警,焚烧炉出口氧含量偏高
2025-07-07 12:10:00,1,预警,焚烧炉出口氧含量偏高
2025-07-07 12:12:00,1,预警,焚烧炉出口氧含量偏高
2025-07-07 12:14:00,1,预警,焚烧炉出口氧含量偏高
2025-07-07 12:16:00,1,预警,焚烧炉出口氧含量偏高
2025-07-07 12:18:00,1,预警,焚烧炉出口氧含量偏高
2025-07-07 12:20:00,1,预警,焚烧炉出口氧含量偏高
2025-07-07 12:22:00,1,预警,焚烧炉出口氧含量偏高
2025-07-07 12:24:00,1,预警,焚烧炉出口氧含量偏高
2025-07-07 12:26:00,1,预警,焚烧炉出口氧含量偏高
2025-07-07 12:30:00,1,预警,焚烧炉出口氧含量偏高
2025-07-07 12:32:00,1,预警,焚烧炉出口氧含量偏高
2025-07-07 12:34:00,1,预警,焚烧炉出口氧含量偏高
2025-07-07 12:36:00,1,预警,焚烧炉出口氧含量偏高
2025-07-07 12:38:00,1,预警,焚烧炉出口氧含量偏高
2025-07-07 12:40:00,1,预警,焚烧炉出口氧含量偏高
2025-07-07 12:42:00,1,预警,焚烧炉出口氧含量偏高
2025-07-07 12:44:00,1,预警,焚烧炉出口氧含量偏高
2025-07-07 13:02:00,1,预警,焚烧炉出口氧含量偏高
2025-07-07 13:04:00,1,预警,焚烧炉出口氧含量偏高
2025-07-07 13:06:00,1,预警,焚烧炉出口氧含量偏高
2025-07-07 13:08:00,1,预警,焚烧炉出口氧含量偏高
2025-07-07 13:10:00,1,预警,焚烧炉出口氧含量偏高
2025-07-07 13:12:00,1,预警,焚烧炉出口氧含量偏高
2025-07-07 13:22:00,1,预警,焚烧炉出口氧含量偏高
2025-07-07 13:24:00,1,预警,焚烧炉出口氧含量偏高
2025-07-07 14:08:00,1,预警,焚烧炉出口氧含量偏高
2025-07-07 14:10:00,1,预警,焚烧炉出口氧含量偏高
2025-07-07 14:14:00,1,预警,焚烧炉出口氧含量偏高
2025-07-07 14:16:00,1,预警,焚烧炉出口氧含量偏高
2025-07-07 14:18:00,1,预警,焚烧炉出口氧含量偏高
2025-07-07 14:20:00,1,预警,焚烧炉出口氧含量偏高
2025-07-07 14:22:00,1,预警,焚烧炉出口氧含量偏高
2025-07-07 14:24:00,1,预警,焚烧炉出口氧含量偏高
2025-07-07 14:32:00,1,预警,焚烧炉出口氧含量偏高
2025-07-07 15:46:00,1,预警,焚烧炉出口氧含量偏高
2025-07-07 15:48:00,1,预警,焚烧炉出口氧含量偏高
2025-07-07 15:50:00,1,预警,焚烧炉出口氧含量偏高
2025-07-07 15:52:00,1,预警,焚烧炉出口氧含量偏低
2025-07-07 15:54:00,1,预警,焚烧炉出口氧含量偏高
2025-07-07 15:56:00,1,预警,焚烧炉出口氧含量偏高
2025-07-07 15:58:00,1,预警,焚烧炉出口氧含量偏低
2025-07-07 16:00:00,1,预警,焚烧炉出口氧含量偏低
2025-07-07 16:02:00,1,预警,焚烧炉出口氧含量偏低
2025-07-07 16:04:00,1,预警,焚烧炉出口氧含量偏低
2025-07-07 16:06:00,1,预警,焚烧炉出口氧含量偏低
2025-07-07 16:08:00,1,预警,焚烧炉出口氧含量偏低
2025-07-07 16:10:00,1,预警,焚烧炉出口氧含量偏低
2025-07-07 16:12:00,1,预警,焚烧炉出口氧含量偏低
2025-07-07 16:18:00,1,预警,焚烧炉出口氧含量偏高
2025-07-07 16:26:00,1,预警,焚烧炉出口氧含量偏高
2025-07-07 17:12:00,1,预警,焚烧炉出口氧含量偏高
2025-07-07 17:18:00,1,预警,焚烧炉出口氧含量偏高
2025-07-07 20:50:00,1,预警,焚烧炉出口氧含量偏高
2025-07-07 20:52:00,1,预警,焚烧炉出口氧含量偏高
2025-07-07 20:58:00,1,预警,焚烧炉出口氧含量偏高
2025-07-07 21:00:00,1,预警,焚烧炉出口氧含量偏高
2025-07-07 21:02:00,1,预警,焚烧炉出口氧含量偏高
2025-07-07 21:04:00,1,预警,焚烧炉出口氧含量偏高
2025-07-07 21:06:00,1,预警,焚烧炉出口氧含量偏高
2025-07-07 21:08:00,1,预警,焚烧炉出口氧含量偏高
2025-07-07 21:10:00,1,预警,焚烧炉出口氧含量偏高
2025-07-07 21:12:00,1,预警,焚烧炉出口氧含量偏高
2025-07-07 21:14:00,1,预警,焚烧炉出口氧含量偏高
2025-07-07 21:16:00,1,预警,焚烧炉出口氧含量偏高
2025-07-07 21:20:00,1,预警,焚烧炉出口氧含量偏高
2025-07-07 21:24:00,1,预警,焚烧炉出口氧含量偏高
2025-07-07 22:34:00,1,预警,焚烧炉出口氧含量偏高
2025-07-07 22:36:00,1,预警,焚烧炉出口氧含量偏高
2025-07-07 22:46:00,1,预警,焚烧炉出口氧含量偏高
2025-07-07 22:48:00,1,预警,焚烧炉出口氧含量偏高
2025-07-07 22:50:00,1,预警,焚烧炉出口氧含量偏高
2025-07-07 22:52:00,1,预警,焚烧炉出口氧含量偏高
2025-07-07 22:54:00,1,预警,焚烧炉出口氧含量偏高
2025-07-07 23:06:00,1,预警,焚烧炉出口氧含量偏高
2025-07-07 23:08:00,1,预警,焚烧炉出口氧含量偏高
2025-07-07 23:10:00,1,预警,焚烧炉出口氧含量偏高
2025-07-07 23:12:00,1,预警,焚烧炉出口氧含量偏高
2025-07-07 23:14:00,1,预警,焚烧炉出口氧含量偏高
2025-07-07 23:16:00,1,预警,焚烧炉出口氧含量偏高
2025-07-07 23:24:00,1,预警,焚烧炉出口氧含量偏高
2025-07-07 23:26:00,1,预警,焚烧炉出口氧含量偏高
2025-07-07 23:28:00,1,预警,焚烧炉出口氧含量偏高
2025-07-07 23:30:00,1,预警,焚烧炉出口氧含量偏高
2025-07-07 23:34:00,1,预警,焚烧炉出口氧含量偏高
2025-07-07 23:36:00,1,预警,焚烧炉出口氧含量偏高
