﻿时间,炉号,预警/报警类型,预警/报警事件
2025-07-08 00:14:00,1,预警,焚烧炉出口氧含量偏高
2025-07-08 00:16:00,1,预警,焚烧炉出口氧含量偏高
2025-07-08 00:18:00,1,预警,焚烧炉出口氧含量偏高
2025-07-08 00:24:00,1,预警,焚烧炉出口氧含量偏高
2025-07-08 00:30:00,1,预警,焚烧炉出口氧含量偏高
2025-07-08 00:34:00,1,预警,焚烧炉出口氧含量偏高
2025-07-08 00:38:00,1,预警,焚烧炉出口氧含量偏高
2025-07-08 00:40:00,1,预警,焚烧炉出口氧含量偏高
2025-07-08 00:44:00,1,预警,焚烧炉出口氧含量偏高
2025-07-08 00:46:00,1,预警,焚烧炉出口氧含量偏高
2025-07-08 00:48:00,1,预警,焚烧炉出口氧含量偏高
2025-07-08 00:50:00,1,预警,焚烧炉出口氧含量偏高
2025-07-08 00:52:00,1,预警,焚烧炉出口氧含量偏高
2025-07-08 00:56:00,1,预警,焚烧炉出口氧含量偏高
2025-07-08 00:58:00,1,预警,焚烧炉出口氧含量偏高
2025-07-08 01:00:00,1,预警,焚烧炉出口氧含量偏高
2025-07-08 01:02:00,1,预警,焚烧炉出口氧含量偏高
2025-07-08 01:04:00,1,预警,焚烧炉出口氧含量偏高
2025-07-08 01:06:00,1,预警,焚烧炉出口氧含量偏高
2025-07-08 01:08:00,1,预警,焚烧炉出口氧含量偏高
2025-07-08 01:10:00,1,预警,焚烧炉出口氧含量偏高
2025-07-08 01:12:00,1,预警,焚烧炉出口氧含量偏高
2025-07-08 01:14:00,1,预警,焚烧炉出口氧含量偏高
2025-07-08 01:16:00,1,预警,焚烧炉出口氧含量偏高
2025-07-08 01:18:00,1,预警,焚烧炉出口氧含量偏高
2025-07-08 01:20:00,1,预警,焚烧炉出口氧含量偏高
2025-07-08 01:22:00,1,预警,焚烧炉出口氧含量偏高
2025-07-08 01:44:00,1,预警,焚烧炉出口氧含量偏高
2025-07-08 01:46:00,1,预警,焚烧炉出口氧含量偏高
2025-07-08 01:50:00,1,预警,焚烧炉出口氧含量偏高
2025-07-08 01:52:00,1,预警,焚烧炉出口氧含量偏高
2025-07-08 02:26:00,1,预警,焚烧炉出口氧含量偏高
2025-07-08 03:26:00,1,预警,焚烧炉出口氧含量偏高
2025-07-08 03:28:00,1,预警,焚烧炉出口氧含量偏高
2025-07-08 03:30:00,1,预警,焚烧炉出口氧含量偏高
2025-07-08 03:32:00,1,预警,焚烧炉出口氧含量偏高
2025-07-08 03:34:00,1,预警,焚烧炉出口氧含量偏高
2025-07-08 03:36:00,1,预警,焚烧炉出口氧含量偏高
2025-07-08 03:38:00,1,预警,焚烧炉出口氧含量偏高
2025-07-08 03:40:00,1,预警,焚烧炉出口氧含量偏高
2025-07-08 03:42:00,1,预警,焚烧炉出口氧含量偏高
2025-07-08 03:44:00,1,预警,焚烧炉出口氧含量偏高
2025-07-08 03:46:00,1,预警,焚烧炉出口氧含量偏高
2025-07-08 03:48:00,1,预警,焚烧炉出口氧含量偏高
2025-07-08 03:50:00,1,预警,焚烧炉出口氧含量偏高
2025-07-08 03:52:00,1,预警,焚烧炉出口氧含量偏高
2025-07-08 03:54:00,1,预警,焚烧炉出口氧含量偏高
2025-07-08 03:56:00,1,预警,焚烧炉出口氧含量偏高
2025-07-08 03:58:00,1,预警,焚烧炉出口氧含量偏高
2025-07-08 04:00:00,1,预警,焚烧炉出口氧含量偏高
2025-07-08 04:02:00,1,预警,焚烧炉出口氧含量偏高
2025-07-08 04:04:00,1,预警,焚烧炉出口氧含量偏高
2025-07-08 04:06:00,1,预警,焚烧炉出口氧含量偏高
2025-07-08 04:22:00,1,预警,焚烧炉出口氧含量偏高
2025-07-08 04:24:00,1,预警,焚烧炉出口氧含量偏高
2025-07-08 04:26:00,1,预警,焚烧炉出口氧含量偏高
2025-07-08 04:28:00,1,预警,焚烧炉出口氧含量偏高
2025-07-08 04:30:00,1,预警,焚烧炉出口氧含量偏高
2025-07-08 04:32:00,1,预警,焚烧炉出口氧含量偏高
2025-07-08 04:34:00,1,预警,焚烧炉出口氧含量偏高
2025-07-08 04:36:00,1,预警,焚烧炉出口氧含量偏高
2025-07-08 04:38:00,1,预警,焚烧炉出口氧含量偏高
2025-07-08 04:44:00,1,预警,焚烧炉出口氧含量偏高
2025-07-08 04:46:00,1,预警,焚烧炉出口氧含量偏高
2025-07-08 04:48:00,1,预警,焚烧炉出口氧含量偏高
2025-07-08 04:50:00,1,预警,焚烧炉出口氧含量偏高
2025-07-08 05:12:00,1,预警,焚烧炉出口氧含量偏高
2025-07-08 05:20:00,1,预警,焚烧炉出口氧含量偏高
2025-07-08 05:24:00,1,预警,焚烧炉出口氧含量偏高
2025-07-08 05:30:00,1,预警,焚烧炉出口氧含量偏高
2025-07-08 05:34:00,1,预警,焚烧炉出口氧含量偏高
2025-07-08 05:36:00,1,预警,焚烧炉出口氧含量偏高
2025-07-08 05:38:00,1,预警,焚烧炉出口氧含量偏高
2025-07-08 05:40:00,1,预警,焚烧炉出口氧含量偏高
2025-07-08 05:44:00,1,预警,焚烧炉出口氧含量偏高
2025-07-08 05:46:00,1,预警,焚烧炉出口氧含量偏高
2025-07-08 06:24:00,1,预警,焚烧炉出口氧含量偏高
2025-07-08 06:28:00,1,预警,焚烧炉出口氧含量偏高
2025-07-08 06:30:00,1,预警,焚烧炉出口氧含量偏高
2025-07-08 06:32:00,1,预警,焚烧炉出口氧含量偏高
2025-07-08 06:34:00,1,预警,焚烧炉出口氧含量偏高
2025-07-08 06:36:00,1,预警,焚烧炉出口氧含量偏高
2025-07-08 06:38:00,1,预警,焚烧炉出口氧含量偏高
2025-07-08 06:40:00,1,预警,焚烧炉出口氧含量偏高
2025-07-08 06:42:00,1,预警,焚烧炉出口氧含量偏高
2025-07-08 06:44:00,1,预警,焚烧炉出口氧含量偏高
2025-07-08 06:46:00,1,预警,焚烧炉出口氧含量偏高
2025-07-08 06:48:00,1,预警,焚烧炉出口氧含量偏高
2025-07-08 06:50:00,1,预警,焚烧炉出口氧含量偏高
2025-07-08 06:52:00,1,预警,焚烧炉出口氧含量偏高
2025-07-08 06:54:00,1,预警,焚烧炉出口氧含量偏高
2025-07-08 06:56:00,1,预警,焚烧炉出口氧含量偏高
2025-07-08 06:58:00,1,预警,焚烧炉出口氧含量偏高
2025-07-08 07:00:00,1,预警,焚烧炉出口氧含量偏高
2025-07-08 07:02:00,1,预警,焚烧炉出口氧含量偏高
2025-07-08 07:04:00,1,预警,焚烧炉出口氧含量偏高
2025-07-08 07:06:00,1,预警,焚烧炉出口氧含量偏高
2025-07-08 07:08:00,1,预警,焚烧炉出口氧含量偏高
2025-07-08 07:10:00,1,预警,焚烧炉出口氧含量偏高
2025-07-08 07:44:00,1,预警,焚烧炉出口氧含量偏高
2025-07-08 07:52:00,1,预警,焚烧炉出口氧含量偏高
2025-07-08 08:30:00,1,预警,焚烧炉出口氧含量偏高
2025-07-08 08:44:00,1,预警,焚烧炉出口氧含量偏高
2025-07-08 08:46:00,1,预警,焚烧炉出口氧含量偏高
2025-07-08 08:48:00,1,预警,焚烧炉出口氧含量偏高
2025-07-08 08:50:00,1,预警,焚烧炉出口氧含量偏高
2025-07-08 08:52:00,1,预警,焚烧炉出口氧含量偏高
2025-07-08 08:54:00,1,预警,焚烧炉出口氧含量偏高
2025-07-08 08:56:00,1,预警,焚烧炉出口氧含量偏高
2025-07-08 08:58:00,1,预警,焚烧炉出口氧含量偏高
2025-07-08 09:00:00,1,预警,焚烧炉出口氧含量偏高
2025-07-08 09:02:00,1,预警,焚烧炉出口氧含量偏高
2025-07-08 09:04:00,1,预警,焚烧炉出口氧含量偏高
2025-07-08 09:06:00,1,预警,焚烧炉出口氧含量偏高
2025-07-08 09:08:00,1,预警,焚烧炉出口氧含量偏高
2025-07-08 09:10:00,1,预警,焚烧炉出口氧含量偏高
2025-07-08 09:12:00,1,预警,焚烧炉出口氧含量偏高
2025-07-08 09:14:00,1,预警,焚烧炉出口氧含量偏高
2025-07-08 09:16:00,1,预警,焚烧炉出口氧含量偏高
2025-07-08 09:18:00,1,预警,焚烧炉出口氧含量偏高
2025-07-08 09:20:00,1,预警,焚烧炉出口氧含量偏高
2025-07-08 09:22:00,1,预警,焚烧炉出口氧含量偏高
2025-07-08 09:24:00,1,预警,焚烧炉出口氧含量偏高
2025-07-08 09:26:00,1,预警,焚烧炉出口氧含量偏高
2025-07-08 09:28:00,1,预警,焚烧炉出口氧含量偏高
2025-07-08 09:30:00,1,预警,焚烧炉出口氧含量偏高
2025-07-08 09:32:00,1,预警,焚烧炉出口氧含量偏高
2025-07-08 09:34:00,1,预警,焚烧炉出口氧含量偏高
2025-07-08 09:36:00,1,预警,焚烧炉出口氧含量偏高
2025-07-08 09:38:00,1,预警,焚烧炉出口氧含量偏高
2025-07-08 09:40:00,1,预警,焚烧炉出口氧含量偏高
2025-07-08 09:42:00,1,预警,焚烧炉出口氧含量偏高
2025-07-08 09:44:00,1,预警,焚烧炉出口氧含量偏高
2025-07-08 09:46:00,1,预警,焚烧炉出口氧含量偏高
2025-07-08 09:48:00,1,预警,焚烧炉出口氧含量偏高
2025-07-08 09:50:00,1,预警,焚烧炉出口氧含量偏高
2025-07-08 09:52:00,1,预警,焚烧炉出口氧含量偏高
2025-07-08 09:54:00,1,预警,焚烧炉出口氧含量偏高
2025-07-08 09:56:00,1,预警,焚烧炉出口氧含量偏高
2025-07-08 09:58:00,1,预警,焚烧炉出口氧含量偏高
2025-07-08 10:00:00,1,预警,焚烧炉出口氧含量偏高
2025-07-08 10:02:00,1,预警,焚烧炉出口氧含量偏高
2025-07-08 10:04:00,1,预警,焚烧炉出口氧含量偏高
2025-07-08 10:06:00,1,预警,焚烧炉出口氧含量偏高
2025-07-08 10:08:00,1,预警,焚烧炉出口氧含量偏高
2025-07-08 10:10:00,1,预警,焚烧炉出口氧含量偏高
2025-07-08 10:12:00,1,预警,焚烧炉出口氧含量偏高
2025-07-08 10:14:00,1,预警,焚烧炉出口氧含量偏高
2025-07-08 10:16:00,1,预警,焚烧炉出口氧含量偏高
2025-07-08 10:18:00,1,预警,焚烧炉出口氧含量偏高
2025-07-08 10:20:00,1,预警,焚烧炉出口氧含量偏高
2025-07-08 10:22:00,1,预警,焚烧炉出口氧含量偏高
2025-07-08 10:24:00,1,预警,焚烧炉出口氧含量偏高
2025-07-08 10:26:00,1,预警,焚烧炉出口氧含量偏高
2025-07-08 10:28:00,1,预警,焚烧炉出口氧含量偏高
2025-07-08 10:30:00,1,预警,焚烧炉出口氧含量偏高
2025-07-08 10:32:00,1,预警,焚烧炉出口氧含量偏高
2025-07-08 10:34:00,1,预警,焚烧炉出口氧含量偏高
2025-07-08 10:36:00,1,预警,焚烧炉出口氧含量偏高
2025-07-08 10:38:00,1,预警,焚烧炉出口氧含量偏高
2025-07-08 10:40:00,1,预警,焚烧炉出口氧含量偏高
2025-07-08 10:42:00,1,预警,焚烧炉出口氧含量偏高
2025-07-08 10:44:00,1,预警,焚烧炉出口氧含量偏高
2025-07-08 10:46:00,1,预警,焚烧炉出口氧含量偏高
2025-07-08 10:52:00,1,预警,焚烧炉出口氧含量偏高
2025-07-08 10:58:00,1,预警,焚烧炉出口氧含量偏高
2025-07-08 11:02:00,1,预警,焚烧炉出口氧含量偏高
2025-07-08 11:04:00,1,预警,焚烧炉出口氧含量偏高
2025-07-08 11:06:00,1,预警,焚烧炉出口氧含量偏高
2025-07-08 11:08:00,1,预警,焚烧炉出口氧含量偏高
2025-07-08 11:12:00,1,预警,焚烧炉出口氧含量偏高
2025-07-08 12:12:00,1,预警,焚烧炉出口氧含量偏高
2025-07-08 12:14:00,1,预警,焚烧炉出口氧含量偏高
2025-07-08 12:16:00,1,预警,焚烧炉出口氧含量偏高
2025-07-08 12:18:00,1,预警,焚烧炉出口氧含量偏高
2025-07-08 12:20:00,1,预警,焚烧炉出口氧含量偏高
2025-07-08 12:22:00,1,预警,焚烧炉出口氧含量偏高
2025-07-08 12:24:00,1,预警,焚烧炉出口氧含量偏高
2025-07-08 12:26:00,1,预警,焚烧炉出口氧含量偏高
2025-07-08 12:28:00,1,预警,焚烧炉出口氧含量偏高
2025-07-08 12:32:00,1,预警,焚烧炉出口氧含量偏高
2025-07-08 12:36:00,1,预警,焚烧炉出口氧含量偏高
2025-07-08 12:38:00,1,预警,焚烧炉出口氧含量偏高
2025-07-08 12:40:00,1,预警,焚烧炉出口氧含量偏高
2025-07-08 12:42:00,1,预警,焚烧炉出口氧含量偏高
2025-07-08 12:44:00,1,预警,焚烧炉出口氧含量偏高
2025-07-08 13:04:00,1,预警,焚烧炉出口氧含量偏高
2025-07-08 13:06:00,1,预警,焚烧炉出口氧含量偏高
2025-07-08 13:46:00,1,预警,焚烧炉出口氧含量偏高
2025-07-08 13:48:00,1,预警,焚烧炉出口氧含量偏高
2025-07-08 13:50:00,1,预警,焚烧炉出口氧含量偏高
2025-07-08 13:52:00,1,预警,焚烧炉出口氧含量偏高
2025-07-08 13:54:00,1,预警,焚烧炉出口氧含量偏高
2025-07-08 13:56:00,1,预警,焚烧炉出口氧含量偏高
2025-07-08 13:58:00,1,预警,焚烧炉出口氧含量偏高
2025-07-08 14:00:00,1,预警,焚烧炉出口氧含量偏高
2025-07-08 14:02:00,1,预警,焚烧炉出口氧含量偏高
2025-07-08 14:04:00,1,预警,焚烧炉出口氧含量偏高
2025-07-08 14:06:00,1,预警,焚烧炉出口氧含量偏高
2025-07-08 14:08:00,1,预警,焚烧炉出口氧含量偏高
2025-07-08 14:10:00,1,预警,焚烧炉出口氧含量偏高
2025-07-08 14:12:00,1,预警,焚烧炉出口氧含量偏高
2025-07-08 14:14:00,1,预警,焚烧炉出口氧含量偏高
2025-07-08 14:16:00,1,预警,焚烧炉出口氧含量偏高
2025-07-08 14:18:00,1,预警,焚烧炉出口氧含量偏高
2025-07-08 14:20:00,1,预警,焚烧炉出口氧含量偏高
2025-07-08 14:22:00,1,预警,焚烧炉出口氧含量偏高
2025-07-08 14:24:00,1,预警,焚烧炉出口氧含量偏高
2025-07-08 14:26:00,1,预警,焚烧炉出口氧含量偏高
2025-07-08 14:28:00,1,预警,焚烧炉出口氧含量偏高
2025-07-08 14:30:00,1,预警,焚烧炉出口氧含量偏高
2025-07-08 14:32:00,1,预警,焚烧炉出口氧含量偏高
2025-07-08 14:34:00,1,预警,焚烧炉出口氧含量偏高
2025-07-08 14:36:00,1,预警,焚烧炉出口氧含量偏高
2025-07-08 14:38:00,1,预警,焚烧炉出口氧含量偏高
2025-07-08 14:40:00,1,预警,焚烧炉出口氧含量偏高
2025-07-08 14:42:00,1,预警,焚烧炉出口氧含量偏高
2025-07-08 14:44:00,1,预警,焚烧炉出口氧含量偏高
2025-07-08 14:46:00,1,预警,焚烧炉出口氧含量偏高
2025-07-08 14:48:00,1,预警,焚烧炉出口氧含量偏高
2025-07-08 14:50:00,1,预警,焚烧炉出口氧含量偏高
2025-07-08 14:52:00,1,预警,焚烧炉出口氧含量偏高
2025-07-08 14:54:00,1,预警,焚烧炉出口氧含量偏高
2025-07-08 14:56:00,1,预警,焚烧炉出口氧含量偏高
2025-07-08 14:58:00,1,预警,焚烧炉出口氧含量偏高
2025-07-08 15:00:00,1,预警,焚烧炉出口氧含量偏高
2025-07-08 15:02:00,1,预警,焚烧炉出口氧含量偏高
2025-07-08 15:04:00,1,预警,焚烧炉出口氧含量偏高
2025-07-08 15:06:00,1,预警,焚烧炉出口氧含量偏高
2025-07-08 15:08:00,1,预警,焚烧炉出口氧含量偏高
2025-07-08 15:10:00,1,预警,焚烧炉出口氧含量偏高
2025-07-08 15:12:00,1,预警,焚烧炉出口氧含量偏高
2025-07-08 15:14:00,1,预警,焚烧炉出口氧含量偏高
2025-07-08 15:16:00,1,预警,焚烧炉出口氧含量偏高
2025-07-08 16:02:00,1,预警,焚烧炉出口氧含量偏高
2025-07-08 16:04:00,1,预警,焚烧炉出口氧含量偏高
2025-07-08 16:06:00,1,预警,焚烧炉出口氧含量偏高
2025-07-08 16:08:00,1,预警,焚烧炉出口氧含量偏高
2025-07-08 16:10:00,1,预警,焚烧炉出口氧含量偏高
2025-07-08 16:12:00,1,预警,焚烧炉出口氧含量偏高
2025-07-08 16:14:00,1,预警,焚烧炉出口氧含量偏高
2025-07-08 17:46:00,1,预警,焚烧炉出口氧含量偏高
2025-07-08 17:48:00,1,预警,焚烧炉出口氧含量偏高
2025-07-08 17:50:00,1,预警,焚烧炉出口氧含量偏高
2025-07-08 17:52:00,1,预警,焚烧炉出口氧含量偏高
2025-07-08 17:54:00,1,预警,焚烧炉出口氧含量偏高
2025-07-08 17:56:00,1,预警,焚烧炉出口氧含量偏高
2025-07-08 18:20:00,1,预警,焚烧炉出口氧含量偏高
2025-07-08 18:24:00,1,预警,焚烧炉出口氧含量偏高
2025-07-08 18:26:00,1,预警,焚烧炉出口氧含量偏高
2025-07-08 18:28:00,1,预警,焚烧炉出口氧含量偏高
2025-07-08 18:30:00,1,预警,焚烧炉出口氧含量偏高
2025-07-08 18:32:00,1,预警,焚烧炉出口氧含量偏高
2025-07-08 18:34:00,1,预警,焚烧炉出口氧含量偏高
2025-07-08 18:36:00,1,预警,焚烧炉出口氧含量偏高
2025-07-08 18:38:00,1,预警,焚烧炉出口氧含量偏高
2025-07-08 18:46:00,1,预警,焚烧炉出口氧含量偏高
2025-07-08 18:50:00,1,预警,焚烧炉出口氧含量偏高
2025-07-08 18:52:00,1,预警,焚烧炉出口氧含量偏高
2025-07-08 18:54:00,1,预警,焚烧炉出口氧含量偏高
2025-07-08 18:56:00,1,预警,焚烧炉出口氧含量偏高
2025-07-08 18:58:00,1,预警,焚烧炉出口氧含量偏高
2025-07-08 19:00:00,1,预警,焚烧炉出口氧含量偏高
2025-07-08 19:02:00,1,预警,焚烧炉出口氧含量偏高
2025-07-08 19:04:00,1,预警,焚烧炉出口氧含量偏高
2025-07-08 19:06:00,1,预警,焚烧炉出口氧含量偏高
2025-07-08 19:08:00,1,预警,焚烧炉出口氧含量偏高
2025-07-08 19:10:00,1,预警,焚烧炉出口氧含量偏高
2025-07-08 19:12:00,1,预警,焚烧炉出口氧含量偏高
2025-07-08 19:14:00,1,预警,焚烧炉出口氧含量偏高
2025-07-08 19:16:00,1,预警,焚烧炉出口氧含量偏高
2025-07-08 19:18:00,1,预警,焚烧炉出口氧含量偏高
2025-07-08 19:20:00,1,预警,焚烧炉出口氧含量偏高
2025-07-08 19:22:00,1,预警,焚烧炉出口氧含量偏高
2025-07-08 19:24:00,1,预警,焚烧炉出口氧含量偏高
2025-07-08 19:26:00,1,预警,焚烧炉出口氧含量偏高
2025-07-08 19:28:00,1,预警,焚烧炉出口氧含量偏高
2025-07-08 19:30:00,1,预警,焚烧炉出口氧含量偏高
2025-07-08 19:32:00,1,预警,焚烧炉出口氧含量偏高
2025-07-08 20:04:00,1,预警,焚烧炉出口氧含量偏高
2025-07-08 20:08:00,1,预警,焚烧炉出口氧含量偏高
2025-07-08 21:00:00,1,预警,焚烧炉出口氧含量偏高
2025-07-08 21:24:00,1,预警,焚烧炉出口氧含量偏高
2025-07-08 22:58:00,1,预警,焚烧炉出口氧含量偏高
2025-07-08 23:00:00,1,预警,焚烧炉出口氧含量偏高
2025-07-08 23:02:00,1,预警,焚烧炉出口氧含量偏高
2025-07-08 23:04:00,1,预警,焚烧炉出口氧含量偏高
2025-07-08 23:06:00,1,预警,焚烧炉出口氧含量偏高
2025-07-08 23:08:00,1,预警,焚烧炉出口氧含量偏高
2025-07-08 23:10:00,1,预警,焚烧炉出口氧含量偏高
2025-07-08 23:12:00,1,预警,焚烧炉出口氧含量偏高
2025-07-08 23:14:00,1,预警,焚烧炉出口氧含量偏高
2025-07-08 23:16:00,1,预警,焚烧炉出口氧含量偏高
