﻿时间,炉号,预警/报警类型,预警/报警事件
2025-07-09 00:20:00,1,预警,焚烧炉出口氧含量偏高
2025-07-09 00:22:00,1,预警,焚烧炉出口氧含量偏高
2025-07-09 00:24:00,1,预警,焚烧炉出口氧含量偏高
2025-07-09 00:26:00,1,预警,焚烧炉出口氧含量偏高
2025-07-09 01:30:00,1,预警,焚烧炉出口氧含量偏高
2025-07-09 01:32:00,1,预警,焚烧炉出口氧含量偏高
2025-07-09 01:42:00,1,预警,焚烧炉出口氧含量偏高
2025-07-09 01:44:00,1,预警,焚烧炉出口氧含量偏高
2025-07-09 01:46:00,1,预警,焚烧炉出口氧含量偏高
2025-07-09 01:50:00,1,预警,焚烧炉出口氧含量偏高
2025-07-09 01:54:00,1,预警,焚烧炉出口氧含量偏高
2025-07-09 01:56:00,1,预警,焚烧炉出口氧含量偏高
2025-07-09 01:58:00,1,预警,焚烧炉出口氧含量偏高
2025-07-09 02:00:00,1,预警,焚烧炉出口氧含量偏高
2025-07-09 02:02:00,1,预警,焚烧炉出口氧含量偏高
2025-07-09 02:06:00,1,预警,焚烧炉出口氧含量偏高
2025-07-09 02:08:00,1,预警,焚烧炉出口氧含量偏高
2025-07-09 02:10:00,1,预警,焚烧炉出口氧含量偏高
2025-07-09 02:12:00,1,预警,焚烧炉出口氧含量偏高
2025-07-09 02:14:00,1,预警,焚烧炉出口氧含量偏高
2025-07-09 02:16:00,1,预警,焚烧炉出口氧含量偏高
2025-07-09 02:18:00,1,预警,焚烧炉出口氧含量偏高
2025-07-09 02:20:00,1,预警,焚烧炉出口氧含量偏高
2025-07-09 02:22:00,1,预警,焚烧炉出口氧含量偏高
2025-07-09 02:24:00,1,预警,焚烧炉出口氧含量偏高
2025-07-09 02:26:00,1,预警,焚烧炉出口氧含量偏高
2025-07-09 02:28:00,1,预警,焚烧炉出口氧含量偏高
2025-07-09 02:30:00,1,预警,焚烧炉出口氧含量偏高
2025-07-09 02:32:00,1,预警,焚烧炉出口氧含量偏高
2025-07-09 02:34:00,1,预警,焚烧炉出口氧含量偏高
2025-07-09 02:36:00,1,预警,焚烧炉出口氧含量偏高
2025-07-09 02:38:00,1,预警,焚烧炉出口氧含量偏高
2025-07-09 02:40:00,1,预警,焚烧炉出口氧含量偏高
2025-07-09 02:42:00,1,预警,焚烧炉出口氧含量偏高
2025-07-09 02:44:00,1,预警,焚烧炉出口氧含量偏高
2025-07-09 02:46:00,1,预警,焚烧炉出口氧含量偏高
2025-07-09 02:48:00,1,预警,焚烧炉出口氧含量偏高
2025-07-09 02:50:00,1,预警,焚烧炉出口氧含量偏高
2025-07-09 03:40:00,1,预警,焚烧炉出口氧含量偏高
2025-07-09 03:42:00,1,预警,焚烧炉出口氧含量偏高
2025-07-09 03:44:00,1,预警,焚烧炉出口氧含量偏高
2025-07-09 03:46:00,1,预警,焚烧炉出口氧含量偏高
2025-07-09 03:48:00,1,预警,焚烧炉出口氧含量偏高
2025-07-09 03:50:00,1,预警,焚烧炉出口氧含量偏高
2025-07-09 03:54:00,1,预警,焚烧炉出口氧含量偏高
2025-07-09 05:14:00,1,预警,焚烧炉出口氧含量偏高
2025-07-09 05:18:00,1,预警,焚烧炉出口氧含量偏高
2025-07-09 05:20:00,1,预警,焚烧炉出口氧含量偏高
2025-07-09 05:22:00,1,预警,焚烧炉出口氧含量偏高
2025-07-09 05:24:00,1,预警,焚烧炉出口氧含量偏高
2025-07-09 05:26:00,1,预警,焚烧炉出口氧含量偏高
2025-07-09 05:28:00,1,预警,焚烧炉出口氧含量偏高
2025-07-09 05:30:00,1,预警,焚烧炉出口氧含量偏高
2025-07-09 06:42:00,1,预警,焚烧炉出口氧含量偏高
2025-07-09 07:40:00,1,预警,焚烧炉出口氧含量偏高
2025-07-09 07:48:00,1,预警,焚烧炉出口氧含量偏高
2025-07-09 07:50:00,1,预警,焚烧炉出口氧含量偏高
2025-07-09 09:22:00,1,预警,焚烧炉出口氧含量偏高
2025-07-09 09:24:00,1,预警,焚烧炉出口氧含量偏高
2025-07-09 09:26:00,1,预警,焚烧炉出口氧含量偏高
2025-07-09 09:28:00,1,预警,焚烧炉出口氧含量偏高
2025-07-09 09:30:00,1,预警,焚烧炉出口氧含量偏高
2025-07-09 09:32:00,1,预警,焚烧炉出口氧含量偏高
2025-07-09 09:34:00,1,预警,焚烧炉出口氧含量偏高
2025-07-09 09:36:00,1,预警,焚烧炉出口氧含量偏高
2025-07-09 09:38:00,1,预警,焚烧炉出口氧含量偏高
2025-07-09 09:40:00,1,预警,焚烧炉出口氧含量偏高
2025-07-09 09:42:00,1,预警,焚烧炉出口氧含量偏高
2025-07-09 09:44:00,1,预警,焚烧炉出口氧含量偏高
2025-07-09 09:50:00,1,预警,焚烧炉出口氧含量偏高
2025-07-09 09:52:00,1,预警,焚烧炉出口氧含量偏高
2025-07-09 09:54:00,1,预警,焚烧炉出口氧含量偏高
2025-07-09 09:56:00,1,预警,焚烧炉出口氧含量偏高
2025-07-09 09:58:00,1,预警,焚烧炉出口氧含量偏高
2025-07-09 10:00:00,1,预警,焚烧炉出口氧含量偏高
2025-07-09 10:02:00,1,预警,焚烧炉出口氧含量偏高
2025-07-09 10:04:00,1,预警,焚烧炉出口氧含量偏高
2025-07-09 10:06:00,1,预警,焚烧炉出口氧含量偏高
2025-07-09 10:08:00,1,预警,焚烧炉出口氧含量偏高
2025-07-09 10:10:00,1,预警,焚烧炉出口氧含量偏高
2025-07-09 10:12:00,1,预警,焚烧炉出口氧含量偏高
2025-07-09 10:14:00,1,预警,焚烧炉出口氧含量偏高
2025-07-09 10:16:00,1,预警,焚烧炉出口氧含量偏高
2025-07-09 10:18:00,1,预警,焚烧炉出口氧含量偏高
2025-07-09 10:20:00,1,预警,焚烧炉出口氧含量偏高
2025-07-09 10:22:00,1,预警,焚烧炉出口氧含量偏高
2025-07-09 10:24:00,1,预警,焚烧炉出口氧含量偏高
2025-07-09 10:26:00,1,预警,焚烧炉出口氧含量偏高
2025-07-09 10:42:00,1,预警,焚烧炉出口氧含量偏高
2025-07-09 14:04:00,1,预警,焚烧炉出口氧含量偏高
2025-07-09 14:06:00,1,预警,焚烧炉出口氧含量偏高
2025-07-09 14:08:00,1,预警,焚烧炉出口氧含量偏高
2025-07-09 14:10:00,1,预警,焚烧炉出口氧含量偏高
2025-07-09 14:12:00,1,预警,焚烧炉出口氧含量偏高
2025-07-09 14:14:00,1,预警,焚烧炉出口氧含量偏高
2025-07-09 14:16:00,1,预警,焚烧炉出口氧含量偏高
2025-07-09 14:20:00,1,预警,焚烧炉出口氧含量偏高
2025-07-09 16:04:00,1,预警,焚烧炉出口氧含量偏高
2025-07-09 16:06:00,1,预警,焚烧炉出口氧含量偏高
2025-07-09 16:14:00,1,预警,焚烧炉出口氧含量偏高
2025-07-09 16:16:00,1,预警,焚烧炉出口氧含量偏高
2025-07-09 16:18:00,1,预警,焚烧炉出口氧含量偏高
2025-07-09 16:20:00,1,预警,焚烧炉出口氧含量偏高
2025-07-09 16:26:00,1,预警,焚烧炉出口氧含量偏高
2025-07-09 16:28:00,1,预警,焚烧炉出口氧含量偏高
2025-07-09 16:30:00,1,预警,焚烧炉出口氧含量偏高
2025-07-09 16:36:00,1,预警,焚烧炉出口氧含量偏高
2025-07-09 16:38:00,1,预警,焚烧炉出口氧含量偏高
2025-07-09 16:40:00,1,预警,焚烧炉出口氧含量偏高
2025-07-09 16:46:00,1,预警,焚烧炉出口氧含量偏高
2025-07-09 16:52:00,1,预警,焚烧炉出口氧含量偏高
2025-07-09 16:54:00,1,预警,焚烧炉出口氧含量偏高
2025-07-09 16:56:00,1,预警,焚烧炉出口氧含量偏高
2025-07-09 16:58:00,1,预警,焚烧炉出口氧含量偏高
2025-07-09 17:00:00,1,预警,焚烧炉出口氧含量偏高
2025-07-09 17:04:00,1,预警,焚烧炉出口氧含量偏高
2025-07-09 17:14:00,1,预警,焚烧炉出口氧含量偏高
2025-07-09 17:56:00,1,预警,焚烧炉出口氧含量偏高
2025-07-09 17:58:00,1,预警,焚烧炉出口氧含量偏高
2025-07-09 18:00:00,1,预警,焚烧炉出口氧含量偏高
2025-07-09 18:12:00,1,预警,焚烧炉出口氧含量偏高
2025-07-09 18:34:00,1,预警,焚烧炉出口氧含量偏高
2025-07-09 18:36:00,1,预警,焚烧炉出口氧含量偏高
2025-07-09 18:38:00,1,预警,焚烧炉出口氧含量偏高
2025-07-09 18:40:00,1,预警,焚烧炉出口氧含量偏高
2025-07-09 18:42:00,1,预警,焚烧炉出口氧含量偏高
2025-07-09 18:48:00,1,预警,焚烧炉出口氧含量偏高
2025-07-09 18:52:00,1,预警,焚烧炉出口氧含量偏高
2025-07-09 19:14:00,1,预警,焚烧炉出口氧含量偏高
2025-07-09 19:30:00,1,预警,焚烧炉出口氧含量偏高
2025-07-09 19:32:00,1,预警,焚烧炉出口氧含量偏高
2025-07-09 19:34:00,1,预警,焚烧炉出口氧含量偏高
2025-07-09 19:36:00,1,预警,焚烧炉出口氧含量偏高
2025-07-09 19:40:00,1,预警,焚烧炉出口氧含量偏高
2025-07-09 19:42:00,1,预警,焚烧炉出口氧含量偏高
2025-07-09 19:44:00,1,预警,焚烧炉出口氧含量偏高
2025-07-09 19:58:00,1,预警,焚烧炉出口氧含量偏高
2025-07-09 20:00:00,1,预警,焚烧炉出口氧含量偏高
2025-07-09 20:02:00,1,预警,焚烧炉出口氧含量偏高
2025-07-09 20:04:00,1,预警,焚烧炉出口氧含量偏高
2025-07-09 20:10:00,1,预警,焚烧炉出口氧含量偏高
2025-07-09 20:12:00,1,预警,焚烧炉出口氧含量偏高
2025-07-09 20:14:00,1,预警,焚烧炉出口氧含量偏高
2025-07-09 20:16:00,1,预警,焚烧炉出口氧含量偏高
2025-07-09 20:18:00,1,预警,焚烧炉出口氧含量偏高
2025-07-09 20:20:00,1,预警,焚烧炉出口氧含量偏高
2025-07-09 20:26:00,1,预警,焚烧炉出口氧含量偏高
2025-07-09 20:30:00,1,预警,焚烧炉出口氧含量偏高
2025-07-09 20:32:00,1,预警,焚烧炉出口氧含量偏高
2025-07-09 20:34:00,1,预警,焚烧炉出口氧含量偏高
2025-07-09 20:36:00,1,预警,焚烧炉出口氧含量偏高
2025-07-09 20:38:00,1,预警,焚烧炉出口氧含量偏高
2025-07-09 20:40:00,1,预警,焚烧炉出口氧含量偏高
2025-07-09 20:42:00,1,预警,焚烧炉出口氧含量偏高
2025-07-09 20:44:00,1,预警,焚烧炉出口氧含量偏高
2025-07-09 20:46:00,1,预警,焚烧炉出口氧含量偏高
2025-07-09 21:24:00,1,预警,焚烧炉出口氧含量偏高
2025-07-09 21:26:00,1,预警,焚烧炉出口氧含量偏高
2025-07-09 21:28:00,1,预警,焚烧炉出口氧含量偏高
2025-07-09 21:30:00,1,预警,焚烧炉出口氧含量偏高
2025-07-09 21:32:00,1,预警,焚烧炉出口氧含量偏高
2025-07-09 21:34:00,1,预警,焚烧炉出口氧含量偏高
2025-07-09 21:36:00,1,预警,焚烧炉出口氧含量偏高
2025-07-09 21:38:00,1,预警,焚烧炉出口氧含量偏高
2025-07-09 21:40:00,1,预警,焚烧炉出口氧含量偏高
2025-07-09 21:42:00,1,预警,焚烧炉出口氧含量偏高
2025-07-09 21:44:00,1,预警,焚烧炉出口氧含量偏高
2025-07-09 21:46:00,1,预警,焚烧炉出口氧含量偏高
2025-07-09 21:48:00,1,预警,焚烧炉出口氧含量偏高
2025-07-09 21:50:00,1,预警,焚烧炉出口氧含量偏高
2025-07-09 21:52:00,1,预警,焚烧炉出口氧含量偏高
2025-07-09 21:54:00,1,预警,焚烧炉出口氧含量偏高
2025-07-09 22:02:00,1,预警,焚烧炉出口氧含量偏高
2025-07-09 22:04:00,1,预警,焚烧炉出口氧含量偏高
2025-07-09 22:14:00,1,预警,焚烧炉出口氧含量偏高
2025-07-09 22:18:00,1,预警,焚烧炉出口氧含量偏高
2025-07-09 22:26:00,1,预警,焚烧炉出口氧含量偏高
2025-07-09 22:28:00,1,预警,焚烧炉出口氧含量偏高
2025-07-09 22:30:00,1,预警,焚烧炉出口氧含量偏高
2025-07-09 22:32:00,1,预警,焚烧炉出口氧含量偏高
2025-07-09 22:34:00,1,预警,焚烧炉出口氧含量偏高
2025-07-09 22:36:00,1,预警,焚烧炉出口氧含量偏高
2025-07-09 22:38:00,1,预警,焚烧炉出口氧含量偏高
2025-07-09 22:40:00,1,预警,焚烧炉出口氧含量偏高
2025-07-09 23:08:00,1,预警,焚烧炉出口氧含量偏高
2025-07-09 23:10:00,1,预警,焚烧炉出口氧含量偏高
2025-07-09 23:12:00,1,预警,焚烧炉出口氧含量偏高
2025-07-09 23:48:00,1,预警,焚烧炉出口氧含量偏高
