﻿时间,炉号,预警/报警类型,预警/报警事件
2025-07-04 01:42:00,1,预警,焚烧炉出口氧含量偏低
2025-07-04 04:58:00,1,预警,焚烧炉出口氧含量偏高
2025-07-04 05:06:00,1,预警,焚烧炉出口氧含量偏高
2025-07-04 05:08:00,1,预警,焚烧炉出口氧含量偏高
2025-07-04 05:10:00,1,预警,焚烧炉出口氧含量偏高
2025-07-04 05:12:00,1,预警,焚烧炉出口氧含量偏高
2025-07-04 05:42:00,1,预警,焚烧炉出口氧含量偏低
2025-07-04 14:48:00,1,预警,焚烧炉出口氧含量偏高
2025-07-04 14:50:00,1,预警,焚烧炉出口氧含量偏高
2025-07-04 14:52:00,1,预警,焚烧炉出口氧含量偏高
2025-07-04 14:54:00,1,预警,焚烧炉出口氧含量偏高
2025-07-04 14:56:00,1,预警,焚烧炉出口氧含量偏高
2025-07-04 14:58:00,1,预警,焚烧炉出口氧含量偏高
2025-07-04 15:00:00,1,预警,焚烧炉出口氧含量偏高
2025-07-04 15:48:00,1,预警,焚烧炉出口氧含量偏高
2025-07-04 17:46:00,1,预警,焚烧炉出口氧含量偏高
2025-07-04 17:48:00,1,预警,焚烧炉出口氧含量偏高
2025-07-04 17:52:00,1,预警,焚烧炉出口氧含量偏高
2025-07-04 17:56:00,1,预警,焚烧炉出口氧含量偏高
2025-07-04 17:58:00,1,预警,焚烧炉出口氧含量偏高
2025-07-04 18:00:00,1,预警,焚烧炉出口氧含量偏高
2025-07-04 18:02:00,1,预警,焚烧炉出口氧含量偏高
