﻿时间,炉号,预警/报警类型,预警/报警事件
2025-07-05 10:00:00,1,预警,氨逃逸偏高
2025-07-05 12:42:00,1,预警,焚烧炉出口氧含量偏低
2025-07-05 12:44:00,1,预警,焚烧炉出口氧含量偏低
2025-07-05 12:46:00,1,预警,焚烧炉出口氧含量偏低
2025-07-05 13:16:00,1,预警,焚烧炉出口氧含量偏低
2025-07-05 13:18:00,1,预警,焚烧炉出口氧含量偏低
2025-07-05 13:20:00,1,预警,焚烧炉出口氧含量偏低
2025-07-05 13:22:00,1,预警,焚烧炉出口氧含量偏低
2025-07-05 13:24:00,1,预警,焚烧炉出口氧含量偏低
2025-07-05 13:30:00,1,预警,焚烧炉出口氧含量偏低
2025-07-05 15:26:00,1,预警,焚烧炉出口氧含量偏低
2025-07-05 15:28:00,1,预警,焚烧炉出口氧含量偏低
2025-07-05 22:00:00,1,预警,氨逃逸偏高
