﻿时间,炉号,预警/报警类型,预警/报警事件
2025-07-06 13:56:00,1,预警,焚烧炉出口氧含量偏高
2025-07-06 13:58:00,1,预警,焚烧炉出口氧含量偏高
2025-07-06 14:00:00,1,预警,焚烧炉出口氧含量偏高
2025-07-06 14:00:00,1,预警,氨逃逸偏高
2025-07-06 14:04:00,1,预警,焚烧炉出口氧含量偏高
2025-07-06 14:10:00,1,预警,焚烧炉出口氧含量偏高
2025-07-06 14:12:00,1,预警,焚烧炉出口氧含量偏高
2025-07-06 14:14:00,1,预警,焚烧炉出口氧含量偏高
2025-07-06 14:16:00,1,预警,焚烧炉出口氧含量偏高
2025-07-06 14:18:00,1,预警,焚烧炉出口氧含量偏高
2025-07-06 15:00:00,1,预警,氨逃逸偏高
2025-07-06 15:04:00,1,预警,焚烧炉出口氧含量偏高
2025-07-06 15:28:00,1,预警,焚烧炉出口氧含量偏低
2025-07-06 16:00:00,1,预警,氨逃逸偏高
2025-07-06 18:42:00,1,预警,焚烧炉出口氧含量偏高
2025-07-06 18:52:00,1,预警,焚烧炉出口氧含量偏高
2025-07-06 20:40:00,1,预警,焚烧炉出口氧含量偏低
2025-07-06 20:42:00,1,预警,焚烧炉出口氧含量偏低
2025-07-06 21:30:00,1,预警,焚烧炉出口氧含量偏低
