﻿时间,炉号,预警/报警类型,预警/报警事件
2025-07-07 01:46:00,1,预警,焚烧炉出口氧含量偏低
2025-07-07 02:46:00,1,预警,焚烧炉出口氧含量偏低
2025-07-07 03:58:00,1,预警,焚烧炉出口氧含量偏低
2025-07-07 04:00:00,1,预警,焚烧炉出口氧含量偏低
2025-07-07 04:20:00,1,预警,焚烧炉出口氧含量偏低
2025-07-07 04:36:00,1,预警,焚烧炉出口氧含量偏低
2025-07-07 05:12:00,1,预警,焚烧炉出口氧含量偏低
2025-07-07 07:42:00,1,预警,焚烧炉出口氧含量偏低
2025-07-07 09:00:00,1,预警,氨逃逸偏高
2025-07-07 10:22:00,1,预警,焚烧炉出口氧含量偏高
2025-07-07 10:24:00,1,预警,焚烧炉出口氧含量偏低
2025-07-07 10:26:00,1,预警,焚烧炉出口氧含量偏高
2025-07-07 12:44:00,1,预警,焚烧炉出口氧含量偏高
2025-07-07 12:50:00,1,预警,焚烧炉出口氧含量偏高
2025-07-07 12:52:00,1,预警,焚烧炉出口氧含量偏高
2025-07-07 15:20:00,1,预警,焚烧炉出口氧含量偏高
2025-07-07 18:44:00,1,预警,焚烧炉出口氧含量偏高
2025-07-07 18:46:00,1,预警,焚烧炉出口氧含量偏高
2025-07-07 18:48:00,1,预警,焚烧炉出口氧含量偏高
2025-07-07 18:50:00,1,预警,焚烧炉出口氧含量偏高
2025-07-07 18:52:00,1,预警,焚烧炉出口氧含量偏高
2025-07-07 18:54:00,1,预警,焚烧炉出口氧含量偏高
2025-07-07 18:56:00,1,预警,焚烧炉出口氧含量偏高
2025-07-07 18:58:00,1,预警,焚烧炉出口氧含量偏高
2025-07-07 19:06:00,1,预警,焚烧炉出口氧含量偏高
2025-07-07 19:08:00,1,预警,焚烧炉出口氧含量偏高
2025-07-07 19:12:00,1,预警,焚烧炉出口氧含量偏高
2025-07-07 19:14:00,1,预警,焚烧炉出口氧含量偏高
2025-07-07 19:16:00,1,预警,焚烧炉出口氧含量偏高
2025-07-07 19:18:00,1,预警,焚烧炉出口氧含量偏高
2025-07-07 19:20:00,1,预警,焚烧炉出口氧含量偏高
2025-07-07 19:22:00,1,预警,焚烧炉出口氧含量偏高
2025-07-07 19:28:00,1,预警,焚烧炉出口氧含量偏高
2025-07-07 19:48:00,1,预警,焚烧炉出口氧含量偏高
2025-07-07 20:44:00,1,预警,焚烧炉出口氧含量偏高
2025-07-07 20:46:00,1,预警,焚烧炉出口氧含量偏高
2025-07-07 20:48:00,1,预警,焚烧炉出口氧含量偏高
