﻿时间,炉号,预警/报警类型,预警/报警事件,预警/报警区分
2024-10-08 00:52:00,1,预警,焚烧炉出口氧含量偏高,预警
2024-10-08 01:00:00,1,预警,焚烧炉出口氧含量偏高,预警
2024-10-08 01:08:00,1,预警,焚烧炉出口氧含量偏高,预警
2024-10-08 08:00:00,1,预警,焚烧炉出口氧含量偏高,预警
2024-10-08 08:58:00,1,预警,焚烧炉出口氧含量偏高,预警
2024-10-08 10:54:00,1,预警,焚烧炉出口氧含量偏高,预警
2024-10-08 11:00:00,1,预警,焚烧炉出口氧含量偏高,预警
2024-10-08 12:04:00,1,预警,焚烧炉出口氧含量偏高,预警
2024-10-08 12:28:00,1,预警,焚烧炉出口氧含量偏高,预警
2024-10-08 17:04:00,1,预警,焚烧炉出口氧含量偏高,预警
2024-10-08 19:12:00,1,预警,焚烧炉出口氧含量偏高,预警
