﻿时间,炉号,预警/报警类型,预警/报警事件,预警/报警区分
2025-03-16 01:28:00,1,预警,焚烧炉出口氧含量偏高,预警
2025-03-16 01:42:00,1,预警,焚烧炉出口氧含量偏高,预警
2025-03-16 02:14:00,1,预警,焚烧炉出口氧含量偏高,预警
2025-03-16 06:04:00,1,预警,焚烧炉出口氧含量偏高,预警
2025-03-16 07:40:00,1,预警,焚烧炉出口氧含量偏高,预警
2025-03-16 09:10:00,1,预警,焚烧炉出口氧含量偏高,预警
2025-03-16 10:12:00,1,预警,焚烧炉出口氧含量偏高,预警
2025-03-16 11:16:00,1,预警,焚烧炉出口氧含量偏高,预警
