﻿时间,炉号,预警/报警类型,预警/报警事件,预警/报警区分
2025-03-24 02:28:00,1,预警,焚烧炉出口氧含量偏高,预警
2025-03-24 09:56:00,1,预警,焚烧炉出口氧含量偏高,预警
2025-03-24 10:16:00,1,预警,焚烧炉出口氧含量偏高,预警
2025-03-24 12:58:00,1,预警,焚烧炉出口氧含量偏高,预警
2025-03-24 15:26:00,1,预警,焚烧炉出口氧含量偏高,预警
2025-03-24 18:14:00,1,预警,焚烧炉出口氧含量偏高,预警
2025-03-24 18:28:00,1,预警,焚烧炉出口氧含量偏高,预警
2025-03-24 18:32:00,1,预警,焚烧炉出口氧含量偏高,预警
2025-03-24 19:02:00,1,预警,焚烧炉出口氧含量偏高,预警
2025-03-24 23:50:00,1,预警,焚烧炉出口氧含量偏高,预警
