﻿时间,炉号,预警/报警类型,预警/报警事件,预警/报警区分
2025-03-28 09:42:00,1,预警,焚烧炉出口氧含量偏高,预警
2025-03-28 10:28:00,1,预警,焚烧炉出口氧含量偏高,预警
2025-03-28 10:56:00,1,预警,焚烧炉出口氧含量偏高,预警
2025-03-28 11:22:00,1,预警,焚烧炉出口氧含量偏高,预警
2025-03-28 11:28:00,1,预警,焚烧炉出口氧含量偏高,预警
2025-03-28 15:26:00,1,预警,焚烧炉出口氧含量偏高,预警
2025-03-28 19:52:00,1,预警,焚烧炉出口氧含量偏高,预警
2025-03-28 21:24:00,1,预警,焚烧炉出口氧含量偏高,预警
2025-03-28 23:40:00,1,预警,焚烧炉出口氧含量偏高,预警
