﻿时间,炉号,预警/报警类型,预警/报警事件,预警/报警区分
2025-03-29 02:22:00,1,预警,焚烧炉出口氧含量偏高,预警
2025-03-29 02:56:00,1,预警,焚烧炉出口氧含量偏高,预警
2025-03-29 03:20:00,1,预警,焚烧炉出口氧含量偏高,预警
2025-03-29 11:08:00,1,预警,焚烧炉出口氧含量偏高,预警
2025-03-29 13:16:00,1,预警,焚烧炉出口氧含量偏高,预警
2025-03-29 15:26:00,1,预警,焚烧炉出口氧含量偏高,预警
2025-03-29 17:02:00,1,预警,焚烧炉出口氧含量偏高,预警
