﻿时间,炉号,预警/报警类型,预警/报警事件,预警/报警区分
2025-03-31 08:46:00,1,预警,焚烧炉出口氧含量偏高,预警
2025-03-31 09:46:00,1,预警,焚烧炉出口氧含量偏高,预警
2025-03-31 10:06:00,1,预警,焚烧炉出口氧含量偏高,预警
2025-03-31 10:30:00,1,预警,焚烧炉出口氧含量偏高,预警
2025-03-31 12:02:00,1,预警,焚烧炉出口氧含量偏高,预警
2025-03-31 13:48:00,1,预警,焚烧炉出口氧含量偏高,预警
2025-03-31 14:42:00,1,预警,焚烧炉出口氧含量偏高,预警
2025-03-31 15:26:00,1,预警,焚烧炉出口氧含量偏高,预警
2025-03-31 17:02:00,1,预警,焚烧炉出口氧含量偏高,预警
