﻿时间,炉号,预警/报警类型,预警/报警事件,预警/报警区分
2025-04-20 07:46:00,1,预警,焚烧炉出口氧含量偏高,预警
2025-04-20 08:10:00,1,预警,焚烧炉出口氧含量偏高,预警
2025-04-20 08:16:00,1,预警,焚烧炉出口氧含量偏高,预警
2025-04-20 10:12:00,1,预警,焚烧炉出口氧含量偏高,预警
2025-04-20 11:30:00,1,预警,焚烧炉出口氧含量偏高,预警
2025-04-20 15:26:00,1,预警,焚烧炉出口氧含量偏高,预警
2025-04-20 16:54:00,1,预警,焚烧炉出口氧含量偏高,预警
2025-04-20 19:30:00,1,预警,焚烧炉出口氧含量偏高,预警
2025-04-20 20:06:00,1,预警,焚烧炉出口氧含量偏高,预警
2025-04-20 21:18:00,1,预警,焚烧炉出口氧含量偏高,预警
2025-04-20 23:54:00,1,预警,焚烧炉出口氧含量偏高,预警
