﻿时间,炉号,预警/报警类型,预警/报警事件,预警/报警区分
2025-04-21 05:04:00,1,预警,焚烧炉出口氧含量偏高,预警
2025-04-21 09:18:00,1,预警,焚烧炉出口氧含量偏高,预警
2025-04-21 12:24:00,1,预警,焚烧炉出口氧含量偏高,预警
2025-04-21 14:02:00,1,预警,焚烧炉出口氧含量偏高,预警
2025-04-21 14:16:00,1,预警,焚烧炉出口氧含量偏高,预警
2025-04-21 14:32:00,1,预警,焚烧炉出口氧含量偏高,预警
2025-04-21 15:26:00,1,预警,焚烧炉出口氧含量偏高,预警
2025-04-21 20:28:00,1,预警,焚烧炉出口氧含量偏高,预警
2025-04-21 20:40:00,1,预警,焚烧炉出口氧含量偏高,预警
2025-04-21 20:44:00,1,预警,焚烧炉出口氧含量偏高,预警
2025-04-21 22:46:00,1,预警,焚烧炉出口氧含量偏高,预警
