﻿时间,炉号,预警/报警类型,预警/报警事件,预警/报警区分
2025-04-24 00:12:00,1,预警,焚烧炉出口氧含量偏高,预警
2025-04-24 05:10:00,1,预警,焚烧炉出口氧含量偏高,预警
2025-04-24 05:24:00,1,预警,焚烧炉出口氧含量偏高,预警
2025-04-24 06:28:00,1,预警,焚烧炉出口氧含量偏高,预警
2025-04-24 12:54:00,1,预警,焚烧炉出口氧含量偏高,预警
2025-04-24 13:20:00,1,预警,焚烧炉出口氧含量偏高,预警
2025-04-24 15:20:00,1,预警,焚烧炉出口氧含量偏高,预警
2025-04-24 15:26:00,1,预警,焚烧炉出口氧含量偏高,预警
2025-04-24 17:44:00,1,预警,焚烧炉出口氧含量偏高,预警
2025-04-24 19:22:00,1,预警,焚烧炉出口氧含量偏高,预警
2025-04-24 19:36:00,1,预警,焚烧炉出口氧含量偏高,预警
2025-04-24 21:14:00,1,预警,焚烧炉出口氧含量偏高,预警
