﻿时间,炉号,预警/报警类型,预警/报警事件,预警/报警区分
2025-04-29 04:24:00,1,预警,焚烧炉出口氧含量偏高,预警
2025-04-29 09:54:00,1,预警,焚烧炉出口氧含量偏高,预警
2025-04-29 11:06:00,1,预警,焚烧炉出口氧含量偏高,预警
2025-04-29 14:00:00,1,预警,烟气中一氧化碳（CO）浓度较高,预警
2025-04-29 14:26:00,1,预警,焚烧炉出口氧含量偏高,预警
2025-04-29 15:30:00,1,预警,焚烧炉出口氧含量偏高,预警
2025-04-29 18:16:00,1,预警,焚烧炉出口氧含量偏高,预警
