﻿时间,炉号,预警/报警类型,预警/报警事件,预警/报警区分
2025-04-08 01:20:00,1,预警,焚烧炉出口氧含量偏高,预警
2025-04-08 09:50:00,1,预警,焚烧炉出口氧含量偏高,预警
2025-04-08 10:18:00,1,预警,焚烧炉出口氧含量偏高,预警
2025-04-08 10:28:00,1,预警,焚烧炉出口氧含量偏高,预警
2025-04-08 13:46:00,1,预警,焚烧炉出口氧含量偏高,预警
2025-04-08 13:52:00,1,预警,焚烧炉出口氧含量偏高,预警
2025-04-08 15:26:00,1,预警,焚烧炉出口氧含量偏高,预警
2025-04-08 17:12:00,1,预警,焚烧炉出口氧含量偏高,预警
2025-04-08 17:40:00,1,预警,焚烧炉出口氧含量偏高,预警
2025-04-08 17:48:00,1,预警,焚烧炉出口氧含量偏高,预警
2025-04-08 18:02:00,1,预警,焚烧炉出口氧含量偏高,预警
