﻿时间,炉号,预警/报警类型,预警/报警事件,预警/报警区分
2025-05-11 03:22:00,1,预警,焚烧炉出口氧含量偏高,预警
2025-05-11 05:08:00,1,预警,焚烧炉出口氧含量偏高,预警
2025-05-11 05:16:00,1,预警,焚烧炉出口氧含量偏高,预警
2025-05-11 09:18:00,1,预警,焚烧炉出口氧含量偏高,预警
2025-05-11 10:28:00,1,预警,焚烧炉出口氧含量偏高,预警
2025-05-11 13:40:00,1,预警,焚烧炉出口氧含量偏高,预警
2025-05-11 14:00:00,1,预警,烟气中一氧化碳（CO）浓度较高,预警
2025-05-11 17:44:00,1,预警,焚烧炉出口氧含量偏高,预警
