﻿时间,炉号,预警/报警类型,预警/报警事件,预警/报警区分
2025-05-13 00:00:00,1,预警,焚烧炉出口氧含量偏高,预警
2025-05-13 00:16:00,1,预警,焚烧炉出口氧含量偏高,预警
2025-05-13 00:28:00,1,预警,焚烧炉出口氧含量偏高,预警
2025-05-13 00:38:00,1,预警,焚烧炉出口氧含量偏高,预警
2025-05-13 04:16:00,1,预警,焚烧炉出口氧含量偏高,预警
2025-05-13 14:12:00,1,预警,焚烧炉出口氧含量偏高,预警
2025-05-13 15:00:00,1,预警,焚烧炉出口氧含量偏高,预警
2025-05-13 15:26:00,1,预警,焚烧炉出口氧含量偏高,预警
2025-05-13 18:02:00,1,预警,焚烧炉出口氧含量偏高,预警
2025-05-13 18:20:00,1,预警,焚烧炉出口氧含量偏高,预警
2025-05-13 18:32:00,1,预警,焚烧炉出口氧含量偏高,预警
