﻿时间,炉号,预警/报警类型,预警/报警事件,预警/报警区分
2025-05-14 06:26:00,1,预警,焚烧炉出口氧含量偏高,预警
2025-05-14 07:32:00,1,预警,焚烧炉出口氧含量偏高,预警
2025-05-14 09:58:00,1,预警,焚烧炉出口氧含量偏低,预警
2025-05-14 10:04:00,1,预警,焚烧炉出口氧含量偏高,预警
2025-05-14 10:12:00,1,预警,焚烧炉出口氧含量偏低,预警
2025-05-14 10:36:00,1,预警,焚烧炉出口氧含量偏高,预警
2025-05-14 11:36:00,1,预警,焚烧炉出口氧含量偏高,预警
2025-05-14 15:38:00,1,预警,焚烧炉出口氧含量偏高,预警
2025-05-14 17:44:00,1,预警,焚烧炉出口氧含量偏高,预警
2025-05-14 18:20:00,1,预警,焚烧炉出口氧含量偏高,预警
2025-05-14 19:52:00,1,预警,焚烧炉出口氧含量偏高,预警
2025-05-14 23:06:00,1,预警,焚烧炉出口氧含量偏高,预警
