﻿时间,炉号,预警/报警类型,预警/报警事件,预警/报警区分
2025-05-22 01:46:00,1,预警,焚烧炉出口氧含量偏高,预警
2025-05-22 01:56:00,1,预警,焚烧炉出口氧含量偏高,预警
2025-05-22 02:38:00,1,预警,焚烧炉出口氧含量偏高,预警
2025-05-22 04:40:00,1,预警,焚烧炉出口氧含量偏高,预警
2025-05-22 05:24:00,1,预警,焚烧炉出口氧含量偏高,预警
2025-05-22 14:10:00,1,预警,焚烧炉出口氧含量偏高,预警
2025-05-22 18:18:00,1,预警,焚烧炉出口氧含量偏高,预警
2025-05-22 18:34:00,1,预警,焚烧炉出口氧含量偏高,预警
2025-05-22 19:46:00,1,预警,焚烧炉出口氧含量偏高,预警
2025-05-22 21:26:00,1,预警,焚烧炉出口氧含量偏高,预警
