﻿时间,炉号,预警/报警类型,预警/报警事件,预警/报警区分
2025-05-23 00:50:00,1,预警,焚烧炉出口氧含量偏高,预警
2025-05-23 01:00:00,1,预警,焚烧炉出口氧含量偏高,预警
2025-05-23 01:12:00,1,预警,焚烧炉出口氧含量偏高,预警
2025-05-23 04:48:00,1,预警,焚烧炉出口氧含量偏高,预警
2025-05-23 05:46:00,1,预警,焚烧炉出口氧含量偏高,预警
2025-05-23 06:34:00,1,预警,焚烧炉出口氧含量偏高,预警
2025-05-23 07:54:00,1,预警,焚烧炉出口氧含量偏高,预警
2025-05-23 12:40:00,1,预警,焚烧炉出口氧含量偏高,预警
