﻿时间,炉号,预警/报警类型,预警/报警事件,预警/报警区分
2025-05-02 00:00:00,1,预警,焚烧炉出口氧含量偏高,预警
2025-05-02 00:44:00,1,预警,焚烧炉出口氧含量偏高,预警
2025-05-02 01:02:00,1,预警,焚烧炉出口氧含量偏高,预警
2025-05-02 02:46:00,1,预警,焚烧炉出口氧含量偏高,预警
2025-05-02 06:06:00,1,预警,焚烧炉出口氧含量偏高,预警
2025-05-02 10:06:00,1,预警,焚烧炉出口氧含量偏高,预警
2025-05-02 10:20:00,1,预警,焚烧炉出口氧含量偏高,预警
2025-05-02 10:56:00,1,预警,焚烧炉出口氧含量偏高,预警
2025-05-02 17:42:00,1,预警,焚烧炉出口氧含量偏高,预警
2025-05-02 19:34:00,1,预警,焚烧炉出口氧含量偏高,预警
