﻿时间,炉号,预警/报警类型,预警/报警事件,预警/报警区分
2025-05-03 01:56:00,1,预警,焚烧炉出口氧含量偏高,预警
2025-05-03 07:28:00,1,预警,焚烧炉出口氧含量偏高,预警
2025-05-03 09:10:00,1,预警,焚烧炉出口氧含量偏高,预警
2025-05-03 11:24:00,1,预警,焚烧炉出口氧含量偏高,预警
2025-05-03 14:26:00,1,预警,焚烧炉出口氧含量偏高,预警
2025-05-03 15:26:00,1,预警,焚烧炉出口氧含量偏高,预警
2025-05-03 16:48:00,1,预警,焚烧炉出口氧含量偏高,预警
2025-05-03 21:06:00,1,预警,焚烧炉出口氧含量偏高,预警
2025-05-03 21:14:00,1,预警,焚烧炉出口氧含量偏高,预警
