﻿时间,炉号,预警/报警类型,预警/报警事件,预警/报警区分
2025-05-09 00:02:00,1,预警,焚烧炉出口氧含量偏高,预警
2025-05-09 01:46:00,1,预警,焚烧炉出口氧含量偏高,预警
2025-05-09 03:46:00,1,预警,焚烧炉出口氧含量偏高,预警
2025-05-09 04:02:00,1,预警,焚烧炉出口氧含量偏高,预警
2025-05-09 04:32:00,1,预警,焚烧炉出口氧含量偏高,预警
2025-05-09 06:38:00,1,预警,焚烧炉出口氧含量偏高,预警
2025-05-09 06:50:00,1,预警,焚烧炉出口氧含量偏高,预警
2025-05-09 07:08:00,1,预警,焚烧炉出口氧含量偏高,预警
2025-05-09 07:16:00,1,预警,焚烧炉出口氧含量偏高,预警
2025-05-09 09:42:00,1,预警,焚烧炉出口氧含量偏高,预警
2025-05-09 09:50:00,1,预警,焚烧炉出口氧含量偏高,预警
2025-05-09 23:06:00,1,预警,焚烧炉出口氧含量偏高,预警
