﻿时间,炉号,预警/报警类型,预警/报警事件,预警/报警区分
2025-06-13 00:36:00,1,预警,焚烧炉出口氧含量偏高,预警
2025-06-13 03:32:00,1,预警,焚烧炉出口氧含量偏高,预警
2025-06-13 04:28:00,1,预警,焚烧炉出口氧含量偏高,预警
2025-06-13 05:14:00,1,预警,焚烧炉出口氧含量偏高,预警
2025-06-13 07:12:00,1,预警,焚烧炉出口氧含量偏高,预警
2025-06-13 08:04:00,1,预警,焚烧炉出口氧含量偏高,预警
2025-06-13 08:10:00,1,预警,焚烧炉出口氧含量偏高,预警
2025-06-13 10:00:00,1,预警,烟气中一氧化碳（CO）浓度较高,预警
