﻿时间,炉号,预警/报警类型,预警/报警事件,预警/报警区分
2025-06-01 02:18:00,1,预警,焚烧炉出口氧含量偏高,预警
2025-06-01 04:12:00,1,预警,焚烧炉出口氧含量偏高,预警
2025-06-01 08:26:00,1,预警,焚烧炉出口氧含量偏高,预警
2025-06-01 11:12:00,1,预警,焚烧炉出口氧含量偏高,预警
2025-06-01 11:18:00,1,预警,焚烧炉出口氧含量偏高,预警
2025-06-01 15:30:00,1,预警,焚烧炉出口氧含量偏高,预警
2025-06-01 22:28:00,1,预警,焚烧炉出口氧含量偏高,预警
