﻿时间,炉号,预警/报警类型,预警/报警事件,预警/报警区分
2025-06-20 09:40:00,1,预警,瞬时低炉温焚烧,预警
2025-06-20 09:40:00,1,报警,低炉温焚烧,报警
2025-06-20 09:44:00,1,预警,焚烧炉出口氧含量偏高,预警
2025-06-20 09:44:00,1,预警,布袋除尘器压力损失偏低,预警
2025-06-20 15:55:00,1,预警,瞬时低炉温焚烧,预警
2025-06-20 15:55:00,1,报警,低炉温焚烧,报警
2025-06-20 18:30:00,1,预警,瞬时低炉温焚烧,预警
2025-06-20 18:30:00,1,报警,低炉温焚烧,报警
2025-06-20 18:40:00,1,报警,低炉温焚烧,报警
2025-06-20 18:40:00,1,预警,瞬时低炉温焚烧,预警
2025-06-20 19:00:00,1,预警,瞬时低炉温焚烧,预警
2025-06-20 19:00:00,1,报警,低炉温焚烧,报警
2025-06-20 19:35:00,1,预警,瞬时低炉温焚烧,预警
2025-06-20 19:35:00,1,报警,低炉温焚烧,报警
2025-06-20 19:40:00,1,预警,瞬时低炉温焚烧,预警
2025-06-20 19:40:00,1,报警,低炉温焚烧,报警
2025-06-20 21:10:00,1,预警,瞬时低炉温焚烧,预警
2025-06-20 21:10:00,1,报警,低炉温焚烧,报警
