﻿时间,炉号,预警/报警类型,预警/报警事件,预警/报警区分
2025-06-25 00:00:00,1,报警,烟气中氮氧化物（NOx）排放超标,报警
2025-06-25 00:00:00,1,报警,烟气中一氧化碳（CO）排放超标,报警
2025-06-25 15:00:00,1,预警,瞬时低炉温焚烧,预警
2025-06-25 15:00:00,1,报警,低炉温焚烧,报警
2025-06-25 15:04:00,1,预警,布袋除尘器压力损失偏低,预警
2025-06-25 15:04:00,1,预警,焚烧炉出口氧含量偏高,预警
2025-06-25 16:00:00,1,预警,烟气中氮氧化物（NOx）浓度较高,预警
2025-06-25 16:00:00,1,预警,烟气中一氧化碳（CO）浓度较高,预警
2025-06-25 22:30:00,1,预警,瞬时低炉温焚烧,预警
2025-06-25 22:30:00,1,报警,低炉温焚烧,报警
