时间坐标,穿透率,处理效率,进口浓度,出口浓度,风速段,数据点数,计算规则,拼接时间段
0.013194444444444444,0.05907602973409467,94.09239702659052,25.255748637816144,2.984018714968895,,3,规则2-拼接段,1_2
0.05347222222222222,0.001271904941699146,99.87280950583009,38.8345958949534,0.0493939144276806,,2,规则2-拼接段,3_4
0.16569444444444445,0.034660643805132896,96.53393561948671,38.095333272126524,1.3204087771830053,,4,规则2-拼接段,5_6
0.24347222222222223,0.04501776622914108,95.49822337708589,61.26748700201961,1.3790627036519292,,3,规则2-拼接段,7_8
1.0466666666666666,0.06444118518658987,93.55588148134102,41.9744588962975,2.7048838788432117,,4,规则2-拼接段,9_10
1.8216666666666668,0.08074627767353248,91.92537223264675,41.64939983854449,3.3630340042990925,,2,规则2-拼接段,11_12
1.9559722222222222,0.08731623656799131,91.26837634320086,43.13442025388642,3.7663352431115023,,4,规则2-拼接段,13_14
2.0556944444444443,0.12732060604980402,87.2679393950196,49.035878887960315,3.1216389090999486,,3,规则2-拼接段,15_16
3.363888888888889,0.05388356558841342,94.61164344115865,30.450926861473643,3.2816090295363893,,3,规则2-拼接段,17_18
3.4809722222222224,0.0011388830271667086,99.88611169728333,42.457710571220616,0.0483543659419197,,2,规则2-拼接段,19_20
3.635,0.001174340427446706,99.88256595725534,53.239029255392175,0.03126037218631247,,3,规则2-拼接段,21_22
5.217083333333333,0.04481482546855601,95.5185174531444,31.243461957809334,2.800340589345389,,3,规则2-拼接段,23_24
5.2941666666666665,0.020636822139436045,97.93631778605639,38.51884772804861,0.7949066095797594,,2,规则2-拼接段,25_26
6.448472222222223,0.001133810967951827,99.88661890320482,64.65960468147074,0.024437256323760276,,4,规则2-拼接段,27_28
7.617361111111111,0.007351899494529824,99.26481005054701,45.097564820562965,0.33155276400882283,,4,规则2-拼接段,29_30
7.687777777777778,0.0012840626056341642,99.87159373943659,50.96686157069782,0.032722320534733,,3,规则2-拼接段,31_32
7.7498611111111115,0.05776707279888512,94.22329272011149,39.6193358965533,2.288693060979677,,2,规则2-拼接段,33_34
9.075277777777778,0.09522006066441059,90.47799393355895,26.32310421611891,5.01297516066889,,3,规则2-拼接段,35_36
9.124583333333334,0.026445645851745872,97.35543541482541,30.76057513799331,0.81348327629539,,2,规则2-拼接段,37_38
9.192638888888888,0.001420946547815719,99.85790534521843,33.60896304255095,0.04775654001097885,,4,规则2-拼接段,39_40
9.267777777777777,0.08751376671345028,91.24862332865497,43.737195602564675,1.9138033663316942,,3,规则2-拼接段,41_42
9.314583333333333,0.0013878573929426519,99.86121426070574,36.36158645454625,0.0504646965800654,,2,规则2-拼接段,43_44
11.178333333333333,0.042604565599205564,95.73954344007944,31.659666666341803,2.697692690670282,,3,规则2-拼接段,45_46
11.273194444444444,0.0013468641462268897,99.86531358537731,40.25192536017638,0.05421387508422245,,2,规则2-拼接段,47_48
11.384583333333333,0.03235562298359715,96.76443770164026,60.88240482433762,0.9849440684155021,,3,规则2-拼接段,49_50
18.21013888888889,0.1589839954890633,84.10160045109366,78.57107898520626,12.336806724230811,1.0,39,规则1-风速段,
21.59611111111111,0.0009512613563451717,99.90487386436548,33.43467403611622,0.06361022674510923,,3,规则2-拼接段,51_52
21.695,0.0024752042374901902,99.75247957625099,40.898654617590104,0.10123252321710675,,2,规则2-拼接段,53_54
22.97888888888889,0.0011059203269344197,99.88940796730655,75.5300245596427,0.0208825473635912,,5,规则2-拼接段,55_56
25.962777777777777,0.017179038701129374,98.28209612988707,23.145185896016383,0.7952240885049983,,3,规则2-拼接段,57_58
26.083333333333332,0.05110678250133654,94.88932174986635,40.25497440264656,2.0573022213929275,,2,规则2-拼接段,59_60
26.243333333333332,0.027753946775596162,97.22460532244038,41.68846577982528,1.1570194604095327,,4,规则2-拼接段,61_62
27.38652777777778,0.0331790373757191,96.68209626242809,28.775782354519595,1.909505516512328,,3,规则2-拼接段,63_64
27.5375,0.07029395870905121,92.97060412909488,50.91989011167106,3.5793606529792306,,2,规则2-拼接段,65_66
27.701944444444443,0.0010313937772025365,99.89686062227975,63.19614632149489,0.0325900560295854,,3,规则2-拼接段,67_68
29.93402777777778,0.0013631242172401769,99.86368757827599,25.829670569732716,0.0704180989538771,,3,规则2-拼接段,69_70
30.016111111111112,0.09932478513866838,90.06752148613316,35.66601536643397,3.5425193130234987,,2,规则2-拼接段,71_72
30.159583333333334,0.049391740810053084,95.0608259189947,35.451689875891724,1.751020677628427,,4,规则2-拼接段,73_74
31.675833333333333,0.004019889172520444,99.59801108274796,34.57585233093399,0.2779821888315746,,3,规则2-拼接段,75_76
31.731527777777778,0.07153862921762703,92.8461370782373,35.416760145757166,2.5336664721569524,,2,规则2-拼接段,77_78
31.77888888888889,0.040274538833585664,95.97254611664144,42.15028837633068,1.6975834260593643,,4,规则2-拼接段,79_80
32.918055555555554,0.0010768893481367297,99.89231106518632,61.28368017096532,0.03299787119536533,,3,规则2-拼接段,81_82
35.04069444444445,0.053067216910910896,94.69327830890892,48.527693882607366,1.716819771636406,,5,规则2-拼接段,83_84
36.06125,0.14437225812618068,85.56277418738193,31.7382127767317,4.582117447465954,,2,规则2-拼接段,85_86
36.10138888888889,0.02882765417313687,97.11723458268632,38.35675640868833,1.1057353089529185,,4,规则2-拼接段,87_88
36.16388888888889,0.0012950861386146055,99.87049138613854,48.748059787636386,0.03156646825766197,,3,规则2-拼接段,89_90
36.251805555555556,0.0314655786312873,96.85344213687127,22.874784336889835,1.4395366504522926,,3,规则2-拼接段,91_92
46.01069444444445,0.024610901906631618,97.53890980933686,31.451187563500707,1.5480841839447763,,3,规则2-拼接段,93_94
46.10736111111111,0.0010798580223360808,99.89201419776639,47.45340496881596,0.05124294004273875,,2,规则2-拼接段,95_96
46.22736111111111,0.0011300737284720347,99.8869926271528,45.93622841741556,0.05191132491961185,,4,规则2-拼接段,97_98
47.34847222222222,0.05766466313719234,94.23353368628075,28.892093614046587,3.3321056911644447,,3,规则2-拼接段,99_100
47.39180555555556,0.04079900745428497,95.9200992545715,34.18080622190344,1.3945429678409085,,2,规则2-拼接段,101_102
47.42541666666666,0.0014399746119212807,99.85600253880787,34.80074615346119,0.05011219093690128,,4,规则2-拼接段,103_104
47.52736111111111,0.029758988563890813,97.02410114361093,52.32265494279053,0.7785346450374542,,3,规则2-拼接段,105_106
75.74652777777777,0.005581299604136227,99.44187003958638,65.0296835709009,0.12098338239045778,,4,规则2-拼接段,107_108
103.98958333333333,0.10470586487375488,89.52941351262452,27.582678735189603,5.7761364650059095,,3,规则2-拼接段,109_110
105.45541666666666,0.06359689114711553,93.64031088528844,25.614142642713762,3.2579596829507147,,3,规则2-拼接段,111_112
105.54722222222222,0.06584305223176826,93.41569477682317,31.54768581261983,2.077195924751742,,2,规则2-拼接段,113_114
105.66083333333333,0.054044730331208574,94.59552696687913,41.846868104008564,2.261602701886796,,4,规则2-拼接段,115_116
105.76902777777778,0.035841495188617324,96.41585048113826,49.14779061790724,0.880765150481447,,3,规则2-拼接段,117_118
108.03166666666667,0.06459862378745229,93.54013762125477,22.09172327494475,2.854189841309319,,3,规则2-拼接段,119_120
108.13388888888889,0.001310094260830838,99.86899057391692,39.058280814780645,0.05117002953336335,,2,规则2-拼接段,121_122
108.22458333333333,0.15513645967317474,84.48635403268253,37.32354040223092,5.790241920470805,,4,规则2-拼接段,123_124
113.16805555555555,0.09283703778003573,90.71629622199643,32.63862834298846,3.0300735725665646,,4,规则2-拼接段,125_126
118.11847222222222,0.16626924186669365,83.37307581333063,27.658601826148608,4.598774756726478,,2,规则2-拼接段,127_128
118.20805555555556,0.0017531219245840947,99.8246878075416,29.953485689058812,0.052512112479204925,,4,规则2-拼接段,129_130
119.10402777777777,0.0012575864619207015,99.87424135380792,58.276934140436005,0.036644141708628335,,3,规则2-拼接段,131_132
120.1975,0.040795595296678595,95.92044047033214,29.870025089037554,2.437130910068024,,3,规则2-拼接段,133_134
121.95597222222223,0.0014466727407301129,99.855332725927,25.01432880471002,0.0723750952188681,,3,规则2-拼接段,135_136
122.04194444444444,0.03153146847126641,96.84685315287336,44.000491252420915,1.3874001026459435,,2,规则2-拼接段,137_138
122.10055555555556,0.03939588691436447,96.06041130856356,44.90561589998562,1.7690965658157207,,4,规则2-拼接段,139_140
123.26083333333334,0.032612036602900595,96.73879633970995,29.933240677440693,1.9523678812322578,,3,规则2-拼接段,141_142
123.31819444444444,0.04246123727223028,95.75387627277698,48.44269397537988,2.0569367229946454,,2,规则2-拼接段,143_144
123.41097222222223,0.09343902485094689,90.65609751490531,50.36363077748112,4.705928547800972,,4,规则2-拼接段,145_146
123.54527777777778,0.08820959810816505,91.17904018918348,55.44605107355054,2.445436940941344,,3,规则2-拼接段,147_148
124.74222222222222,0.057985868423920686,94.20141315760793,42.4980430469696,2.4642859323956965,,4,规则2-拼接段,149_150
126.00194444444445,0.001166946219156642,99.88330537808433,44.04012419487665,0.05139245642040025,,2,规则2-拼接段,151_152
126.17902777777778,0.06781996361178634,93.21800363882137,43.41459537671166,2.9443762786690124,,4,规则2-拼接段,153_154
127.88208333333333,0.011503261465557113,98.84967385344429,31.272190283912675,0.7194643628730043,,3,规则2-拼接段,155_156
127.96902777777778,0.0011430408489386046,99.88569591510614,42.116347029593165,0.04814070506289905,,2,规则2-拼接段,157_158
129.71625,0.10173073094147896,89.82692690585209,67.72956699159836,0.6263798505822881,,24,规则2-拼接段,159_160
131.53597222222223,0.06437462102966428,93.56253789703356,34.50864655971756,2.221481044528446,,2,规则2-拼接段,161_162
131.58958333333334,0.03972839984881264,96.02716001511874,41.75756336940192,1.6589611742517316,,4,规则2-拼接段,163_164
136.82319444444445,0.01808723632554267,98.19127636744574,48.25224253053101,0.5818331425914102,,5,规则2-拼接段,165_166
142.01347222222222,0.033098320840995364,96.69016791590046,43.09716501946617,1.4264437951516136,,2,规则2-拼接段,167_168
142.12194444444444,0.05673359045260934,94.32664095473906,34.23685799858012,1.942379880075587,,4,规则2-拼接段,169_170
142.76736111111111,0.001622823147119515,99.83771768528806,33.62956084323561,0.05457482976386682,,4,规则2-拼接段,171_172
143.36375,0.10372422462104967,89.62757753789504,42.20699347460914,4.377887671739536,,2,规则2-拼接段,173_174
144.45083333333332,0.10217396829380092,89.78260317061991,30.311879510103704,4.645627523986275,,5,规则2-拼接段,175_176
145.56444444444443,0.009320972219272354,99.06790277807276,36.86542067263606,0.34362156194142945,,4,规则2-拼接段,177_178
145.67833333333334,0.0012112383763545882,99.87887616236453,54.80000679571442,0.033187935627730765,,3,规则2-拼接段,179_180
146.54972222222221,0.09107474145780568,90.89252585421943,46.6153401771012,4.245480054597154,,4,规则2-拼接段,181_182
147.3788888888889,0.0011190300228370912,99.88809699771629,40.93609035695506,0.04580871412700465,,2,规则2-拼接段,183_184
147.4751388888889,0.1084578848839583,89.15421151160416,44.37853111095612,4.813201618551241,,4,规则2-拼接段,185_186
148.5402777777778,0.017054520975284038,98.29454790247159,58.94196961976146,0.6701513714698509,,5,规则2-拼接段,187_188
149.60930555555555,0.12493897378225967,87.50610262177403,42.32043266796203,5.287471427556394,,2,规则2-拼接段,189_190
149.7188888888889,0.07489132422002748,92.51086757799725,42.93554951557131,3.2155001593356944,,4,规则2-拼接段,191_192
151.94805555555556,0.08015743202680552,91.98425679731945,21.55565493371081,3.4556918902843985,,3,规则2-拼接段,193_194
152.05277777777778,0.0639672671365076,93.60327328634924,38.480027575390615,2.4614622033351905,,2,规则2-拼接段,195_196
152.17291666666668,0.030386458496968284,96.96135415030317,30.46514262091908,0.9257277918547773,,4,规则2-拼接段,197_198
152.4802777777778,0.2316091145798353,76.83908854201647,80.70295897683201,19.020975362201927,2.0,66,规则1-风速段,
154.60291666666666,0.011679374087719949,98.83206259122801,18.801650604533446,0.6587745326308561,,4,规则2-拼接段,199_200
155.83958333333334,0.06050646478726306,93.9493535212737,50.71323366748387,3.0684784871498563,,2,规则2-拼接段,201_202
156.01611111111112,0.07238413632570811,92.76158636742919,47.41336644344633,3.4319755803031735,,4,规则2-拼接段,203_204
161.08194444444445,0.05550975129343407,94.4490248706566,44.95734831415296,2.495571223730918,,4,规则2-拼接段,205_206
166.04083333333332,0.016859887661324326,98.31401123386757,51.80858887651302,0.8734869883497466,,2,规则2-拼接段,207_208
166.1125,0.11125850912047412,88.87414908795259,43.27670542642625,4.814901725390117,,4,规则2-拼接段,209_210
166.18194444444444,0.1553782254415008,84.46217745584991,58.11319388709601,4.514762470457425,,3,规则2-拼接段,211_212
166.2397222222222,0.06591660878944428,93.40833912105558,34.12364850922847,4.498630378502632,,3,规则2-拼接段,213_214
167.95125,0.07490736489094098,92.50926351090591,25.633207640556318,3.8402320761128164,,3,规则2-拼接段,215_216
168.04513888888889,0.021001130853318388,97.89988691466817,44.89865565321403,0.9429225425112312,,2,规则2-拼接段,217_218
168.1226388888889,0.02699571838642266,97.30042816135773,42.24844708299904,1.1405271797163221,,4,规则2-拼接段,219_220
168.7901388888889,0.009462047492377964,99.0537952507622,51.52509237171989,0.32502191404691677,,5,规则2-拼接段,221_222
170.3751388888889,0.01467976037447301,98.5320239625527,25.408620644855105,1.1189773875370825,,4,规则2-拼接段,223_224
171.4723611111111,0.054107401453743674,94.58925985462561,48.25143587493135,1.30537990580224,,3,规则2-拼接段,225_226
173.41486111111112,0.05255591686406847,94.74440831359315,22.298238640582976,2.343808752419276,,3,规则2-拼接段,227_228
173.51402777777778,0.0017022291250341514,99.82977708749658,27.49514761604023,0.046803041069137,,2,规则2-拼接段,229_230
173.58319444444444,0.09059820350179354,90.94017964982064,33.78720892032837,3.0610604295215236,,4,规则2-拼接段,231_232
173.6923611111111,0.001434353224095094,99.85656467759048,45.85070732436369,0.0328830549388708,,3,规则2-拼接段,233_234
173.7501388888889,0.015512809917565103,98.44871900824349,37.5056324818284,0.5818177475286594,,2,规则2-拼接段,235_236
175.5063888888889,0.033139916022896766,96.68600839771032,24.033902325257767,1.5929630095230911,,3,规则2-拼接段,237_238
175.5823611111111,0.001550293944910181,99.84497060550899,30.603476609637745,0.04744438448112175,,2,规则2-拼接段,239_240
175.62041666666667,0.04876511104749923,95.12348889525008,29.88951262769436,1.4575654024451459,,4,规则2-拼接段,241_242
175.6938888888889,0.18354399544831068,81.64560045516893,40.90940620526999,3.7543379331665836,,3,规则2-拼接段,243_244
176.59833333333333,0.038132350028342435,96.18676499716575,41.02222755797419,1.5642739401829868,,4,规则2-拼接段,245_246
177.49944444444444,0.005217338754746829,99.47826612452532,38.34996641607114,0.2000847660258073,,2,规则2-拼接段,247_248
177.57333333333332,0.06750393066776576,93.24960693322343,55.8992744900328,1.8867103747767908,,3,规则2-拼接段,249_250
179.4476388888889,0.0018069271822711115,99.81930728177288,25.47762011865331,0.046036204331972,,2,规则2-拼接段,251_252
179.6025,0.02462770708888931,97.53722929111107,35.74707806582215,0.8803685678887277,,4,规则2-拼接段,253_254
184.6875,0.025925078334440473,97.40749216655595,37.87428044321606,0.9818936873509432,,4,规则2-拼接段,255_256
189.67194444444445,0.11588829916346452,88.41117008365354,46.3629386683479,5.372922106494859,,2,规则2-拼接段,257_258
189.77208333333334,0.07206594258345646,92.79340574165435,42.194195607702696,3.040764478019833,,4,规则2-拼接段,259_260
190.64958333333334,0.0393685417870479,96.06314582129521,45.55443467613831,1.7934116651328948,,4,规则2-拼接段,261_262
191.5375,0.05593687787151379,94.40631221284862,40.93440686081132,2.289742917316059,,2,规则2-拼接段,263_264
191.60944444444445,0.008553540485682458,99.14464595143176,60.85799223728022,0.26027565023946253,,3,规则2-拼接段,265_266
194.0365277777778,0.0010270199934305222,99.89729800065696,33.685281714060466,0.06919091560935933,,3,规则2-拼接段,267_268
194.09680555555556,0.001086887172198597,99.89131128278014,47.11071439460438,0.0512040311486073,,2,规则2-拼接段,269_270
194.17944444444444,0.013628215912390142,98.63717840876099,41.51413849821807,0.5657636428705837,,4,规则2-拼接段,271_272
194.29069444444445,0.11898179521324222,88.10182047867578,62.33049380588849,3.7080970247762433,,3,规则2-拼接段,273_274
194.34625,0.12586366951600936,87.41363304839906,47.49027767489329,5.977300614496286,,2,规则2-拼接段,275_276
196.76875,0.01824706840715092,98.17529315928489,47.30612435855838,0.4315990436239016,,3,规则2-拼接段,277_278
197.93930555555556,0.016082680964723366,98.39173190352767,39.270117462370656,0.6315687705945192,,4,规则2-拼接段,279_280
198.0209722222222,0.03725028179033023,96.27497182096698,55.701204138170716,1.0374427751037836,,3,规则2-拼接段,281_282
198.10180555555556,0.05767406993021477,94.23259300697855,23.02027628985671,2.6553460491081218,,3,规则2-拼接段,283_284
199.61513888888888,0.08514213272859544,91.48578672714045,24.630509453376984,4.194188210104696,,3,规则2-拼接段,285_286
199.7302777777778,0.0016389324653140126,99.8361067534686,54.02352101751885,0.08854090248618555,,2,规则2-拼接段,287_288
199.88680555555555,0.09885645518990382,90.11435448100961,45.339161310697875,4.482068768458825,,4,规则2-拼接段,289_290
201.41083333333333,0.04770151823340141,95.22984817665986,27.020114156244258,2.5778009361853456,,3,规则2-拼接段,291_292
201.4573611111111,0.0139144850864737,98.60855149135263,38.238436978544094,0.5320681610680162,,2,规则2-拼接段,293_294
201.5775,0.0145178635407844,98.54821364592155,42.369764888768685,0.6151184649102619,,4,规则2-拼接段,295_296
201.68277777777777,0.0778467987143668,92.2153201285633,51.56552742906519,2.007105617185299,,3,规则2-拼接段,297_298
202.70166666666665,0.017258418571181416,98.27415814288186,34.379749263959894,0.593340103169686,,4,规则2-拼接段,299_300
203.68305555555557,0.16277256597556597,83.7227434024434,32.13555847335689,5.230787311766142,,2,规则2-拼接段,301_302
234.7548611111111,0.0879834160303648,91.20165839696352,45.75446235751019,2.68375593123099,,5,规则2-拼接段,303_304
265.78027777777777,0.027847321765269637,97.21526782347304,51.31934364589821,0.7145531376448866,,3,规则2-拼接段,305_306
265.8438888888889,0.056642053825486066,94.33579461745141,31.942952044440073,3.6186288180921893,,3,规则2-拼接段,307_308
267.22777777777776,0.06717634738657588,93.28236526134242,26.66185626149283,3.582092236385991,,3,规则2-拼接段,309_310
267.26680555555555,0.1397574289613776,86.02425710386224,40.562330365335605,5.668887004541321,,2,规则2-拼接段,311_312
267.31916666666666,0.10010084327569618,89.98991567243037,47.11059134955232,4.715809921306906,,4,规则2-拼接段,313_314
267.4225,0.03648939753536367,96.35106024646363,59.12086953288766,1.078642455510954,,3,规则2-拼接段,315_316
269.9501388888889,0.07472719560695851,92.52728043930415,23.934405487500992,3.5771020012014954,,3,规则2-拼接段,317_318
269.99888888888887,0.09877236303444478,90.12276369655552,38.290375420677194,3.782030861776309,,2,规则2-拼接段,319_320
270.05625,0.051696727868080175,94.83032721319198,33.14301345131693,1.7133853471208522,,4,规则2-拼接段,321_322
270.1476388888889,0.13322284841870358,86.67771515812963,46.23871197639314,3.0800264583535584,,3,规则2-拼接段,323_324
270.2,0.0014824046700049527,99.85175953299951,38.27370716019792,0.0567371222326794,,2,规则2-拼接段,325_326
271.8515277777778,0.06074801423931917,93.9251985760681,26.8316603079461,3.2599401649033695,,3,规则2-拼接段,327_328
272.605,0.14867077067541834,85.13292293245817,26.494941456743046,7.878046730748159,,3,规则2-拼接段,329_330
273.3861111111111,0.10269278249046174,89.73072175095382,41.546649806198424,4.266541071755319,,2,规则2-拼接段,331_332
273.5134722222222,0.15218010899698411,84.78198910030159,36.69021369685365,5.583520719509828,,4,规则2-拼接段,333_334
274.42833333333334,0.15427793493680406,84.57220650631959,43.28855573266552,6.678468984832388,,4,规则2-拼接段,335_336
275.22625,0.1012118233090916,89.87881766909084,53.86601926352204,5.451878024063718,,2,规则2-拼接段,337_338
275.33958333333334,0.17292959504633892,82.7070404953661,47.52993579650227,8.219332549867627,,4,规则2-拼接段,339_340
280.71194444444444,0.09620405232803805,90.3795947671962,50.94496556351159,4.901112132922165,,4,规则2-拼接段,341_342
286.03875,0.17884388987792166,82.11561101220784,37.49649800733438,6.706019560431419,,2,规则2-拼接段,343_344
286.0990277777778,0.10719954783709064,89.28004521629094,41.03703505416483,4.399151602381308,,4,规则2-拼接段,345_346
286.18430555555557,0.15636990679299562,84.36300932070044,56.38877879220521,4.408754041953988,,3,规则2-拼接段,347_348
286.91527777777776,0.08934794471567359,91.06520552843264,42.32023599029497,3.7812261056151346,,4,规则2-拼接段,349_350
287.6947222222222,0.0011972817905235465,99.88027182094764,40.92508095996053,0.04899885420906265,,2,规则2-拼接段,351_352
287.8336111111111,0.1378609112907652,86.21390887092349,47.087207313782585,3.2457426552076254,,3,规则2-拼接段,353_354
290.84,0.1170207613973601,88.29792386026399,73.07358966404556,0.7773751909568066,,24,规则2-拼接段,355_356
293.8075,0.2194350217211147,78.05649782788852,40.58571557873847,8.90592737958746,,2,规则2-拼接段,357_358
293.9563888888889,0.09374277978680902,90.6257220213191,45.29504795408612,4.2460837057928495,,4,规则2-拼接段,359_360
295.0334722222222,0.05869909020967506,94.1300909790325,40.24132891607678,2.3621293962019965,,4,规则2-拼接段,361_362
296.0575,0.0017946488440568641,99.82053511559431,28.493463886623964,0.0511357620273057,,2,规则2-拼接段,363_364
296.21305555555557,0.10367553096978753,89.63244690302125,34.33262103749063,3.559452715646339,,4,规则2-拼接段,365_366
298.0263888888889,0.09050350652480112,90.9496493475199,28.667450750961496,5.189009632178117,,3,规则2-拼接段,367_368
298.1636111111111,0.0797965431852179,92.0203456814782,45.66582664898296,3.6439751082842426,,2,规则2-拼接段,369_370
298.31430555555556,0.04688712306713486,95.3112876932865,53.558701227013664,1.2556067078734483,,3,规则2-拼接段,371_372
299.4947222222222,0.07900022384609234,92.09997761539077,36.27898476449715,2.866047917304249,,2,规则2-拼接段,373_374
299.81305555555554,0.0938415594132594,90.61584405867406,23.776167757938367,4.462385318552392,,3,规则2-拼接段,375_376
309.935,0.038890410612467445,96.11095893875326,25.97749880813247,2.020551190666311,,3,规则2-拼接段,377_378
310.03805555555556,0.10173676202767913,89.82632379723209,39.557698228831796,4.0244721310694045,,2,规则2-拼接段,379_380
310.17833333333334,0.1887022940688551,81.12977059311449,37.650877256746654,7.104806912052976,,4,规则2-拼接段,381_382
311.8713888888889,0.10207738349851653,89.79226165014835,27.51313947592429,5.616938579064196,,3,规则2-拼接段,383_384
312.00305555555553,0.1141190040421592,88.58809959578407,42.30062997115918,4.827305762664595,,2,规则2-拼接段,385_386
312.18416666666667,0.126026062835764,87.3973937164236,40.33772202828825,5.083604290988637,,4,规则2-拼接段,387_388
313.60847222222225,0.27930097193456277,72.06990280654372,77.28865517934707,21.587810360382527,3.0,66,规则1-风速段,
313.71805555555557,0.15329870960923175,84.67012903907683,30.200188489990143,9.259299850942126,,3,规则2-拼接段,389_390
313.85277777777776,0.17960547993297274,82.03945200670273,45.96630498043138,8.255800266755774,,2,规则2-拼接段,391_392
313.94125,0.05935940029559535,94.06405997044048,50.90773110113688,1.5109261942864567,,3,规则2-拼接段,393_394
315.5251388888889,0.23673154559082796,76.32684544091721,18.49189381996329,8.755229209802778,,3,规则2-拼接段,395_396
315.59291666666667,0.1833866491373695,81.66133508626305,34.812579049778485,6.384162219768666,,2,规则2-拼接段,397_398
315.6934722222222,0.16936680148723107,83.0633198512769,36.232981076198556,6.13666411322312,,4,规则2-拼接段,399_400
316.6331944444444,0.2546100666930532,74.53899333069468,45.661353216962056,5.812920093932884,,3,规则2-拼接段,401_402
317.56444444444446,0.051679434127319145,94.83205658726808,58.6687382586785,1.5159835970861517,,3,规则2-拼接段,403_404
317.64694444444444,0.18164099194377112,81.83590080562288,34.99858038905696,6.357176858492122,,2,规则2-拼接段,405_406
319.3861111111111,0.03143469673815949,96.85653032618406,22.262680512372697,1.3996412209699376,,3,规则2-拼接段,407_408
319.4125,0.004254780321182234,99.57452196788178,34.51669839169761,0.14686096906917745,,2,规则2-拼接段,409_410
319.4845833333333,0.0857293135709811,91.42706864290189,30.143564376897807,2.5841870826141276,,4,规则2-拼接段,411_412
319.57930555555555,0.12069790983071071,87.93020901692893,51.51802990398155,3.1090592640033115,,3,规则2-拼接段,413_414
319.6304166666667,0.09399542667438758,90.60045733256125,44.09389273124708,4.144624261008246,,2,规则2-拼接段,415_416
321.21472222222224,0.09022624273404978,90.97737572659503,28.200483905484973,5.088847412147902,,3,规则2-拼接段,417_418
321.25902777777776,0.147334325387048,85.2665674612952,36.55802104587038,5.386251368278816,,2,规则2-拼接段,419_420
321.33875,0.1522040495863635,84.77959504136365,34.99503327812321,5.326385780339906,,4,规则2-拼接段,421_422
321.4266666666667,0.06673004431690849,93.32699556830914,45.11968968295975,1.5054194460545316,,3,规则2-拼接段,423_424
321.4897222222222,0.06213534103348084,93.78646589665192,20.434348153565043,2.539390382637287,,3,规则2-拼接段,425_426
323.45,0.006256929017230702,99.37430709827693,26.650726526359637,0.33350340826611924,,3,规则2-拼接段,427_428
323.5188888888889,0.15865054019440405,84.13494598055959,29.437143960523915,4.670218791117558,,2,规则2-拼接段,429_430
333.85125,0.0644059860273476,93.55940139726525,47.60823076195801,3.0662550452414075,,2,规则2-拼接段,431_432
333.91527777777776,0.0516321151080835,94.83678848919165,44.52691297877867,2.2990186963279173,,4,规则2-拼接段,433_434
334.73527777777775,0.05996905745486729,94.00309425451327,47.13550133817985,1.8844477252755212,,5,规则2-拼接段,435_436
335.5470833333333,0.22252702469513827,77.74729753048616,41.51738511566837,9.2387401829119,,2,规则2-拼接段,437_438
335.64916666666664,0.20831546175691565,79.16845382430844,37.65797851507215,7.844739183199264,,4,规则2-拼接段,439_440
335.7345833333333,0.07949288991759977,92.05071100824004,49.68642742550651,1.9748588528672997,,3,规则2-拼接段,441_442
335.80791666666664,0.1262416631593839,87.3758336840616,25.119973109432646,6.342374367707554,,3,规则2-拼接段,443_444
337.60875,0.11129121562865313,88.87087843713466,24.049353650206523,5.35296360562974,,3,规则2-拼接段,445_446
337.7077777777778,0.06897140463641929,93.10285953635807,31.181108070465783,2.1506048217400147,,2,规则2-拼接段,447_448
337.7759722222222,0.14138304945915273,85.86169505408473,38.22514122628893,5.404387032579506,,4,规则2-拼接段,449_450
337.88652777777776,0.19413036669279138,80.58696333072086,41.4047071079263,4.018955486834679,,3,规则2-拼接段,451_452
337.9975,0.08595794225036353,91.40420577496364,24.222327352304593,4.164202831437599,,3,规则2-拼接段,453_454
339.12666666666667,0.20426837240463952,79.57316275953605,33.56923170847078,6.857132323963543,,2,规则2-拼接段,455_456
340.50194444444446,0.12205998518878834,87.79400148112117,32.856824657153666,4.010503531002792,,4,规则2-拼接段,457_458
341.4976388888889,0.12631783939233873,87.36821606076613,39.35352699141999,4.971052502024258,,2,规则2-拼接段,459_460
341.5551388888889,0.10957211496126919,89.04278850387308,35.94363385269871,3.93841998063367,,4,规则2-拼接段,461_462
341.62097222222224,0.1854449114614317,81.45550885385683,45.57107781165556,4.22546224499224,,3,规则2-拼接段,463_464
342.84041666666667,0.12158217728713136,87.84178227128686,38.6488970490108,4.699017052964919,,4,规则2-拼接段,465_466
344.11027777777775,0.1259829280617316,87.40170719382684,36.58555868719086,4.609155808186626,,2,规则2-拼接段,467_468
344.2323611111111,0.10244034059105406,89.75596594089457,52.936824180244365,2.7114331494164894,,3,规则2-拼接段,469_470
345.5883333333333,0.08531307339880224,91.46869266011977,28.953071773781407,4.940151074714805,,3,规则2-拼接段,471_472
345.72305555555556,0.07109126195941437,92.89087380405856,39.810430071389625,2.8301737129221074,,2,规则2-拼接段,473_474
345.84819444444446,0.18646903537549853,81.35309646245015,51.65698231095888,4.816213830966847,,3,规则2-拼接段,475_476
347.4059722222222,0.11962851396398493,88.03714860360151,31.123513621930467,7.446519367858767,,3,规则2-拼接段,477_478
347.5158333333333,0.06593993322899463,93.40600667710054,49.89493001587568,3.290068353712203,,2,规则2-拼接段,479_480
347.67583333333334,0.09074988720012485,90.92501127998752,65.08666909447946,2.9533039392779314,,3,规则2-拼接段,481_482
357.90513888888887,0.15490878807546513,84.50912119245348,47.11159963885568,7.298000804351654,,2,规则2-拼接段,483_484
359.0048611111111,0.12401001873615458,87.59899812638454,47.14603835953918,5.846581100301917,,4,规则2-拼接段,485_486
359.6673611111111,0.18776448107241767,81.22355189275822,46.03016809461981,8.642830625962445,,2,规则2-拼接段,487_488
359.74361111111114,0.11373694580874724,88.62630541912527,44.67479801275448,5.081175080593385,,4,规则2-拼接段,489_490
359.83458333333334,0.08421537733893397,91.5784622661066,48.60297805362374,2.0465590682909247,,3,规则2-拼接段,491_492
359.8901388888889,0.17424566904247016,82.57543309575298,24.596439303213263,8.571646044901806,,3,规则2-拼接段,493_494
361.55305555555555,0.14190453221006977,85.80954677899302,26.668173736275183,7.5686694378859976,,3,规则2-拼接段,495_496
361.63,0.14759492660509588,85.2405073394904,32.85897794408588,4.849818437975819,,2,规则2-拼接段,497_498
361.71736111111113,0.21675868333257348,78.32413166674266,30.469355824725007,6.604497450559071,,4,规则2-拼接段,499_500
361.79083333333335,0.15220047160606323,84.77995283939367,41.086456329775224,3.1266890150068556,,3,规则2-拼接段,501_502
361.84694444444443,0.2402659654932749,75.97340345067252,31.922422017119725,7.669871546827046,,2,规则2-拼接段,503_504
363.50875,0.1956838127898479,80.43161872101521,21.70853693364447,8.496018554529567,,3,规则2-拼接段,505_506
363.55083333333334,0.106900174893294,89.30998251067061,38.571888569422434,4.1233416340359055,,2,规则2-拼接段,507_508
363.59027777777777,0.21817100785767773,78.18289921423222,33.19949191173639,7.243166610746348,,4,规则2-拼接段,509_510
390.8077777777778,0.20231770880621122,79.76822911937887,48.50942291907578,6.542876866999282,,5,规则2-拼接段,511_512
418.61944444444447,0.2614965633186398,73.85034366813602,41.607154899811086,10.880128015766903,,4,规则2-拼接段,513_514
419.2427777777778,0.27382406727570935,72.61759327242908,44.02783920348864,12.055882004060186,,2,规则2-拼接段,515_516
419.3041666666667,0.21335715156721774,78.66428484327824,37.2773240219023,7.953383671361296,,4,规则2-拼接段,517_518
419.3540277777778,0.21244195336667046,78.75580466333297,49.814145768202415,5.29130721614449,,3,规则2-拼接段,519_520
419.4401388888889,0.18656471765292917,81.34352823470708,27.403900256061096,10.225201827722145,,3,规则2-拼接段,521_522
429.63944444444445,0.15709039239428588,84.29096076057141,27.86698924856584,8.755272551809107,,3,规则2-拼接段,523_524
429.69166666666666,0.18539867355038023,81.46013264496197,33.58739030856828,6.227057611227456,,2,规则2-拼接段,525_526
429.77458333333334,0.28353531470893956,71.64646852910604,40.34353587278233,11.438817140160731,,4,规则2-拼接段,527_528
429.8901388888889,0.14563198601792882,85.43680139820712,45.86997699480477,3.3400679241750626,,3,规则2-拼接段,529_530
430.72819444444445,0.22001803791452926,77.99819620854707,30.921948056900387,6.803386339974214,,4,规则2-拼接段,531_532
431.63375,0.12999947641675544,87.00005235832445,34.847528400958275,4.530160446542591,,2,规则2-拼接段,533_534
432.80597222222224,0.21453432659970914,78.54656734002909,45.022435039025275,4.829428891488218,,3,规则2-拼接段,535_536
434.0161111111111,0.30247341091344004,69.752658908656,36.34342348717048,10.992919266436086,,4,规则2-拼接段,537_538
434.9122222222222,0.23837872175470978,76.16212782452902,41.02679392170299,9.779914692749456,,4,规则2-拼接段,539_540
435.7190277777778,0.27506082707612467,72.49391729238754,37.52868250583979,10.322670449133584,,2,规则2-拼接段,541_542
435.77416666666664,0.24335962486470678,75.66403751352932,41.55182808555725,10.112037295343999,,4,规则2-拼接段,543_544
435.86805555555554,0.1955376078224033,80.44623921775967,57.80122326811503,5.651156463527926,,3,规则2-拼接段,545_546
435.8952777777778,0.24543563586266046,75.45643641373397,24.037013366422656,11.799079319654425,,3,规则2-拼接段,547_548
437.8497222222222,0.22078131831671546,77.92186816832846,29.486937731882094,13.020329971135657,,3,规则2-拼接段,549_550
437.9063888888889,0.1494488653598711,85.05511346401289,43.7387358624686,6.536704446921035,,2,规则2-拼接段,551_552
438.0,0.2801737808574333,71.98262191425667,40.1107860028894,11.237990567592936,,4,规则2-拼接段,553_554
438.0933333333333,0.2252942732854389,77.47057267145611,56.731681986419126,6.390661532695461,,3,规则2-拼接段,555_556
440.02958333333333,0.3016354797309855,69.83645202690145,24.65143678715917,14.87149592270564,,3,规则2-拼接段,557_558
440.1045833333333,0.2461458303095309,75.3854169690469,45.31994545354756,11.155315603246114,,2,规则2-拼接段,559_560
440.94944444444445,0.25710044414134914,74.28995558586509,56.202485369004854,4.816561316739608,,4,规则2-拼接段,561_562
441.8377777777778,0.29805284857295306,70.1947151427047,40.10132388747176,11.952313816207564,,4,规则2-拼接段,563_564
442.7922222222222,0.3372603738914958,66.27396261085042,36.270972126459114,8.15517441385175,,5,规则2-拼接段,565_566
443.72263888888887,0.24294706495940405,75.7052935040596,39.42241428343817,9.577559843774992,,2,规则2-拼接段,567_568
443.80916666666667,0.382175189825191,61.7824810174809,30.578411901326408,11.6863103729423,,4,规则2-拼接段,569_570
443.93111111111114,0.3122579815242811,68.77420184757189,48.12737227767402,7.514078061747065,,3,规则2-拼接段,571_572
444.0265277777778,0.2573313500187619,74.26686499812381,37.03103009482903,9.529244966887754,,2,规则2-拼接段,573_574
453.57652777777776,0.34686786639534634,65.31321336046537,24.161346457498194,16.761589389902312,,3,规则2-拼接段,575_576
453.62652777777777,0.23482286528738416,76.51771347126159,38.39234776994647,9.015401108448543,,2,规则2-拼接段,577_578
453.69902777777776,0.25907750247264166,74.09224975273582,39.45291722905751,10.221363260964075,,4,规则2-拼接段,579_580
453.7763888888889,0.23004961152066952,76.99503884793305,56.06087539779065,6.4483913033852005,,3,规则2-拼接段,581_582
453.8301388888889,0.3179493418907595,68.20506581092405,25.033635742698166,15.918856019047753,,3,规则2-拼接段,583_584
456.20472222222224,0.28891964990410923,71.10803500958907,20.702268668781556,17.943876648015532,,4,规则2-拼接段,585_586
457.3466666666667,0.3035219438262173,69.64780561737827,28.362363147970086,8.608599594176951,,4,规则2-拼接段,587_588
457.4327777777778,0.30353325763953976,69.64667423604602,41.025138611469046,6.2262469839264325,,3,规则2-拼接段,589_590
457.50638888888886,0.28119687658153897,71.8803123418461,33.42636993410012,9.399390820928017,,2,规则2-拼接段,591_592
459.9429166666667,0.14434426834409875,85.56557316559012,26.27712428537721,7.585904558319444,,3,规则2-拼接段,593_594
460.03472222222223,0.15439416142037993,84.56058385796202,38.23450403675988,5.903184188079673,,2,规则2-拼接段,595_596
460.1118055555556,0.15963113900206843,84.03688609979316,40.465432881654074,3.229771570555096,,3,规则2-拼接段,597_598
461.8745833333333,0.25792565192905126,74.20743480709487,26.001317276584768,13.41281341915446,,3,规则2-拼接段,599_600
461.9186111111111,0.14408747604560798,85.5912523954392,41.540107740828574,5.985409279038612,,2,规则2-拼接段,601_602
462.0158333333333,0.27572967243785007,72.427032756215,35.390539925250025,9.758221980987845,,4,规则2-拼接段,603_604
462.79055555555556,0.2971347405316525,70.28652594683476,39.42461882096935,11.714423883928031,,4,规则2-拼接段,605_606
463.58472222222224,0.34960800370030953,65.03919962996905,40.62377191399266,14.202395801627677,,2,规则2-拼接段,607_608
463.71708333333333,0.23294278496615223,76.70572150338477,43.54206258030976,10.14280932062784,,4,规则2-拼接段,609_610
465.0563888888889,0.3239842056297207,67.60157943702794,73.0307758680242,22.80679901173596,4.0,77,规则1-风速段,
465.72277777777776,0.26412348424992943,73.58765157500706,25.835498552199713,13.647523789881992,,3,规则2-拼接段,611_612
467.77958333333333,0.22466079131512381,77.53392086848761,42.51150681204349,9.550668760391968,,4,规则2-拼接段,613_614
472.7558333333333,0.30438229150670876,69.56177084932914,46.43221899898642,9.422096812435218,,5,规则2-拼接段,615_616
477.72041666666667,0.2290663045883402,77.09336954116598,47.21826008881362,10.816112347635649,,2,规则2-拼接段,617_618
477.8620833333333,0.2546940713827788,74.53059286172213,39.59474531967146,10.084546890831348,,4,规则2-拼接段,619_620
478.93555555555554,0.3422292207733008,65.77707792266992,43.07813225092104,14.742595632601905,,4,规则2-拼接段,621_622
479.9688888888889,0.3565582317274745,64.34417682725255,38.61194018727248,13.767405116740886,,2,规则2-拼接段,623_624
480.0409722222222,0.3635067712740409,63.6493228725959,45.866773522518386,16.672882751928327,,4,规则2-拼接段,625_626
480.86583333333334,0.3348719759072937,66.51280240927063,49.59363778272332,16.607519476731174,,4,规则2-拼接段,627_628
481.6411111111111,0.4330739549232005,56.692604507679945,43.606464127684035,18.884823879992794,,2,规则2-拼接段,629_630
481.7990277777778,0.33264606689596965,66.73539331040304,49.474548959152585,16.457514122714198,,4,规则2-拼接段,631_632
483.7502777777778,0.27283998442403107,72.7160015575969,24.839762210835442,13.554560669401953,,3,规则2-拼接段,633_634
484.98541666666665,0.3876474081606989,61.23525918393011,15.400997584202655,17.910470389816034,,4,规则2-拼接段,635_636
486.72305555555556,0.3370363791623068,66.29636208376932,42.0412709718892,9.446291829164618,,5,规则2-拼接段,637_638
487.33208333333334,0.32172151348957695,67.8278486510423,40.96080040077981,13.177970698683351,,2,规则2-拼接段,639_640
487.395,0.3909137608290918,60.90862391709082,38.87788197326428,15.197899055238292,,4,规则2-拼接段,641_642
487.4891666666667,0.3688627019275221,63.113729807247786,44.69141095546948,8.242497298993866,,3,规则2-拼接段,643_644
487.5519444444444,0.2419032343665299,75.80967656334701,44.48575114287247,10.761247084685406,,2,规则2-拼接段,645_646
489.68194444444447,0.29736512713199736,70.26348728680027,25.602436372138616,15.226543493379745,,3,规则2-拼接段,647_648
489.785,0.31122849624747106,68.8771503752529,46.03954560265294,14.328818545830545,,2,规则2-拼接段,649_650
489.8906944444444,0.24416648153193532,75.58335184680647,38.277771055374835,9.346148679475828,,4,规则2-拼接段,651_652
490.00111111111113,0.2774713658543367,72.25286341456633,44.66962706108262,6.197271216421218,,3,规则2-拼接段,653_654
490.1075,0.31220528410158005,68.77947158984199,40.42626074277089,12.62129222036134,,2,规则2-拼接段,655_656
491.5654166666667,0.4223683625828285,57.76316374171714,28.61567156046023,24.1727086823992,,3,规则2-拼接段,657_658
491.6669444444444,0.2665134216884066,73.34865783115933,40.97908980847574,10.92147744253338,,2,规则2-拼接段,659_660
491.7709722222222,0.22624771916060396,77.37522808393959,61.50987870560175,6.9582348814939,,3,规则2-拼接段,661_662
501.83916666666664,0.33461960687341713,66.53803931265828,54.214908593894386,9.070685700183594,,3,规则2-拼接段,663_664
502.89402777777775,0.44966162978178753,55.033837021821256,36.07576876189697,16.22188897710549,,4,规则2-拼接段,665_666
503.95472222222224,0.2804745089353,71.95254910647,39.92685695911944,11.198465598938991,,2,规则2-拼接段,667_668
504.0072222222222,0.35895612131387516,64.10438786861248,46.01157253241269,16.516135611786897,,4,规则2-拼接段,669_670
504.07625,0.3171082992035109,68.28917007964891,52.47716970974381,8.32047301683543,,3,规则2-拼接段,671_672
504.75166666666667,0.42004143997543414,57.99585600245658,41.798384692534015,17.557053694899132,,4,规则2-拼接段,673_674
505.44958333333335,0.32582098751359595,67.4179012486404,44.742260586787005,14.577967527977584,,2,规则2-拼接段,675_676
505.56666666666666,0.3441451229893888,65.58548770106111,42.629460157951556,14.67072080902949,,4,规则2-拼接段,677_678
505.6902777777778,0.3412945463869952,65.87054536130049,46.68518685368196,7.966699835109748,,3,规则2-拼接段,679_680
505.75097222222223,0.3077540708854956,69.22459291145044,49.82420791828219,15.333602815496688,,2,规则2-拼接段,681_682
507.31944444444446,0.35346992185142434,64.65300781485756,22.990700202577187,16.25304200782897,,3,规则2-拼接段,683_684
507.44055555555553,0.220736345623903,77.9263654376097,33.56320392629719,7.408618982120675,,2,规则2-拼接段,685_686
508.6877777777778,0.2824403441551108,71.75596558448889,24.40945305177483,13.788428641162605,,6,规则2-拼接段,687_688
509.95402777777775,0.26587853312220616,73.41214668777938,37.163231312884214,4.940452713775447,,3,规则2-拼接段,689_690
510.7241666666667,0.34462020899100854,65.53797910089915,34.88027542625085,12.020447807058506,,4,规则2-拼接段,691_692
511.4938888888889,0.27513365082827235,72.48663491717276,39.17929022130279,10.779541155447468,,2,规则2-拼接段,693_694
511.6086111111111,0.2487298551153131,75.12701448846869,40.02667634038072,9.955829406890427,,4,规则2-拼接段,695_696
511.70222222222225,0.30603125927105795,69.3968740728942,49.924679806509545,7.639256314945237,,3,规则2-拼接段,697_698
511.82680555555555,0.39896835074617765,60.10316492538224,19.141975857431706,15.274085075725358,,3,规则2-拼接段,699_700
513.9281944444444,0.45250944479507615,54.749055520492384,26.228635735686492,23.737410788975577,,3,规则2-拼接段,701_702
514.0036111111111,0.27657728594512093,72.3422714054879,54.82617229231105,15.16367393136698,,2,规则2-拼接段,703_704
514.1229166666667,0.3068816972010891,69.3118302798911,49.89714525711467,15.312520621992624,,4,规则2-拼接段,705_706
514.8956944444444,0.3031782962549067,69.68217037450933,38.61010159510406,11.705744819832507,,4,规则2-拼接段,707_708
515.6488888888889,0.3129901106598322,68.70098893401678,30.95952858284965,9.69002627712235,,2,规则2-拼接段,709_710
545.6086111111111,0.22026726073172745,77.97327392682726,8.119368030610154,15.201663117289701,,19,规则2-拼接段,711_712
575.6056944444445,0.4828171308254128,51.71828691745872,38.40785413171497,18.543969933035598,,4,规则2-拼接段,713_714
578.0641666666667,0.346481117196173,65.3518882803827,27.891658497825503,19.327865993561428,,3,规则2-拼接段,715_716
578.1663888888888,0.5266817223165593,47.33182776834407,40.677528833530765,21.424110945625486,,2,规则2-拼接段,717_718
578.2908333333334,0.39021521698161943,60.97847830183806,40.73245902273348,15.894425335750867,,4,规则2-拼接段,719_720
579.3952777777778,0.3723889412521449,62.76110587478551,31.299274686341107,23.31100752481325,,3,规则2-拼接段,721_722
579.5488888888889,0.4968530633717335,50.31469366282665,44.33506944962811,22.02801507084628,,2,规则2-拼接段,723_724
579.6561111111112,0.4612580418422552,53.87419581577447,54.50633219712072,12.57074202862369,,3,规则2-拼接段,725_726
581.2334722222222,0.41279455124546754,58.72054487545324,25.449784596685067,21.01106482376485,,3,规则2-拼接段,727_728
581.2581944444445,0.3895287533892735,61.04712466107265,34.517264535700114,13.445467024999045,,2,规则2-拼接段,729_730
581.3231944444444,0.5892745440696481,41.072545593035194,32.22992631101098,18.99227513231935,,4,规则2-拼接段,731_732
581.3893055555556,0.4347586660557323,56.52413339442677,47.49738657103786,10.324950213378937,,3,规则2-拼接段,733_734
581.44,0.45731491553202963,54.268508446797036,39.31008341960734,17.97708747859477,,2,规则2-拼接段,735_736
583.9736111111112,0.43889860667670233,56.110139332329766,43.256412891574435,18.985179347944165,,2,规则2-拼接段,737_738
584.0165277777778,0.369715917268796,63.0284082731204,30.29728889985711,22.402779912736765,,3,规则2-拼接段,739_740
585.33375,0.5084659649751089,49.15340350248911,20.563884508224263,20.912070760221884,,3,规则2-拼接段,741_742
585.37125,0.37581699801876883,62.41830019812311,39.76718914405674,14.94518564376398,,2,规则2-拼接段,743_744
585.4356944444445,0.43318844668807716,56.681155331192286,29.95218616023974,12.974940997666375,,4,规则2-拼接段,745_746
585.5059722222222,0.4977090541263706,50.229094587362944,45.54346577675253,11.333697636692115,,3,规则2-拼接段,747_748
586.6173611111111,0.45780475506116164,54.21952449388383,36.40592587274567,16.66680597694714,,4,规则2-拼接段,749_750
587.7173611111111,0.4465020857017835,55.34979142982165,39.52172557666992,17.646532900516643,,2,规则2-拼接段,751_752
587.8397222222222,0.4126880151041547,58.73119848958452,38.10931712015041,15.727258439289653,,4,规则2-拼接段,753_754
597.7276388888889,0.5457529581850312,45.42470418149688,31.693045625389683,34.59314680789916,,3,规则2-拼接段,755_756
597.82125,0.586650650406991,41.334934959300895,41.22003204111253,24.18175860671568,,2,规则2-拼接段,757_758
597.9608333333333,0.5408730145423088,45.91269854576912,43.83688263569147,23.710186859303835,,4,规则2-拼接段,759_760
598.1141666666666,0.4704354668976268,52.956453310237315,60.67225354774653,14.271189962732668,,3,规则2-拼接段,761_762
600.4348611111111,0.6204028125289844,37.959718747101554,38.359500536419176,23.798342020001545,,4,规则2-拼接段,763_764
601.7740277777777,0.40106572210344227,59.893427789655775,48.82671928842382,19.58272342935377,,2,规则2-拼接段,765_766
601.9316666666666,0.4965863728635752,50.34136271364248,45.948443763711055,22.817371027347235,,4,规则2-拼接段,767_768
602.8134722222222,0.43412903633454886,56.58709636654511,45.277779620676895,19.656398834092535,,4,规则2-拼接段,769_770
603.6338888888889,0.667178364407822,33.28216355921781,31.44295308869792,20.97805801386935,,2,规则2-拼接段,771_772
603.7818055555556,0.4640194447099041,53.59805552900959,41.0438544170657,19.04514653536097,,4,规则2-拼接段,773_774
604.55875,0.5313006839002199,46.86993160997801,44.60591616854935,15.799435844230766,,5,规则2-拼接段,775_776
605.3575,0.4272259129074219,57.27740870925781,38.4754932085349,16.437727710579633,,2,规则2-拼接段,777_778
605.4248611111111,0.4838164296893727,51.618357031062736,64.32596470595053,15.560979290178791,,3,规则2-拼接段,779_780
607.3334722222222,0.4791867980937837,52.081320190621625,24.153951586354108,23.148509443954584,,3,规则2-拼接段,781_782
607.4343055555555,0.722514709436396,27.748529056360404,37.28377602962347,26.938076604735066,,2,规则2-拼接段,783_784
607.5843055555556,0.39803675052373705,60.1963249476263,43.73699015454552,17.40892943880398,,4,规则2-拼接段,785_786
608.5425,0.33896824729485997,66.103175270514,57.10202788364459,6.451924769567076,,4,规则2-拼接段,787_788
609.4177777777778,0.3786320798540528,62.13679201459472,42.93346553996702,16.255987352740014,,2,规则2-拼接段,789_790
611.4543055555556,0.6495839387876113,35.041606121238864,28.233303737419423,36.67980129347979,,3,规则2-拼接段,791_792
611.5213888888889,0.4282136364066116,57.17863635933884,41.94320088163801,17.960650572059212,,2,规则2-拼接段,793_794
611.5861111111111,0.48708532750968503,51.2914672490315,44.896372807818224,21.868364453093058,,4,规则2-拼接段,795_796
611.66125,0.5003224335807314,49.96775664192686,52.2781676798809,13.077970038369775,,3,规则2-拼接段,797_798
616.68625,0.5757476850933436,42.42523149066564,41.15250032869522,23.693456800049333,,4,规则2-拼接段,799_800
621.6706944444444,0.5260543203442224,47.394567965577764,41.16697898755628,21.6560671519238,,2,规则2-拼接段,801_802
621.7302777777778,0.435757648931767,56.4242351068233,48.48574448169073,21.12803402204795,,4,规则2-拼接段,803_804
621.8086111111111,0.4402680890068506,55.97319109931493,65.50912005964328,14.420787550589743,,3,规则2-拼接段,805_806
622.5552777777777,0.42227787966878666,57.77221203312133,47.42599358555519,20.026948012493722,,4,规则2-拼接段,807_808
623.0580555555556,0.48700971279484656,51.299028720515345,74.8491771648303,34.820067982409945,5.0,58,规则1-风速段,
623.3151388888889,0.5286426110338218,47.135738896617816,48.36816330230389,25.569472139040208,,2,规则2-拼接段,809_810
623.3934722222223,0.5015625451989247,49.84374548010753,43.00260146176096,21.568494239335827,,4,规则2-拼接段,811_812
624.4356944444445,0.16606822045712943,83.39317795428705,5.958859258702765,14.843657295708864,,16,规则2-拼接段,813_814
625.445,0.4143191738987286,58.568082610127135,28.161008793902266,23.335291799288836,,3,规则2-拼接段,815_816
627.2368055555555,0.556666437663995,44.33335623360049,24.39038449475248,27.154616899898006,,3,规则2-拼接段,817_818
627.3683333333333,0.4926585243733387,50.73414756266613,40.1575377445425,19.78395328769296,,2,规则2-拼接段,819_820
627.4911111111111,0.3899367862417502,61.006321375824974,63.58566145780069,12.397194239955361,,3,规则2-拼接段,821_822
629.66625,0.43502706563339216,56.497293436660776,27.35970309688663,23.804422709678846,,3,规则2-拼接段,823_824
629.7501388888888,0.7126319235028982,28.736807649710183,32.2477088902204,22.980746814999275,,2,规则2-拼接段,825_826
629.8133333333334,0.48177742116260913,51.822257883739084,42.505616929682006,20.478246509307937,,4,规则2-拼接段,827_828
629.9023611111111,0.8421636872255402,15.783631277445975,40.67301491632454,17.126668106255636,,3,规则2-拼接段,829_830
629.9666666666667,0.6149325579222998,38.50674420777002,21.034878022915116,25.870062696429525,,3,规则2-拼接段,831_832
631.8684722222222,0.6394769794139348,36.05230205860652,24.77274237229952,31.68319692807538,,3,规则2-拼接段,833_834
632.0094444444444,0.6633385454854558,33.66614545145442,43.17043299280084,28.636612229421843,,2,规则2-拼接段,835_836
632.1579166666667,0.530465589413187,46.9534410586813,54.83929764227795,14.545180173408085,,3,规则2-拼接段,837_838
633.6786111111111,0.4830896415419604,51.69103584580397,46.54412686598994,22.484985563574607,,2,规则2-拼接段,839_840
633.9054166666666,0.50434943045991,49.565056954009,32.137836271412176,16.20869941970057,,2,规则2-拼接段,841_842
635.4213888888889,0.4464236960687629,55.35763039312371,28.00909057750839,25.00784347827211,,3,规则2-拼接段,843_844
635.51625,0.4797690671188601,52.023093288113984,34.179353613688555,16.398196597964997,,2,规则2-拼接段,845_846
635.6733333333333,0.5556312311762005,44.43687688237995,35.63170205121594,19.79808647962066,,4,规则2-拼接段,847_848
645.5681944444444,0.5092905259238791,49.07094740761209,28.046541720950913,28.567675966818218,,3,规则2-拼接段,849_850
645.6125,0.5373393077702635,46.26606922297365,44.1681689542183,23.733293331339706,,2,规则2-拼接段,851_852
645.6698611111111,0.4343057455052129,56.569425449478715,42.64189437636243,18.51961972688063,,4,规则2-拼接段,853_854
645.7436111111111,0.4363985647322439,56.36014352677561,49.573442121976484,10.81688949543375,,3,规则2-拼接段,855_856
646.7426388888889,0.5691764153918172,43.082358460818284,46.131230854189944,26.256808615200228,,4,规则2-拼接段,857_858
647.7393055555556,0.570520694614188,42.947930538581204,42.55433496294454,24.27812874190394,,2,规则2-拼接段,859_860
647.7816666666666,0.5274794408153836,47.25205591846164,46.863906723687265,24.71974731303485,,4,规则2-拼接段,861_862
647.8359722222223,0.5602358336156912,43.976416638430884,56.95398358258145,15.953831235060953,,3,规则2-拼接段,863_864
647.9218055555556,0.4873296508786489,51.26703491213511,34.977807128410255,34.091445072777766,,3,规则2-拼接段,865_866
650.2694444444444,0.4719488627028425,52.80511372971575,42.19649127406244,19.914586066844183,,2,规则2-拼接段,867_868
650.2901388888889,0.4511367575504134,54.886324244958665,42.129641234935065,19.0062297434908,,2,规则2-拼接段,869_870
651.7041666666667,0.4647776516216114,53.52223483783886,25.82703590050696,24.00765818836935,,3,规则2-拼接段,871_872
651.7452777777778,0.43314174933032445,56.68582506696755,36.82964151052068,15.95245535107566,,2,规则2-拼接段,873_874
651.8405555555555,0.6351362476323483,36.48637523676517,29.58849646892704,18.79272662035731,,4,规则2-拼接段,875_876
651.9186111111111,0.4160012387310316,58.399876126896835,49.7104401351046,10.33980233703415,,3,规则2-拼接段,877_878
652.0055555555556,0.6630029276491808,33.699707235081924,27.114061306448143,17.97670202663449,,2,规则2-拼接段,879_880
653.7505555555556,0.6459742270751003,35.402577292489966,28.34041778875722,36.61435895215574,,3,规则2-拼接段,881_882
653.8004166666667,0.522317491472144,47.7682508527856,44.73711324695345,23.36697676685395,,2,规则2-拼接段,883_884
653.8702777777778,0.5672326252520563,43.276737474794366,45.330595024832135,25.712992420173336,,4,规则2-拼接段,885_886
653.9416666666667,0.6598797618161089,34.01202381838912,55.277217254054754,18.238158477731478,,3,规则2-拼接段,887_888
654.6781944444444,0.44357754349639134,55.64224565036086,36.077364837726705,16.003108870541897,,4,规则2-拼接段,889_890
655.3616666666667,0.4487577614548292,55.124223854517076,39.47265992255091,17.7136625055117,,2,规则2-拼接段,891_892
655.4169444444444,0.5585533011203183,44.14466988796817,35.17588271308528,19.647605409214922,,4,规则2-拼接段,893_894
657.5313888888888,0.6098349207561985,39.01650792438015,40.47956692488624,24.685853487883236,,4,规则2-拼接段,895_896
659.5379166666667,0.4091914667753496,59.08085332246505,24.37892400154217,19.95129534119163,,3,规则2-拼接段,897_898
659.6133333333333,0.645896214625461,35.4103785374539,33.90351192072657,21.898150012106484,,2,规则2-拼接段,899_900
659.7761111111112,0.5695477586069759,43.045224139302405,29.68687147834494,16.908091110544724,,4,规则2-拼接段,901_902
659.9133333333333,0.39902478663528457,60.09752133647154,52.26137514463627,10.426792033177527,,3,规则2-拼接段,903_904
669.5744444444445,0.7157879828404233,28.421201715957668,25.102186145383246,35.93568637177739,,3,规则2-拼接段,905_906
669.6633333333333,0.6292359209033388,37.07640790966612,43.762601284121814,27.53700072014003,,2,规则2-拼接段,907_908
669.7777777777778,0.57840335681772,42.159664318227996,43.048671483771244,24.89949609275655,,4,规则2-拼接段,909_910
670.6315277777778,0.4551350614293803,54.486493857061966,42.73112820173013,19.44843465904117,,4,规则2-拼接段,911_912
671.4676388888889,0.5308355528197086,46.91644471802914,31.178682533849056,16.55075317904596,,2,规则2-拼接段,913_914
671.5286111111111,0.5894050628233998,41.059493717660025,31.078942800752294,18.318086233962255,,4,规则2-拼接段,915_916
671.6355555555556,0.7072506288120204,29.27493711879796,41.98607745734194,14.847339841527642,,3,规则2-拼接段,917_918
698.8795833333334,0.7364820477050916,26.35179522949083,45.74230698943327,16.844193959166372,,3,规则2-拼接段,919_920
726.1018055555555,0.6232454595424495,37.67545404575505,32.46453995464493,20.23337712286689,,4,规则2-拼接段,921_922
726.1865277777778,0.6099601458422246,39.00398541577754,48.93735667172583,14.924918606309424,,3,规则2-拼接段,923_924
726.2405555555556,0.5896831539544917,41.03168460455083,22.744167892881183,26.823705314289324,,3,规则2-拼接段,925_926
728.0644444444445,0.6487532189304811,35.12467810695189,23.718995803032673,30.77554975403204,,3,规则2-拼接段,927_928
728.1375,0.7144279935037282,28.55720064962718,37.37487456402684,26.701656642231224,,2,规则2-拼接段,929_930
728.2258333333333,0.5410121253397383,45.89878746602617,39.35460735729171,21.29131976827929,,4,规则2-拼接段,931_932
728.3516666666667,0.6160909818296303,38.39090181703697,52.113510279546354,16.053331857357122,,3,规则2-拼接段,933_934
728.4554166666667,0.579960200216374,42.00397997836261,27.429332894492415,31.81584279458279,,3,规则2-拼接段,935_936
729.73875,0.5480174426931348,45.19825573068652,32.393377962182974,35.50427230205532,,3,规则2-拼接段,937_938
729.8844444444444,0.7822662208965581,21.773377910344195,38.714076047233974,30.28471396497168,,2,规则2-拼接段,939_940
730.015,0.6867388156999813,31.32611843000187,38.30124056525548,26.302948585623632,,4,规则2-拼接段,941_942
732.0586111111111,0.5568850848941341,44.311491510586585,27.38259523485192,30.497917743964447,,3,规则2-拼接段,943_944
732.1481944444445,0.7140863843110746,28.591361568892538,32.56470695984074,23.254013849102364,,2,规则2-拼接段,945_946
741.5781944444444,0.6309508246765159,36.90491753234841,30.072666579468656,37.948747557075286,,3,规则2-拼接段,947_948
741.6533333333333,0.7362352361987972,26.376476380120284,43.813425904440294,32.2569879694341,,2,规则2-拼接段,949_950
741.7686111111111,0.6863369647822333,31.366303521776672,42.74048002779277,29.334371335610953,,4,规则2-拼接段,951_952
741.865,0.6398919216728486,36.010807832715145,59.643238687138556,19.082613309152737,,3,规则2-拼接段,953_954
742.6768055555556,0.5841240025533865,41.587599744661354,37.71933601520416,22.03276952685716,,4,规则2-拼接段,955_956
743.4413888888889,0.8486732734750355,15.13267265249645,34.52783124027877,29.30284756468098,,2,规则2-拼接段,957_958
743.4933333333333,0.6416932592052201,35.83067407947799,37.54713873156571,24.093745826488956,,4,规则2-拼接段,959_960
743.5531944444444,0.8614319792491753,13.856802075082475,41.622583411417345,17.927512204780566,,3,规则2-拼接段,961_962
743.605,0.8802641457110626,11.97358542889375,20.849166829001227,36.705548055036374,,3,规则2-拼接段,963_964
745.9451388888889,0.686520438716607,31.347956128339305,31.82955205394676,43.703276080457215,,3,规则2-拼接段,965_966
746.0402777777778,0.7382241438151256,26.17758561848744,43.153042340016235,31.856617734476348,,2,规则2-拼接段,967_968
746.1918055555556,0.577794641692538,42.2205358307462,50.832448106974674,29.370716140323964,,4,规则2-拼接段,969_970
747.5120833333333,0.8426667764951091,15.733322350489075,17.732088288652044,29.884483357450193,,3,规则2-拼接段,971_972
749.4606944444445,0.4902685326520997,50.973146734790035,38.05340554970478,18.656387301269028,,2,规则2-拼接段,973_974
749.5605555555555,0.608654256525164,39.1345743474836,38.64544714455103,23.52171589984923,,4,规则2-拼接段,975_976
749.7101388888889,0.6502040787457465,34.97959212542535,41.27478337165345,13.418516248798094,,3,规则2-拼接段,977_978
751.8736111111111,0.585640536353971,41.435946364602906,36.97603072617162,43.309324933432116,,3,规则2-拼接段,979_980
751.9226388888889,0.6709043709913352,32.90956290086648,50.921457722164,34.1634285630503,,2,规则2-拼接段,981_982
751.9623611111111,0.6281048906196935,37.189510938030644,46.554071882507344,29.240840227663625,,4,规则2-拼接段,983_984
752.025,0.5779404308783707,42.20595691216293,66.77981644034264,19.297377943755063,,3,规则2-拼接段,985_986
752.0895833333333,0.5630026506929275,43.699734930707244,33.95915322002187,38.23818655631916,,3,规则2-拼接段,987_988
753.56375,0.6986816121599343,30.13183878400658,26.15416388457203,36.54686677513582,,3,规则2-拼接段,989_990
753.6444444444444,0.579005721535921,42.0994278464079,38.85770742534373,22.498834925042864,,2,规则2-拼接段,991_992
753.8052777777777,0.6551063471486459,34.489365285135406,42.694274762723296,27.96929038396828,,4,规则2-拼接段,993_994
755.3145833333333,0.6397714208973916,36.02285791026084,32.219764469657456,41.226568991464084,,3,规则2-拼接段,995_996
755.3598611111111,0.7347983322063939,26.52016677936061,42.8000123134619,31.449377666344926,,2,规则2-拼接段,997_998
760.8011111111111,0.7461044596397436,25.38955403602563,62.27188198195163,23.230664428446957,,3,规则2-拼接段,999_1000
766.29,0.7965323095518312,20.34676904481688,40.242059026537746,32.054100217529225,,4,规则2-拼接段,1001_1002
767.1916666666667,0.6830614587240466,31.693854127595344,42.28587405944958,28.88385081846895,,4,规则2-拼接段,1003_1004
767.9540277777778,0.7802815574881541,21.971844251184592,34.499831098643654,26.919581942727923,,2,规则2-拼接段,1005_1006
768.0154166666666,0.7032050768502716,29.679492314972844,36.613420831725286,25.746743409724715,,4,规则2-拼接段,1007_1008
768.0911111111111,0.6189291759083422,38.107082409165784,60.0971419990619,18.597937285963,,3,规则2-拼接段,1009_1010
768.1301388888888,0.7265092872542431,27.349071274575685,37.07032025942562,26.931931949961836,,2,规则2-拼接段,1011_1012
769.7563888888889,0.7091203599905632,29.087964000943675,23.111302289672008,32.777389999005884,,3,规则2-拼接段,1013_1014
769.8915277777778,0.6493100815805578,35.06899184194422,38.95069105706565,25.2910763878824,,2,规则2-拼接段,1015_1016
770.0369444444444,0.7582796950313808,24.172030496861918,38.1732958898162,28.946035165672495,,4,规则2-拼接段,1017_1018
771.5027777777777,0.86388291586001,13.611708413999002,20.443920052870407,35.322306533765236,,3,规则2-拼接段,1019_1020
771.58125,0.5570797609324901,44.29202390675099,36.35130784367732,20.250577883139112,,2,规则2-拼接段,1021_1022
771.6656944444444,0.6620401284061546,33.795987159384545,33.4803294984178,22.165321640212888,,4,规则2-拼接段,1023_1024
772.2256944444445,0.5142420000810329,48.5757999918967,77.44009588007752,39.32746854832834,6.0,75,规则1-风速段,
772.8445833333334,0.8687490440699371,13.125095593006286,63.35011131973661,18.345116216915095,,4,规则2-拼接段,1025_1026
773.9918055555555,0.7411884131906206,25.881158680937943,30.057723526477016,44.556872809423766,,3,规则2-拼接段,1027_1028
775.6766666666666,0.6218022675133595,37.81977324866405,31.53693562071236,39.21947615876357,,3,规则2-拼接段,1029_1030
775.7425,0.7179182783048226,28.20817216951774,44.755183184279076,32.13056405687458,,2,规则2-拼接段,1031_1032
775.7954166666667,0.6637983894134049,33.62016105865951,46.12903758220938,30.620380852261007,,4,规则2-拼接段,1033_1034
775.8540277777778,0.7361839374147022,26.381606258529775,63.017156043054705,23.196109030226353,,3,规则2-拼接段,1035_1036
775.9175,0.6580633947680191,34.19366052319809,48.84306823868801,32.141835296037044,,2,规则2-拼接段,1037_1038
777.2761111111112,0.5985727333585051,40.142726664149485,34.663168859477565,41.496855462169805,,3,规则2-拼接段,1039_1040
777.3477777777778,0.6840426385991487,31.59573614008513,43.67742578409843,29.87722158057318,,2,规则2-拼接段,1041_1042
777.4365277777778,0.6897590366449846,31.02409633550154,47.92537581119139,33.056961050376216,,4,规则2-拼接段,1043_1044
778.7763888888888,0.7151846828063783,28.481531719362174,33.488256684820996,23.950288234872282,,4,规则2-拼接段,1045_1046
780.11125,0.6597512182212918,34.02487817787082,29.9781553321525,19.778124500414727,,2,规则2-拼接段,1047_1048
780.205,0.8979042557393587,10.209574426064128,28.638548788391365,25.714674835295863,,4,规则2-拼接段,1049_1050
785.2822222222222,0.7443607250798597,25.563927492014027,37.61532100247129,27.999367615511204,,4,规则2-拼接段,1051_1052
790.79375,0.7033228019871648,29.66771980128352,42.94088925125783,20.134204365343454,,5,规则2-拼接段,1053_1054
791.3161111111111,0.6738050246188825,32.61949753811175,36.67313610952209,24.71054337912816,,2,规则2-拼接段,1055_1056
791.4231944444444,0.8661005869875643,13.389941301243569,29.3866321424902,25.451779348198386,,4,规则2-拼接段,1057_1058
793.7947222222223,0.8643898147468576,13.561018525314239,21.937835920589738,37.925683854691044,,3,规则2-拼接段,1059_1060
793.85,0.6623087344594297,33.769126554057024,33.76760897698579,22.364582367268337,,2,规则2-拼接段,1061_1062
793.9455555555555,0.6639327664637421,33.60672335362579,39.88745832530835,26.482590553129196,,4,规则2-拼接段,1063_1064
794.0234722222223,0.8192844113141042,18.071558868589577,54.60214682916035,22.36734386070746,,3,规则2-拼接段,1065_1066
794.0963888888889,0.6434399210830022,35.65600789169978,40.191252106145875,25.860656083405548,,2,规则2-拼接段,1067_1068
795.6386111111111,0.8640977981176844,13.590220188231575,23.501742448136653,40.615607802727595,,3,规则2-拼接段,1069_1070
795.6926388888888,0.8234071664750083,17.659283352499166,33.656083261473114,27.712660152976532,,2,规则2-拼接段,1071_1072
795.8136111111111,0.8048959667079482,19.510403329205182,40.73813880509046,32.78996361540586,,4,规则2-拼接段,1073_1074
795.9173611111111,0.8566556082095631,14.33443917904369,53.58566141113939,22.952228683735665,,3,规则2-拼接段,1075_1076
796.6551388888889,0.7415748409398,25.842515906020004,34.92170170104395,25.89705538429881,,2,规则2-拼接段,1077_1078
798.4673611111111,0.7901943564594005,20.98056435405995,36.980281508105804,19.481073165323423,,5,规则2-拼接段,1079_1080
799.6027777777778,0.6412640616870277,35.873593831297235,35.303657691112235,22.638966923411104,,2,规则2-拼接段,1081_1082
799.7044444444444,0.7355703604635471,26.442963953645293,31.031455732544263,22.82581907889619,,4,规则2-拼接段,1083_1084
800.7630555555555,0.9037888742597425,9.621112574025748,41.92540526811139,37.89171483014987,,4,规则2-拼接段,1085_1086
801.8091666666667,0.6761684526946571,32.383154730534294,50.17671260171001,33.92791012120276,,2,规则2-拼接段,1087_1088
801.9306944444445,0.6945961579079754,30.540384209202465,47.08492562534725,32.705008434748976,,4,规则2-拼接段,1089_1090
803.5806944444445,0.6931831451360925,30.681685486390744,27.871458845248416,38.64005100376093,,3,规则2-拼接段,1091_1092
803.7229166666667,0.7183012902366596,28.169870976334042,41.76963938648044,30.003185864028893,,2,规则2-拼接段,1093_1094
803.8238888888889,0.8313451954070797,16.865480459292026,47.35092833227467,19.682483383550757,,3,规则2-拼接段,1095_1096
813.5880555555556,0.804393922677205,19.5606077322795,23.85073474628211,38.370772162590754,,3,规则2-拼接段,1097_1098
813.6691666666667,0.7803603763410233,21.96396236589767,33.69933091286886,26.297622553607024,,2,规则2-拼接段,1099_1100
813.79375,0.820627212593821,17.937278740617902,34.21247193967046,28.075685483796082,,4,规则2-拼接段,1101_1102
814.8834722222222,0.764878608676673,23.512139132332702,58.41929323210198,22.34183386362237,,3,规则2-拼接段,1103_1104
817.0004166666666,0.6697435716961514,33.02564283038486,49.09104542015302,32.87841209799128,,4,规则2-拼接段,1105_1106
818.1583333333333,0.7843204145982471,21.56795854017529,43.12393672537501,33.8229839315547,,2,规则2-拼接段,1107_1108
818.2461111111111,0.6434214696596796,35.65785303403204,51.080353971096244,32.8661964228194,,4,规则2-拼接段,1109_1110
818.9293055555555,0.8103342436143806,18.966575638561956,50.07455487272317,27.051417698076612,,5,规则2-拼接段,1111_1112
819.5663888888889,0.7181908405098608,28.18091594901392,38.348223385256425,27.541342785117212,,2,规则2-拼接段,1113_1114
819.62375,0.9028395752880818,9.716042471191821,37.91445153369722,34.23066731996376,,4,规则2-拼接段,1115_1116
819.7309722222222,0.7617201316194248,23.827986838057512,53.43939984415431,20.35293334147615,,3,规则2-拼接段,1117_1118
819.7795833333333,0.6452852702819013,35.47147297180987,32.36908927770623,41.77459304668732,,3,规则2-拼接段,1119_1120
821.4444444444445,0.7049446802056133,29.505531979438672,26.003284550891312,36.66175422404728,,3,规则2-拼接段,1121_1122
821.5030555555555,,,58.890202635660295,0.0,,1,规则2-拼接段,1123_only
821.6302777777778,0.8251628487364633,17.483715126353673,34.87842208534052,28.78037812737236,,4,规则2-拼接段,1125_1126
853.7063888888889,0.9767661740566346,2.3233825943365427,40.233832497406354,19.649523318063547,,3,规则2-拼接段,1127_1128
883.0681944444444,0.5207028547577164,47.92971452422836,85.50397593160154,46.58859342430752,7.0,7,规则1-风速段,
885.7680555555555,0.8668525647909556,13.314743520904424,59.138916605027596,25.632360769013307,,3,规则2-拼接段,1129_1130
886.6831944444444,0.8717234184467167,12.827658155328326,45.87045763100461,39.98635213181463,,4,规则2-拼接段,1131_1132
887.5281944444445,0.928651600934193,7.134839906580703,41.12409663964113,38.189958181375204,,2,规则2-拼接段,1133_1134
887.5831944444444,0.8467473031288992,15.325269687110076,47.69051197855879,40.38181240268112,,4,规则2-拼接段,1135_1136
887.6544444444445,0.8650360076102102,13.496399238978986,56.13775343113201,24.280589052136406,,3,规则2-拼接段,1137_1138
887.7175,0.8801232163612834,11.987678363871657,38.97383042609223,34.30177298853154,,2,规则2-拼接段,1139_1140
889.1620833333334,0.8846304762140359,11.53695237859641,20.851339289918617,36.891460411482285,,3,规则2-拼接段,1141_1142
889.2011111111111,,,59.0045001669406,0.0,,1,规则2-拼接段,1143_only
889.2765277777778,0.9022055233497698,9.779447665023023,30.021806367422677,27.085839525626028,,4,规则2-拼接段,1145_1146
889.3826388888889,0.7571881838462043,24.281181615379566,45.37026512630695,17.17691432580457,,3,规则2-拼接段,1147_1148
889.4358333333333,0.6845695808673229,31.54304191326771,25.890082083501042,35.44712528104579,,3,规则2-拼接段,1149_1150
891.4261111111111,0.8476338365441555,15.236616345584443,29.3960054514117,49.834097759706026,,3,规则2-拼接段,1151_1152
